,rpm,cm,V,mA,,,,,,,,,,,,,
time,rpm,waveheight,voltage,current,power,,,,,,,,,,,,
2026-08-14T19:00:00+05:30,0,93.20,1.466,9.60,0.0140736,,,,,,,,,,,,
2026-08-14T19:00:01+05:30,0,89.79,1.370,8.97,0.0122889,,,,,,,,,,,,
2026-08-14T19:00:02+05:30,0,104.32,0.000,0.00,0,,,,,,,,,,,,
2026-08-14T19:00:03+05:30,0.7,83.03,4.494,29.42,0.13221348,,,,,,,,,,,,
2026-08-14T19:00:04+05:30,0,84.36,3.316,21.71,0.07199036,,,,,,,,,,,,
2026-08-14T19:00:05+05:30,1,77.60,0.000,0.00,0,,,,,,,,,,,,
2026-08-14T19:00:06+05:30,0,74.65,2.010,13.16,0.0264516,,,,,,,,,,,,
2026-08-14T19:00:07+05:30,0,80.46,1.824,11.94,0.02177856,,,,,,,,,,,,
2026-08-14T19:00:08+05:30,1.9,64.96,1.673,10.95,0.01831935,,,,,,,,,,,,
2026-08-14T19:00:09+05:30,3.8,69.14,1.545,10.11,0.01561995,,,,,,,,,,,,
2026-08-14T19:00:10+05:30,4.4,91.61,7.405,48.47,0.35892035,,,,,,,,,,,,
2026-08-14T19:00:11+05:30,0,103.92,4.376,28.64,0.12532864,,,,,,,,,,,,
2026-08-14T19:00:12+05:30,0,99.67,3.332,21.81,0.07267092,,,,,,,,,,,,
2026-08-14T19:00:13+05:30,0,89.59,2.794,18.29,0.05110226,,,,,,,,,,,,
2026-08-14T19:00:14+05:30,0.3,93.37,2.388,15.63,0.03732444,,,,,,,,,,,,
2026-08-14T19:00:15+05:30,1.4,92.19,2.119,13.87,0.02939053,,,,,,,,,,,,
2026-08-14T19:00:16+05:30,0.1,70.43,1.915,12.54,0.0240141,,,,,,,,,,,,
2026-08-14T19:00:17+05:30,0,71.31,1.750,11.46,0.020055,,,,,,,,,,,,
2026-08-14T19:00:18+05:30,0,72.20,1.574,10.30,0.0162122,,,,,,,,,,,,
2026-08-14T19:00:19+05:30,3.9,74.39,1.446,9.47,0.01369362,,,,,,,,,,,,
2026-08-14T19:00:20+05:30,0,88.86,1.367,8.95,0.01223465,,,,,,,,,,,,
2026-08-14T19:00:21+05:30,0,91.03,1.289,8.44,0.01087916,,,,,,,,,,,,
2026-08-14T19:00:22+05:30,0.1,72.90,1.222,8.00,0.009776,,,,,,,,,,,,
2026-08-14T19:00:23+05:30,4.4,85.11,1.163,7.61,0.00885043,,,,,,,,,,,,
2026-08-14T19:00:24+05:30,0,97.73,1.111,7.27,0.00807697,,,,,,,,,,,,
2026-08-14T19:00:25+05:30,0,95.73,1.065,6.97,0.00742305,,,,,,,,,,,,
2026-08-14T19:00:26+05:30,0,91.25,1.025,6.71,0.00687775,,,,,,,,,,,,
2026-08-14T19:00:27+05:30,0,85.76,0.990,6.48,0.0064152,,,,,,,,,,,,
2026-08-14T19:00:28+05:30,0,90.67,0.961,6.29,0.00604469,,,,,,,,,,,,
2026-08-14T19:00:29+05:30,0,77.43,0.937,6.13,0.00574381,,,,,,,,,,,,
2026-08-14T19:00:30+05:30,0,68.47,0.917,6.00,0.005502,,,,,,,,,,,,
2026-08-14T19:00:31+05:30,0,65.39,0.904,5.92,0.00535168,,,,,,,,,,,,
2026-08-14T19:00:32+05:30,0.4,75.45,0.884,5.79,0.00511836,,,,,,,,,,,,
2026-08-14T19:00:33+05:30,0,87.66,0.872,5.71,0.00497912,,,,,,,,,,,,
2026-08-14T19:00:34+05:30,4.6,89.88,0.852,5.58,0.00475416,,,,,,,,,,,,
2026-08-14T19:00:35+05:30,0,101.54,0.842,5.51,0.00463942,,,,,,,,,,,,
2026-08-14T19:00:36+05:30,0,99.62,0.820,5.37,0.0044034,,,,,,,,,,,,
2026-08-14T19:00:37+05:30,0,96.54,0.808,5.29,0.00427432,,,,,,,,,,,,
2026-08-14T19:00:38+05:30,1,74.55,0.789,5.16,0.00407124,,,,,,,,,,,,
2026-08-14T19:00:39+05:30,0,79.58,0.762,4.99,0.00380238,,,,,,,,,,,,
2026-08-14T19:00:40+05:30,0,76.17,0.761,4.98,0.00378978,,,,,,,,,,,,
2026-08-14T19:00:41+05:30,0,71.33,0.752,4.92,0.00369984,,,,,,,,,,,,
2026-08-14T19:00:42+05:30,0,68.74,0.752,4.92,0.00369984,,,,,,,,,,,,
2026-08-14T19:00:43+05:30,5.8,84.52,0.742,4.86,0.00360612,,,,,,,,,,,,
2026-08-14T19:00:44+05:30,0,98.08,0.741,4.85,0.00359385,,,,,,,,,,,,
2026-08-14T19:00:45+05:30,3.6,88.80,0.737,4.82,0.00355234,,,,,,,,,,,,
2026-08-14T19:00:46+05:30,3.4,92.04,0.734,4.80,0.0035232,,,,,,,,,,,,
2026-08-14T19:00:47+05:30,0,101.80,0.729,4.77,0.00347733,,,,,,,,,,,,
2026-08-14T19:00:48+05:30,2.3,89.85,0.725,4.75,0.00344375,,,,,,,,,,,,
2026-08-14T19:00:49+05:30,0.2,75.62,0.722,4.73,0.00341506,,,,,,,,,,,,
2026-08-14T19:00:50+05:30,0,61.82,0.720,4.71,0.0033912,,,,,,,,,,,,
2026-08-14T19:00:51+05:30,0,77.55,0.717,4.69,0.00336273,,,,,,,,,,,,
2026-08-14T19:00:52+05:30,1.4,75.47,6.480,42.42,0.2748816,,,,,,,,,,,,
2026-08-14T19:00:53+05:30,2.3,94.37,4.780,31.29,0.1495662,,,,,,,,,,,,
2026-08-14T19:00:54+05:30,2.3,92.68,4.191,27.43,0.11495913,,,,,,,,,,,,
2026-08-14T19:00:55+05:30,0,79.92,0.000,0.00,0,,,,,,,,,,,,
2026-08-14T19:00:56+05:30,0,86.26,0.000,0.00,0,,,,,,,,,,,,
2026-08-14T19:00:57+05:30,0,94.93,0.000,0.00,0,,,,,,,,,,,,
2026-08-14T19:00:58+05:30,0.9,81.66,0.000,0.00,0,,,,,,,,,,,,
2026-08-14T19:00:59+05:30,0,85.80,0.000,0.00,0,,,,,,,,,,,,
2026-08-14T19:01:00+05:30,2.3,87.50,0.000,0.00,0,,,,,,,,,,,,
2026-08-14T19:01:01+05:30,0,73.24,0.000,0.00,0,,,,,,,,,,,,
2026-08-14T19:01:02+05:30,0,73.86,0.000,0.00,0,,,,,,,,,,,,
2026-08-14T19:01:03+05:30,0,83.06,0.000,0.00,0,,,,,,,,,,,,
2026-08-14T19:01:04+05:30,0,88.65,0.000,0.00,0,,,,,,,,,,,,
2026-08-14T19:01:05+05:30,0,92.03,1.606,10.51,0.01687906,,,,,,,,,,,,
2026-08-14T19:01:06+05:30,0,92.56,1.491,9.76,0.01455216,,,,,,,,,,,,
2026-08-14T19:01:07+05:30,0.2,86.44,1.394,9.12,0.01271328,,,,,,,,,,,,
2026-08-14T19:01:08+05:30,2.1,86.91,1.313,8.59,0.01127867,,,,,,,,,,,,
2026-08-14T19:01:09+05:30,0,75.63,1.244,8.14,0.01012616,,,,,,,,,,,,
2026-08-14T19:01:10+05:30,0,73.42,1.185,7.76,0.0091956,,,,,,,,,,,,
2026-08-14T19:01:11+05:30,0,78.13,1.129,7.39,0.00834331,,,,,,,,,,,,
2026-08-14T19:01:12+05:30,0,84.66,1.082,7.08,0.00766056,,,,,,,,,,,,
2026-08-14T19:01:13+05:30,0,87.14,1.037,6.79,0.00704123,,,,,,,,,,,,
2026-08-14T19:01:14+05:30,0,84.11,0.998,6.53,0.00651694,,,,,,,,,,,,
2026-08-14T19:01:15+05:30,4.1,94.79,0.964,6.31,0.00608284,,,,,,,,,,,,
2026-08-14T19:01:16+05:30,1.2,99.81,0.936,6.13,0.00573768,,,,,,,,,,,,
2026-08-14T19:01:17+05:30,1,83.40,0.911,5.96,0.00542956,,,,,,,,,,,,
2026-08-14T19:01:18+05:30,2.5,83.64,0.890,5.83,0.0051887,,,,,,,,,,,,
2026-08-14T19:01:19+05:30,0,91.19,0.875,5.73,0.00501375,,,,,,,,,,,,
2026-08-14T19:01:20+05:30,0,85.22,0.852,5.58,0.00475416,,,,,,,,,,,,
2026-08-14T19:01:21+05:30,3.7,68.32,0.838,5.49,0.00460062,,,,,,,,,,,,
2026-08-14T19:01:22+05:30,0,57.52,0.813,5.32,0.00432516,,,,,,,,,,,,
2026-08-14T19:01:23+05:30,0.3,72.11,0.779,5.10,0.0039729,,,,,,,,,,,,
2026-08-14T19:01:24+05:30,1.2,86.51,0.783,5.13,0.00401679,,,,,,,,,,,,
2026-08-14T19:01:25+05:30,0.2,102.82,3.349,21.92,0.07341008,,,,,,,,,,,,
2026-08-14T19:01:26+05:30,0,105.70,2.558,16.74,0.04282092,,,,,,,,,,,,
2026-08-14T19:01:27+05:30,0,89.28,2.193,14.36,0.03149148,,,,,,,,,,,,
2026-08-14T19:01:28+05:30,0,96.31,1.949,12.76,0.02486924,,,,,,,,,,,,
2026-08-14T19:01:29+05:30,0,94.41,1.765,11.55,0.02038575,,,,,,,,,,,,
2026-08-14T19:01:30+05:30,3.9,77.81,1.616,10.58,0.01709728,,,,,,,,,,,,
2026-08-14T19:01:31+05:30,0,52.84,1.491,9.76,0.01455216,,,,,,,,,,,,
2026-08-14T19:01:32+05:30,0,64.79,1.383,9.05,0.01251615,,,,,,,,,,,,
2026-08-14T19:01:33+05:30,0,77.50,1.287,8.42,0.01083654,,,,,,,,,,,,
2026-08-14T19:01:34+05:30,2.4,83.23,1.205,7.89,0.00950745,,,,,,,,,,,,
2026-08-14T19:01:35+05:30,0,101.69,1.134,7.42,0.00841428,,,,,,,,,,,,
2026-08-14T19:01:36+05:30,6.1,94.42,1.074,7.03,0.00755022,,,,,,,,,,,,
2026-08-14T19:01:37+05:30,0,98.65,1.022,6.69,0.00683718,,,,,,,,,,,,
2026-08-14T19:01:38+05:30,0,102.12,0.976,6.39,0.00623664,,,,,,,,,,,,
2026-08-14T19:01:39+05:30,2.2,80.55,0.937,6.13,0.00574381,,,,,,,,,,,,
2026-08-14T19:01:40+05:30,0,76.78,0.905,5.92,0.0053576,,,,,,,,,,,,
2026-08-14T19:01:41+05:30,0,69.26,19.674,128.78,2.53361772,,,,,,,,,,,,
2026-08-14T19:01:42+05:30,0,83.86,3.517,23.02,0.08096134,,,,,,,,,,,,
2026-08-14T19:01:43+05:30,0,84.53,2.831,18.53,0.05245843,,,,,,,,,,,,
2026-08-14T19:01:44+05:30,0,68.96,2.245,14.70,0.0330015,,,,,,,,,,,,
2026-08-14T19:01:45+05:30,0,70.04,1.996,13.07,0.02608772,,,,,,,,,,,,
2026-08-14T19:01:46+05:30,8.2,88.62,1.804,11.81,0.02130524,,,,,,,,,,,,
2026-08-14T19:01:47+05:30,0,98.43,2.765,18.10,0.0500465,,,,,,,,,,,,
2026-08-14T19:01:48+05:30,0,97.01,5.722,37.46,0.21434612,,,,,,,,,,,,
2026-08-14T19:01:49+05:30,0,93.07,3.820,25.01,0.0955382,,,,,,,,,,,,
2026-08-14T19:01:50+05:30,0.5,104.34,2.878,18.84,0.05422152,,,,,,,,,,,,
2026-08-14T19:01:51+05:30,6.2,98.90,2.430,15.91,0.0386613,,,,,,,,,,,,
2026-08-14T19:01:52+05:30,5.6,72.44,2.142,14.02,0.03003084,,,,,,,,,,,,
2026-08-14T19:01:53+05:30,0,64.57,1.930,12.63,0.0243759,,,,,,,,,,,,
2026-08-14T19:01:54+05:30,0,58.59,1.762,11.53,0.02031586,,,,,,,,,,,,
2026-08-14T19:01:55+05:30,0,69.77,3.085,20.19,0.06228615,,,,,,,,,,,,
2026-08-14T19:01:56+05:30,2.5,78.01,4.208,27.55,0.1159304,,,,,,,,,,,,
2026-08-14T19:01:57+05:30,0,82.11,3.366,22.03,0.07415298,,,,,,,,,,,,
2026-08-14T19:01:58+05:30,8.6,100.31,2.644,17.31,0.04576764,,,,,,,,,,,,
2026-08-14T19:01:59+05:30,0,110.60,2.286,14.96,0.03419856,,,,,,,,,,,,
2026-08-14T19:02:00+05:30,0,103.78,2.040,13.35,0.027234,,,,,,,,,,,,
2026-08-14T19:02:01+05:30,0,95.42,1.850,12.11,0.0224035,,,,,,,,,,,,
2026-08-14T19:02:02+05:30,3.6,84.89,1.695,11.10,0.0188145,,,,,,,,,,,,
2026-08-14T19:02:03+05:30,0.5,73.25,1.564,10.24,0.01601536,,,,,,,,,,,,
2026-08-14T19:02:04+05:30,0,69.24,1.452,9.50,0.013794,,,,,,,,,,,,
2026-08-14T19:02:05+05:30,0,71.70,1.355,8.87,0.01201885,,,,,,,,,,,,
2026-08-14T19:02:06+05:30,0,75.49,1.272,8.33,0.01059576,,,,,,,,,,,,
2026-08-14T19:02:07+05:30,0,73.48,2.881,18.86,0.05433566,,,,,,,,,,,,
2026-08-14T19:02:08+05:30,0,83.07,4.813,31.51,0.15165763,,,,,,,,,,,,
2026-08-14T19:02:09+05:30,0,88.36,8.499,55.63,0.47279937,,,,,,,,,,,,
2026-08-14T19:02:10+05:30,2.4,104.30,7.052,46.16,0.32552032,,,,,,,,,,,,
2026-08-14T19:02:11+05:30,1.2,101.95,4.409,28.86,0.12724374,,,,,,,,,,,,
2026-08-14T19:02:12+05:30,0,91.98,3.416,22.36,0.07638176,,,,,,,,,,,,
2026-08-14T19:02:13+05:30,0,91.32,2.730,17.87,0.0487851,,,,,,,,,,,,
2026-08-14T19:02:14+05:30,0,80.05,2.371,15.52,0.03679792,,,,,,,,,,,,
2026-08-14T19:02:15+05:30,0,72.38,3.804,24.90,0.0947196,,,,,,,,,,,,
2026-08-14T19:02:16+05:30,0,74.06,1.925,12.60,0.024255,,,,,,,,,,,,
2026-08-14T19:02:17+05:30,0,71.14,1.765,11.55,0.02038575,,,,,,,,,,,,
2026-08-14T19:02:18+05:30,4.3,82.08,1.627,10.65,0.01732755,,,,,,,,,,,,
2026-08-14T19:02:19+05:30,0,91.11,1.510,9.88,0.0149188,,,,,,,,,,,,
2026-08-14T19:02:20+05:30,0,83.79,1.409,9.22,0.01299098,,,,,,,,,,,,
2026-08-14T19:02:21+05:30,0,80.87,9.677,63.34,0.61294118,,,,,,,,,,,,
2026-08-14T19:02:22+05:30,1.8,93.29,9.156,59.93,0.54871908,,,,,,,,,,,,
2026-08-14T19:02:23+05:30,2.3,99.18,3.905,25.56,0.0998118,,,,,,,,,,,,
2026-08-14T19:02:24+05:30,0,92.39,3.703,24.24,0.08976072,,,,,,,,,,,,
2026-08-14T19:02:25+05:30,0,77.86,2.858,18.71,0.05347318,,,,,,,,,,,,
2026-08-14T19:02:26+05:30,0,83.61,2.646,17.32,0.04582872,,,,,,,,,,,,
2026-08-14T19:02:27+05:30,0,91.57,2.324,15.21,0.03534804,,,,,,,,,,,,
2026-08-14T19:02:28+05:30,1.9,81.72,2.092,13.69,0.02863948,,,,,,,,,,,,
2026-08-14T19:02:29+05:30,3.1,69.78,1.907,12.48,0.02379936,,,,,,,,,,,,
2026-08-14T19:02:30+05:30,0,65.67,1.754,11.48,0.02013592,,,,,,,,,,,,
2026-08-14T19:02:31+05:30,1.8,83.58,1.622,10.62,0.01722564,,,,,,,,,,,,
2026-08-14T19:02:32+05:30,0,98.84,1.474,9.65,0.0142241,,,,,,,,,,,,
2026-08-14T19:02:33+05:30,0.5,94.71,1.382,9.05,0.0125071,,,,,,,,,,,,
2026-08-14T19:02:34+05:30,0,82.65,1.303,8.53,0.01111459,,,,,,,,,,,,
2026-08-14T19:02:35+05:30,0,79.82,1.239,8.11,0.01004829,,,,,,,,,,,,
2026-08-14T19:02:36+05:30,0.2,93.29,1.178,7.71,0.00908238,,,,,,,,,,,,
2026-08-14T19:02:37+05:30,0,93.16,1.222,8.00,0.009776,,,,,,,,,,,,
2026-08-14T19:02:38+05:30,4.3,81.75,4.948,32.39,0.16026572,,,,,,,,,,,,
2026-08-14T19:02:39+05:30,0,78.24,6.379,41.76,0.26638704,,,,,,,,,,,,
2026-08-14T19:02:40+05:30,0,77.74,5.773,37.79,0.21816167,,,,,,,,,,,,
2026-08-14T19:02:41+05:30,0,91.51,3.820,25.01,0.0955382,,,,,,,,,,,,
2026-08-14T19:02:42+05:30,0,93.06,2.799,18.32,0.05127768,,,,,,,,,,,,
2026-08-14T19:02:43+05:30,7.2,84.54,2.588,16.94,0.04384072,,,,,,,,,,,,
2026-08-14T19:02:44+05:30,0,67.44,5.133,33.60,0.1724688,,,,,,,,,,,,
2026-08-14T19:02:45+05:30,4.2,78.43,7.153,46.82,0.33490346,,,,,,,,,,,,
2026-08-14T19:02:46+05:30,0,101.45,6.648,43.52,0.28932096,,,,,,,,,,,,
2026-08-14T19:02:47+05:30,1,86.21,4.460,29.19,0.1301874,,,,,,,,,,,,
2026-08-14T19:02:48+05:30,1.1,70.02,3.602,23.58,0.08493516,,,,,,,,,,,,
2026-08-14T19:02:49+05:30,4.8,79.51,2.757,18.05,0.04976385,,,,,,,,,,,,
2026-08-14T19:02:50+05:30,0,93.69,2.652,17.36,0.04603872,,,,,,,,,,,,
2026-08-14T19:02:51+05:30,0,96.01,2.346,15.36,0.03603456,,,,,,,,,,,,
2026-08-14T19:02:52+05:30,0,96.59,4.813,31.51,0.15165763,,,,,,,,,,,,
2026-08-14T19:02:53+05:30,3.8,78.90,6.631,43.41,0.28785171,,,,,,,,,,,,
2026-08-14T19:02:54+05:30,1.5,80.59,7.893,51.67,0.40783131,,,,,,,,,,,,
2026-08-14T19:02:55+05:30,0.2,90.57,5.924,38.78,0.22973272,,,,,,,,,,,,
2026-08-14T19:02:56+05:30,0,79.18,4.241,27.76,0.11773016,,,,,,,,,,,,
2026-08-14T19:02:57+05:30,0,75.97,3.450,22.58,0.077901,,,,,,,,,,,,
2026-08-14T19:02:58+05:30,0,72.80,2.875,18.82,0.0541075,,,,,,,,,,,,
2026-08-14T19:02:59+05:30,1.3,83.76,6.597,43.18,0.28485846,,,,,,,,,,,,
2026-08-14T19:03:00+05:30,0,95.44,14.255,93.31,1.33013405,,,,,,,,,,,,
2026-08-14T19:03:01+05:30,3.3,93.78,13.464,88.13,1.18658232,,,,,,,,,,,,
2026-08-14T19:03:02+05:30,0,84.09,7.254,47.48,0.34441992,,,,,,,,,,,,
2026-08-14T19:03:03+05:30,4.4,91.82,4.780,31.29,0.1495662,,,,,,,,,,,,
2026-08-14T19:03:04+05:30,0,99.79,7.792,51.01,0.39746992,,,,,,,,,,,,
2026-08-14T19:03:05+05:30,0,82.66,9.980,65.33,0.6519934,,,,,,,,,,,,
2026-08-14T19:03:06+05:30,0,71.30,8.903,58.28,0.51886684,,,,,,,,,,,,
2026-08-14T19:03:07+05:30,0,69.15,4.208,27.55,0.1159304,,,,,,,,,,,,
2026-08-14T19:03:08+05:30,0,84.62,4.140,27.10,0.112194,,,,,,,,,,,,
2026-08-14T19:03:09+05:30,0,78.16,3.282,21.48,0.07049736,,,,,,,,,,,,
2026-08-14T19:03:10+05:30,0.9,83.55,2.901,18.99,0.05508999,,,,,,,,,,,,
2026-08-14T19:03:11+05:30,0,93.94,2.563,16.78,0.04300714,,,,,,,,,,,,
2026-08-14T19:03:12+05:30,5.3,97.47,2.309,15.11,0.03488899,,,,,,,,,,,,
2026-08-14T19:03:13+05:30,1.8,105.39,2.116,13.85,0.0293066,,,,,,,,,,,,
2026-08-14T19:03:14+05:30,1.8,85.78,5.840,38.23,0.2232632,,,,,,,,,,,,
2026-08-14T19:03:15+05:30,0,78.98,9.980,65.33,0.6519934,,,,,,,,,,,,
2026-08-14T19:03:16+05:30,0,79.62,7.085,46.38,0.3286023,,,,,,,,,,,,
2026-08-14T19:03:17+05:30,0,71.87,4.729,30.96,0.14640984,,,,,,,,,,,,
2026-08-14T19:03:18+05:30,4.9,80.28,6.227,40.76,0.25381252,,,,,,,,,,,,
2026-08-14T19:03:19+05:30,1.8,83.38,5.790,37.90,0.219441,,,,,,,,,,,,
2026-08-14T19:03:20+05:30,0,73.82,7.489,49.02,0.36711078,,,,,,,,,,,,
2026-08-14T19:03:21+05:30,0,75.70,16.308,106.75,1.740879,,,,,,,,,,,,
2026-08-14T19:03:22+05:30,2.2,88.61,12.471,81.63,1.01800773,,,,,,,,,,,,
2026-08-14T19:03:23+05:30,0.3,99.58,12.202,79.87,0.97457374,,,,,,,,,,,,
2026-08-14T19:03:24+05:30,0,99.47,4.847,31.73,0.15379531,,,,,,,,,,,,
2026-08-14T19:03:25+05:30,0,88.28,3.972,26.00,0.103272,,,,,,,,,,,,
2026-08-14T19:03:26+05:30,0,86.42,5.015,32.83,0.16464245,,,,,,,,,,,,
2026-08-14T19:03:27+05:30,0,94.78,4.073,26.66,0.10858618,,,,,,,,,,,,
2026-08-14T19:03:28+05:30,6.8,86.80,3.501,22.92,0.08024292,,,,,,,,,,,,
2026-08-14T19:03:29+05:30,0.6,62.79,3.398,22.24,0.07557152,,,,,,,,,,,,
2026-08-14T19:03:30+05:30,0,64.16,5.453,35.69,0.19461757,,,,,,,,,,,,
2026-08-14T19:03:31+05:30,3.6,84.97,7.792,51.01,0.39746992,,,,,,,,,,,,
2026-08-14T19:03:32+05:30,0,91.07,9.576,62.68,0.60022368,,,,,,,,,,,,
2026-08-14T19:03:33+05:30,0,94.64,7.001,45.83,0.32085583,,,,,,,,,,,,
2026-08-14T19:03:34+05:30,3.1,87.17,6.109,39.99,0.24429891,,,,,,,,,,,,
2026-08-14T19:03:35+05:30,0,80.05,7.523,49.24,0.37043252,,,,,,,,,,,,
2026-08-14T19:03:36+05:30,0,85.65,10.266,67.20,0.6898752,,,,,,,,,,,,
2026-08-14T19:03:37+05:30,0.7,88.41,17.284,113.14,1.95551176,,,,,,,,,,,,
2026-08-14T19:03:38+05:30,0,95.44,11.529,75.47,0.87009363,,,,,,,,,,,,
2026-08-14T19:03:39+05:30,1.7,79.16,6.463,42.31,0.27344953,,,,,,,,,,,,
2026-08-14T19:03:40+05:30,0,69.91,4.662,30.52,0.14228424,,,,,,,,,,,,
2026-08-14T19:03:41+05:30,3.3,79.68,3.921,25.67,0.10065207,,,,,,,,,,,,
2026-08-14T19:03:42+05:30,0.3,101.79,3.416,22.36,0.07638176,,,,,,,,,,,,
2026-08-14T19:03:43+05:30,8.2,97.83,2.908,19.04,0.05536832,,,,,,,,,,,,
2026-08-14T19:03:44+05:30,0.1,72.88,2.644,17.31,0.04576764,,,,,,,,,,,,
2026-08-14T19:03:45+05:30,6.5,82.25,2.410,15.78,0.0380298,,,,,,,,,,,,
2026-08-14T19:03:46+05:30,0,96.01,2.213,14.49,0.03206637,,,,,,,,,,,,
2026-08-14T19:03:47+05:30,0,91.92,2.047,13.40,0.0274298,,,,,,,,,,,,
2026-08-14T19:03:48+05:30,4.3,75.54,1.774,11.61,0.02059614,,,,,,,,,,,,
2026-08-14T19:03:49+05:30,0,58.05,1.639,10.73,0.01758647,,,,,,,,,,,,
2026-08-14T19:03:50+05:30,7.6,84.98,1.562,10.22,0.01596364,,,,,,,,,,,,
2026-08-14T19:03:51+05:30,0,100.52,1.471,9.63,0.01416573,,,,,,,,,,,,
2026-08-14T19:03:52+05:30,3.4,96.34,1.394,9.12,0.01271328,,,,,,,,,,,,
2026-08-14T19:03:53+05:30,0.8,78.28,1.333,8.73,0.01163709,,,,,,,,,,,,
2026-08-14T19:03:54+05:30,0,68.43,1.286,8.42,0.01082812,,,,,,,,,,,,
2026-08-14T19:03:55+05:30,7.3,94.34,1.249,8.18,0.01021682,,,,,,,,,,,,
2026-08-14T19:03:56+05:30,0,104.95,1.227,8.03,0.00985281,,,,,,,,,,,,
2026-08-14T19:03:57+05:30,6.1,83.42,1.185,7.76,0.0091956,,,,,,,,,,,,
2026-08-14T19:03:58+05:30,0,70.58,1.155,7.56,0.0087318,,,,,,,,,,,,
2026-08-14T19:03:59+05:30,4.8,86.82,8.465,55.41,0.46904565,,,,,,,,,,,,
2026-08-14T19:04:00+05:30,0,97.16,9.761,63.89,0.62363029,,,,,,,,,,,,
2026-08-14T19:04:01+05:30,12.3,83.50,16.493,107.96,1.78058428,,,,,,,,,,,,
2026-08-14T19:04:02+05:30,0.5,76.81,15.197,99.48,1.51179756,,,,,,,,,,,,
2026-08-14T19:04:03+05:30,0,86.40,8.163,53.43,0.43614909,,,,,,,,,,,,
2026-08-14T19:04:04+05:30,0,88.93,8.785,57.51,0.50522535,,,,,,,,,,,,
2026-08-14T19:04:05+05:30,0,71.96,11.848,77.56,0.91893088,,,,,,,,,,,,
2026-08-14T19:04:06+05:30,0.4,64.36,12.471,81.63,1.01800773,,,,,,,,,,,,
2026-08-14T19:04:07+05:30,3.6,85.27,8.600,56.29,0.484094,,,,,,,,,,,,
2026-08-14T19:04:08+05:30,0,96.13,5.503,36.02,0.19821806,,,,,,,,,,,,
2026-08-14T19:04:09+05:30,0,98.38,4.224,27.65,0.1167936,,,,,,,,,,,,
2026-08-14T19:04:10+05:30,0,94.52,3.719,24.34,0.09052046,,,,,,,,,,,,
2026-08-14T19:04:11+05:30,0,96.06,5.150,33.71,0.1736065,,,,,,,,,,,,
2026-08-14T19:04:12+05:30,0,95.74,11.192,73.26,0.81992592,,,,,,,,,,,,
2026-08-14T19:04:13+05:30,0.6,85.36,19.556,128.01,2.50336356,,,,,,,,,,,,
2026-08-14T19:04:14+05:30,0,77.64,18.850,123.39,2.3259015,,,,,,,,,,,,
2026-08-14T19:04:15+05:30,0,73.37,10.519,68.86,0.72433834,,,,,,,,,,,,
2026-08-14T19:04:16+05:30,5.1,58.00,5.689,37.24,0.21185836,,,,,,,,,,,,
2026-08-14T19:04:17+05:30,6.4,61.56,4.376,28.64,0.12532864,,,,,,,,,,,,
2026-08-14T19:04:18+05:30,2.5,85.10,3.366,22.03,0.07415298,,,,,,,,,,,,
2026-08-14T19:04:19+05:30,1.9,98.53,3.070,20.10,0.061707,,,,,,,,,,,,
2026-08-14T19:04:20+05:30,0,108.37,2.770,18.13,0.0502201,,,,,,,,,,,,
2026-08-14T19:04:21+05:30,1.7,104.90,4.409,28.86,0.12724374,,,,,,,,,,,,
2026-08-14T19:04:22+05:30,2.6,107.28,3.719,24.34,0.09052046,,,,,,,,,,,,
2026-08-14T19:04:23+05:30,2,88.51,3.366,22.03,0.07415298,,,,,,,,,,,,
2026-08-14T19:04:24+05:30,0.3,75.01,2.903,19.00,0.055157,,,,,,,,,,,,
2026-08-14T19:04:25+05:30,0,59.27,8.348,54.65,0.4562182,,,,,,,,,,,,
2026-08-14T19:04:26+05:30,0,64.10,7.203,47.15,0.33962145,,,,,,,,,,,,
2026-08-14T19:04:27+05:30,0,77.36,9.055,59.27,0.53668985,,,,,,,,,,,,
2026-08-14T19:04:28+05:30,0,72.99,12.757,83.51,1.06533707,,,,,,,,,,,,
2026-08-14T19:04:29+05:30,2.2,81.88,11.360,74.36,0.8447296,,,,,,,,,,,,
2026-08-14T19:04:30+05:30,2.1,103.20,6.547,42.86,0.28060442,,,,,,,,,,,,
2026-08-14T19:04:31+05:30,2.2,119.24,4.763,31.18,0.14851034,,,,,,,,,,,,
2026-08-14T19:04:32+05:30,6.7,106.16,5.402,35.36,0.19101472,,,,,,,,,,,,
2026-08-14T19:04:33+05:30,5.1,77.25,8.836,57.84,0.51107424,,,,,,,,,,,,
2026-08-14T19:04:34+05:30,2.1,77.59,7.876,51.56,0.40608656,,,,,,,,,,,,
2026-08-14T19:04:35+05:30,0,85.82,5.268,34.48,0.18164064,,,,,,,,,,,,
2026-08-14T19:04:36+05:30,3.4,75.37,4.258,27.87,0.11867046,,,,,,,,,,,,
2026-08-14T19:04:37+05:30,0,62.28,3.703,24.24,0.08976072,,,,,,,,,,,,
2026-08-14T19:04:38+05:30,3.2,71.29,2.895,18.95,0.05486025,,,,,,,,,,,,
2026-08-14T19:04:39+05:30,0.8,86.19,3.299,21.59,0.07122541,,,,,,,,,,,,
2026-08-14T19:04:40+05:30,0,101.57,6.278,41.10,0.2580258,,,,,,,,,,,,
2026-08-14T19:04:41+05:30,0.1,91.61,6.227,40.76,0.25381252,,,,,,,,,,,,
2026-08-14T19:04:42+05:30,0,85.94,12.421,81.31,1.00995151,,,,,,,,,,,,
2026-08-14T19:04:43+05:30,0,95.78,15.282,100.03,1.52865846,,,,,,,,,,,,
2026-08-14T19:04:44+05:30,2.3,90.76,10.384,67.97,0.70580048,,,,,,,,,,,,
2026-08-14T19:04:45+05:30,0,82.42,8.264,54.10,0.4470824,,,,,,,,,,,,
2026-08-14T19:04:46+05:30,0,83.37,7.102,46.49,0.33017198,,,,,,,,,,,,
2026-08-14T19:04:47+05:30,0,91.11,9.458,61.91,0.58554478,,,,,,,,,,,,
2026-08-14T19:04:48+05:30,7.4,80.44,7.843,51.34,0.40265962,,,,,,,,,,,,
2026-08-14T19:04:49+05:30,0.3,61.36,5.705,37.34,0.2130247,,,,,,,,,,,,
2026-08-14T19:04:50+05:30,8.7,88.83,4.443,29.08,0.12920244,,,,,,,,,,,,
2026-08-14T19:04:51+05:30,3.2,95.07,3.854,25.23,0.09723642,,,,,,,,,,,,
2026-08-14T19:04:52+05:30,0,82.16,3.400,22.26,0.075684,,,,,,,,,,,,
2026-08-14T19:04:53+05:30,0,78.44,2.981,19.51,0.05815931,,,,,,,,,,,,
2026-08-14T19:04:54+05:30,0.7,75.77,2.688,17.60,0.0473088,,,,,,,,,,,,
2026-08-14T19:04:55+05:30,0.9,101.30,2.449,16.03,0.03925747,,,,,,,,,,,,
2026-08-14T19:04:56+05:30,0,101.15,2.250,14.73,0.0331425,,,,,,,,,,,,
2026-08-14T19:04:57+05:30,0.9,91.51,2.082,13.63,0.02837766,,,,,,,,,,,,
2026-08-14T19:04:58+05:30,3.8,75.51,1.934,12.66,0.02448444,,,,,,,,,,,,
2026-08-14T19:04:59+05:30,4.3,74.83,1.806,11.82,0.02134692,,,,,,,,,,,,
2026-08-14T19:05:00+05:30,0,93.70,1.691,11.07,0.01871937,,,,,,,,,,,,
2026-08-14T19:05:01+05:30,5.5,84.48,1.590,10.41,0.0165519,,,,,,,,,,,,
2026-08-14T19:05:02+05:30,0,69.67,1.500,9.82,0.01473,,,,,,,,,,,,
2026-08-14T19:05:03+05:30,1.9,72.02,1.422,9.31,0.01323882,,,,,,,,,,,,
2026-08-14T19:05:04+05:30,3.4,87.82,1.356,8.88,0.01204128,,,,,,,,,,,,
2026-08-14T19:05:05+05:30,0,96.34,1.271,8.32,0.01057472,,,,,,,,,,,,
2026-08-14T19:05:06+05:30,0,100.00,1.264,8.27,0.01045328,,,,,,,,,,,,
2026-08-14T19:05:07+05:30,1.1,98.30,4.056,26.55,0.1076868,,,,,,,,,,,,
2026-08-14T19:05:08+05:30,0,83.79,6.648,43.52,0.28932096,,,,,,,,,,,,
2026-08-14T19:05:09+05:30,0,90.67,4.611,30.18,0.13915998,,,,,,,,,,,,
2026-08-14T19:05:10+05:30,0.8,84.07,4.797,31.40,0.1506258,,,,,,,,,,,,
2026-08-14T19:05:11+05:30,0,72.36,5.655,37.02,0.2093481,,,,,,,,,,,,
2026-08-14T19:05:12+05:30,0,63.56,6.379,41.76,0.26638704,,,,,,,,,,,,
2026-08-14T19:05:13+05:30,3.5,74.34,4.561,29.86,0.13619146,,,,,,,,,,,,
2026-08-14T19:05:14+05:30,0,89.53,3.820,25.01,0.0955382,,,,,,,,,,,,
2026-08-14T19:05:15+05:30,0,87.88,3.316,21.71,0.07199036,,,,,,,,,,,,
2026-08-14T19:05:16+05:30,0,89.88,4.224,27.65,0.1167936,,,,,,,,,,,,
2026-08-14T19:05:17+05:30,0,96.33,5.402,35.36,0.19101472,,,,,,,,,,,,
2026-08-14T19:05:18+05:30,0,90.01,5.386,35.26,0.18991036,,,,,,,,,,,,
2026-08-14T19:05:19+05:30,0,100.01,4.510,29.52,0.1331352,,,,,,,,,,,,
2026-08-14T19:05:20+05:30,0,89.19,3.820,25.01,0.0955382,,,,,,,,,,,,
2026-08-14T19:05:21+05:30,0,88.48,3.299,21.59,0.07122541,,,,,,,,,,,,
2026-08-14T19:05:22+05:30,4.5,81.75,2.859,18.71,0.05349189,,,,,,,,,,,,
2026-08-14T19:05:23+05:30,0.6,58.68,2.565,16.79,0.04306635,,,,,,,,,,,,
2026-08-14T19:05:24+05:30,3.7,77.86,2.331,15.26,0.03557106,,,,,,,,,,,,
2026-08-14T19:05:25+05:30,1.2,92.17,4.056,26.55,0.1076868,,,,,,,,,,,,
2026-08-14T19:05:26+05:30,2.9,88.86,5.907,38.67,0.22842369,,,,,,,,,,,,
2026-08-14T19:05:27+05:30,0,75.92,5.756,37.68,0.21688608,,,,,,,,,,,,
2026-08-14T19:05:28+05:30,0,78.56,9.223,60.37,0.55679251,,,,,,,,,,,,
2026-08-14T19:05:29+05:30,3.8,95.70,7.792,51.01,0.39746992,,,,,,,,,,,,
2026-08-14T19:05:30+05:30,0,102.61,5.487,35.92,0.19709304,,,,,,,,,,,,
2026-08-14T19:05:31+05:30,6.6,95.48,4.308,28.20,0.1214856,,,,,,,,,,,,
2026-08-14T19:05:32+05:30,0,73.32,3.719,24.34,0.09052046,,,,,,,,,,,,
2026-08-14T19:05:33+05:30,0.4,83.96,5.066,33.16,0.16798856,,,,,,,,,,,,
2026-08-14T19:05:34+05:30,0.9,98.10,6.412,41.97,0.26911164,,,,,,,,,,,,
2026-08-14T19:05:35+05:30,2.2,92.21,10.839,70.95,0.76902705,,,,,,,,,,,,
2026-08-14T19:05:36+05:30,0.7,73.11,7.119,46.60,0.3317454,,,,,,,,,,,,
2026-08-14T19:05:37+05:30,0,73.07,4.948,32.39,0.16026572,,,,,,,,,,,,
2026-08-14T19:05:38+05:30,0,79.26,4.107,26.88,0.11039616,,,,,,,,,,,,
2026-08-14T19:05:39+05:30,0,80.34,3.585,23.47,0.08413995,,,,,,,,,,,,
2026-08-14T19:05:40+05:30,0.9,95.04,2.871,18.79,0.05394609,,,,,,,,,,,,
2026-08-14T19:05:41+05:30,0,86.85,2.794,18.29,0.05110226,,,,,,,,,,,,
2026-08-14T19:05:42+05:30,0.7,91.95,2.533,16.58,0.04199714,,,,,,,,,,,,
2026-08-14T19:05:43+05:30,3,91.58,2.317,15.17,0.03514889,,,,,,,,,,,,
2026-08-14T19:05:44+05:30,0,79.11,2.137,13.99,0.02989663,,,,,,,,,,,,
2026-08-14T19:05:45+05:30,2.3,90.62,13.767,90.12,1.24068204,,,,,,,,,,,,
2026-08-14T19:05:46+05:30,2,86.52,12.252,80.20,0.9826104,,,,,,,,,,,,
2026-08-14T19:05:47+05:30,0,73.77,7.860,51.45,0.404397,,,,,,,,,,,,
2026-08-14T19:05:48+05:30,7.2,86.13,4.561,29.86,0.13619146,,,,,,,,,,,,
2026-08-14T19:05:49+05:30,4.3,91.47,3.921,25.67,0.10065207,,,,,,,,,,,,
2026-08-14T19:05:50+05:30,0,80.77,3.450,22.58,0.077901,,,,,,,,,,,,
2026-08-14T19:05:51+05:30,2.6,86.84,2.890,18.92,0.0546788,,,,,,,,,,,,
2026-08-14T19:05:52+05:30,0,94.75,2.812,18.41,0.05176892,,,,,,,,,,,,
2026-08-14T19:05:53+05:30,2.2,83.42,2.644,17.31,0.04576764,,,,,,,,,,,,
2026-08-14T19:05:54+05:30,1,82.50,2.338,15.30,0.0357714,,,,,,,,,,,,
2026-08-14T19:05:55+05:30,1,78.50,4.746,31.07,0.14745822,,,,,,,,,,,,
2026-08-14T19:05:56+05:30,4.9,91.86,5.015,32.83,0.16464245,,,,,,,,,,,,
2026-08-14T19:05:57+05:30,4.7,89.56,6.008,39.33,0.23629464,,,,,,,,,,,,
2026-08-14T19:05:58+05:30,0,71.16,5.991,39.22,0.23496702,,,,,,,,,,,,
2026-08-14T19:05:59+05:30,0,81.18,5.335,34.92,0.1862982,,,,,,,,,,,,
2026-08-14T19:06:00+05:30,0,92.23,4.258,27.87,0.11867046,,,,,,,,,,,,
2026-08-14T19:06:01+05:30,1.3,87.88,3.686,24.13,0.08894318,,,,,,,,,,,,
2026-08-14T19:06:02+05:30,0,81.05,2.933,19.20,0.0563136,,,,,,,,,,,,
2026-08-14T19:06:03+05:30,0,93.35,2.846,18.63,0.05302098,,,,,,,,,,,,
2026-08-14T19:06:04+05:30,0,98.55,2.573,16.84,0.04332932,,,,,,,,,,,,
2026-08-14T19:06:05+05:30,0,94.60,2.349,15.38,0.03612762,,,,,,,,,,,,
2026-08-14T19:06:06+05:30,0.5,76.54,5.975,39.11,0.23368225,,,,,,,,,,,,
2026-08-14T19:06:07+05:30,0,71.79,15.097,98.82,1.49188554,,,,,,,,,,,,
2026-08-14T19:06:08+05:30,0,75.29,13.952,91.33,1.27423616,,,,,,,,,,,,
2026-08-14T19:06:09+05:30,0,81.56,9.677,63.34,0.61294118,,,,,,,,,,,,
2026-08-14T19:06:10+05:30,0,91.32,6.076,39.77,0.24164252,,,,,,,,,,,,
2026-08-14T19:06:11+05:30,0,89.46,7.372,48.26,0.35577272,,,,,,,,,,,,
2026-08-14T19:06:12+05:30,0,86.88,8.701,56.96,0.49560896,,,,,,,,,,,,
2026-08-14T19:06:13+05:30,0,95.47,6.698,43.84,0.29364032,,,,,,,,,,,,
2026-08-14T19:06:14+05:30,4.9,95.17,4.847,31.73,0.15379531,,,,,,,,,,,,
2026-08-14T19:06:15+05:30,0,77.08,4.090,26.77,0.1094893,,,,,,,,,,,,
2026-08-14T19:06:16+05:30,0,75.79,3.618,23.68,0.08567424,,,,,,,,,,,,
2026-08-14T19:06:17+05:30,4.2,83.12,2.957,19.36,0.05724752,,,,,,,,,,,,
2026-08-14T19:06:18+05:30,0.4,91.69,2.681,17.55,0.04705155,,,,,,,,,,,,
2026-08-14T19:06:19+05:30,0,78.32,2.311,15.13,0.03496543,,,,,,,,,,,,
2026-08-14T19:06:20+05:30,0,79.98,2.045,13.39,0.02738255,,,,,,,,,,,,
2026-08-14T19:06:21+05:30,7.3,89.49,9.593,62.79,0.60234447,,,,,,,,,,,,
2026-08-14T19:06:22+05:30,0,108.91,13.918,91.11,1.26806898,,,,,,,,,,,,
2026-08-14T19:06:23+05:30,9.1,95.45,10.536,68.97,0.72666792,,,,,,,,,,,,
2026-08-14T19:06:24+05:30,0,63.54,10.536,68.97,0.72666792,,,,,,,,,,,,
2026-08-14T19:06:25+05:30,8.1,78.01,8.078,52.88,0.42716464,,,,,,,,,,,,
2026-08-14T19:06:26+05:30,0,92.50,6.799,44.51,0.30262349,,,,,,,,,,,,
2026-08-14T19:06:27+05:30,2.3,80.43,10.637,69.63,0.74065431,,,,,,,,,,,,
2026-08-14T19:06:28+05:30,2.4,71.55,8.819,57.73,0.50912087,,,,,,,,,,,,
2026-08-14T19:06:29+05:30,7.8,73.86,5.739,37.57,0.21561423,,,,,,,,,,,,
2026-08-14T19:06:30+05:30,3.7,113.24,4.325,28.31,0.12244075,,,,,,,,,,,,
2026-08-14T19:06:31+05:30,7.7,102.05,3.770,24.68,0.0930436,,,,,,,,,,,,
2026-08-14T19:06:32+05:30,0,75.18,3.366,22.03,0.07415298,,,,,,,,,,,,
2026-08-14T19:06:33+05:30,1.6,79.77,3.075,20.13,0.06189975,,,,,,,,,,,,
2026-08-14T19:06:34+05:30,0,101.19,2.789,18.26,0.05092714,,,,,,,,,,,,
2026-08-14T19:06:35+05:30,0.1,98.60,2.553,16.71,0.04266063,,,,,,,,,,,,
2026-08-14T19:06:36+05:30,7.7,68.47,2.551,16.70,0.0426017,,,,,,,,,,,,
2026-08-14T19:06:37+05:30,0,66.13,6.244,40.87,0.25519228,,,,,,,,,,,,
2026-08-14T19:06:38+05:30,0,69.70,7.069,46.27,0.32708263,,,,,,,,,,,,
2026-08-14T19:06:39+05:30,3.7,82.90,7.170,46.93,0.3364881,,,,,,,,,,,,
2026-08-14T19:06:40+05:30,0.8,99.14,4.999,32.72,0.16356728,,,,,,,,,,,,
2026-08-14T19:06:41+05:30,4.6,96.11,6.951,45.50,0.3162705,,,,,,,,,,,,
2026-08-14T19:06:42+05:30,0,83.84,12.000,78.55,0.9426,,,,,,,,,,,,
2026-08-14T19:06:43+05:30,0.6,91.63,16.140,105.65,1.705191,,,,,,,,,,,,
2026-08-14T19:06:44+05:30,1.1,113.77,8.583,56.18,0.48219294,,,,,,,,,,,,
2026-08-14T19:06:45+05:30,11,93.99,5.621,36.79,0.20679659,,,,,,,,,,,,
2026-08-14T19:06:46+05:30,0,75.47,8.062,52.77,0.42543174,,,,,,,,,,,,
2026-08-14T19:06:47+05:30,0,66.27,8.785,57.51,0.50522535,,,,,,,,,,,,
2026-08-14T19:06:48+05:30,0,65.42,7.170,46.93,0.3364881,,,,,,,,,,,,
2026-08-14T19:06:49+05:30,0.5,75.69,5.537,36.24,0.20066088,,,,,,,,,,,,
2026-08-14T19:06:50+05:30,0,97.10,4.426,28.97,0.12822122,,,,,,,,,,,,
2026-08-14T19:06:51+05:30,0,87.69,4.443,29.08,0.12920244,,,,,,,,,,,,
2026-08-14T19:06:52+05:30,0,84.44,6.025,39.44,0.237626,,,,,,,,,,,,
2026-08-14T19:06:53+05:30,0.9,93.18,6.429,42.08,0.27053232,,,,,,,,,,,,
2026-08-14T19:06:54+05:30,3.5,94.13,7.085,46.38,0.3286023,,,,,,,,,,,,
2026-08-14T19:06:55+05:30,0,91.30,4.645,30.41,0.14125445,,,,,,,,,,,,
2026-08-14T19:06:56+05:30,0,87.31,4.006,26.22,0.10503732,,,,,,,,,,,,
2026-08-14T19:06:57+05:30,0,85.68,3.568,23.36,0.08334848,,,,,,,,,,,,
2026-08-14T19:06:58+05:30,0,88.94,16.729,109.51,1.83199279,,,,,,,,,,,,
2026-08-14T19:06:59+05:30,0,92.04,15.484,101.36,1.56945824,,,,,,,,,,,,
2026-08-14T19:07:00+05:30,0.2,83.21,10.451,68.41,0.71495291,,,,,,,,,,,,
2026-08-14T19:07:01+05:30,0,75.02,7.085,46.38,0.3286023,,,,,,,,,,,,
2026-08-14T19:07:02+05:30,0,68.48,5.066,33.16,0.16798856,,,,,,,,,,,,
2026-08-14T19:07:03+05:30,2.9,76.19,4.241,27.76,0.11773016,,,,,,,,,,,,
2026-08-14T19:07:04+05:30,0,84.19,3.787,24.79,0.09387973,,,,,,,,,,,,
2026-08-14T19:07:05+05:30,0,91.13,3.400,22.26,0.075684,,,,,,,,,,,,
2026-08-14T19:07:06+05:30,0,95.24,2.880,18.85,0.054288,,,,,,,,,,,,
2026-08-14T19:07:07+05:30,0,94.51,2.659,17.41,0.04629319,,,,,,,,,,,,
2026-08-14T19:07:08+05:30,2.8,100.09,3.517,23.02,0.08096134,,,,,,,,,,,,
2026-08-14T19:07:09+05:30,0.9,99.04,2.920,19.11,0.0558012,,,,,,,,,,,,
2026-08-14T19:07:10+05:30,0,90.37,2.809,18.39,0.05165751,,,,,,,,,,,,
2026-08-14T19:07:11+05:30,0,83.66,2.565,16.79,0.04306635,,,,,,,,,,,,
2026-08-14T19:07:12+05:30,1.2,76.88,6.362,41.64,0.26491368,,,,,,,,,,,,
2026-08-14T19:07:13+05:30,3.4,61.37,12.622,82.62,1.04282964,,,,,,,,,,,,
2026-08-14T19:07:14+05:30,4.3,57.88,13.346,87.36,1.16590656,,,,,,,,,,,,
2026-08-14T19:07:15+05:30,0.6,71.89,8.280,54.20,0.448776,,,,,,,,,,,,
2026-08-14T19:07:16+05:30,6.9,92.18,5.520,36.13,0.1994376,,,,,,,,,,,,
2026-08-14T19:07:17+05:30,0,118.78,4.443,29.08,0.12920244,,,,,,,,,,,,
2026-08-14T19:07:18+05:30,2.1,111.91,5.167,33.82,0.17474794,,,,,,,,,,,,
2026-08-14T19:07:19+05:30,0,92.32,5.756,37.68,0.21688608,,,,,,,,,,,,
2026-08-14T19:07:20+05:30,7.6,83.55,4.275,27.98,0.1196145,,,,,,,,,,,,
2026-08-14T19:07:21+05:30,4.5,85.51,3.787,24.79,0.09387973,,,,,,,,,,,,
2026-08-14T19:07:22+05:30,1.2,87.34,3.400,22.26,0.075684,,,,,,,,,,,,
2026-08-14T19:07:23+05:30,3.2,70.84,2.886,18.89,0.05451654,,,,,,,,,,,,
2026-08-14T19:07:24+05:30,0,55.41,2.742,17.95,0.0492189,,,,,,,,,,,,
2026-08-14T19:07:25+05:30,6.6,76.65,2.610,17.08,0.0445788,,,,,,,,,,,,
2026-08-14T19:07:26+05:30,0.5,90.48,2.407,15.76,0.03793432,,,,,,,,,,,,
2026-08-14T19:07:27+05:30,0,97.22,2.230,14.60,0.032558,,,,,,,,,,,,
2026-08-14T19:07:28+05:30,0,91.93,2.073,13.57,0.02813061,,,,,,,,,,,,
2026-08-14T19:07:29+05:30,0,90.39,1.895,12.40,0.023498,,,,,,,,,,,,
2026-08-14T19:07:30+05:30,0,100.15,3.241,21.22,0.06877402,,,,,,,,,,,,
2026-08-14T19:07:31+05:30,0,95.17,12.033,78.77,0.94783941,,,,,,,,,,,,
2026-08-14T19:07:32+05:30,0,87.41,14.507,94.96,1.37758472,,,,,,,,,,,,
2026-08-14T19:07:33+05:30,1.3,80.19,7.725,50.57,0.39065325,,,,,,,,,,,,
2026-08-14T19:07:34+05:30,0,74.64,5.285,34.60,0.182861,,,,,,,,,,,,
2026-08-14T19:07:35+05:30,0,71.67,6.631,43.41,0.28785171,,,,,,,,,,,,
2026-08-14T19:07:36+05:30,0,82.41,7.506,49.13,0.36876978,,,,,,,,,,,,
2026-08-14T19:07:37+05:30,0,89.84,5.537,36.24,0.20066088,,,,,,,,,,,,
2026-08-14T19:07:38+05:30,2,80.32,4.409,28.86,0.12724374,,,,,,,,,,,,
2026-08-14T19:07:39+05:30,0,81.21,3.888,25.45,0.0989496,,,,,,,,,,,,
2026-08-14T19:07:40+05:30,5.2,88.60,7.658,50.13,0.38389554,,,,,,,,,,,,
2026-08-14T19:07:41+05:30,0,106.14,6.160,40.32,0.2483712,,,,,,,,,,,,
2026-08-14T19:07:42+05:30,0,105.38,4.679,30.63,0.14331777,,,,,,,,,,,,
2026-08-14T19:07:43+05:30,4.2,89.23,4.039,26.44,0.10679116,,,,,,,,,,,,
2026-08-14T19:07:44+05:30,1.3,67.83,9.425,61.70,0.5815225,,,,,,,,,,,,
2026-08-14T19:07:45+05:30,2.9,73.42,11.141,72.93,0.81251313,,,,,,,,,,,,
2026-08-14T19:07:46+05:30,2.3,87.44,8.062,52.77,0.42543174,,,,,,,,,,,,
2026-08-14T19:07:47+05:30,3.6,88.98,5.470,35.81,0.1958807,,,,,,,,,,,,
2026-08-14T19:07:48+05:30,0,75.09,5.335,34.92,0.1862982,,,,,,,,,,,,
2026-08-14T19:07:49+05:30,3.9,84.79,11.360,74.36,0.8447296,,,,,,,,,,,,
2026-08-14T19:07:50+05:30,3.5,98.62,21.408,140.13,2.99990304,,,,,,,,,,,,
2026-08-14T19:07:51+05:30,7.5,109.61,11.848,77.56,0.91893088,,,,,,,,,,,,
2026-08-14T19:07:52+05:30,8.7,76.36,7.574,49.58,0.37551892,,,,,,,,,,,,
2026-08-14T19:07:53+05:30,4.8,66.54,9.509,62.24,0.59184016,,,,,,,,,,,,
2026-08-14T19:07:54+05:30,1.1,88.86,6.648,43.52,0.28932096,,,,,,,,,,,,
2026-08-14T19:07:55+05:30,0,87.15,4.931,32.28,0.15917268,,,,,,,,,,,,
2026-08-14T19:07:56+05:30,3,81.98,8.449,55.31,0.46731419,,,,,,,,,,,,
2026-08-14T19:07:57+05:30,3.3,88.68,10.148,66.43,0.67413164,,,,,,,,,,,,
2026-08-14T19:07:58+05:30,0,80.78,9.475,62.02,0.5876395,,,,,,,,,,,,
2026-08-14T19:07:59+05:30,0,96.61,7.944,52.00,0.413088,,,,,,,,,,,,
2026-08-14T19:08:00+05:30,0.2,93.53,6.328,41.42,0.26210576,,,,,,,,,,,,
2026-08-14T19:08:01+05:30,0,88.06,3.652,23.91,0.08731932,,,,,,,,,,,,
2026-08-14T19:08:02+05:30,0,76.38,4.174,27.32,0.11403368,,,,,,,,,,,,
2026-08-14T19:08:03+05:30,2.4,87.16,1.784,11.68,0.02083712,,,,,,,,,,,,
2026-08-14T19:08:04+05:30,0,96.12,20.516,134.30,2.7552988,,,,,,,,,,,,
2026-08-14T19:08:05+05:30,7.2,74.78,14.659,95.96,1.40667764,,,,,,,,,,,,
2026-08-14T19:08:06+05:30,4,69.51,8.314,54.42,0.45244788,,,,,,,,,,,,
2026-08-14T19:08:07+05:30,1.5,91.80,5.705,37.34,0.2130247,,,,,,,,,,,,
2026-08-14T19:08:08+05:30,0,93.40,8.634,56.52,0.48799368,,,,,,,,,,,,
2026-08-14T19:08:09+05:30,0,89.31,6.732,44.07,0.29667924,,,,,,,,,,,,
2026-08-14T19:08:10+05:30,0,86.39,4.982,32.61,0.16246302,,,,,,,,,,,,
2026-08-14T19:08:11+05:30,0,86.95,11.226,73.48,0.82488648,,,,,,,,,,,,
2026-08-14T19:08:12+05:30,4.5,91.77,8.381,54.86,0.45978166,,,,,,,,,,,,
2026-08-14T19:08:13+05:30,0,104.13,8.398,54.97,0.46163806,,,,,,,,,,,,
2026-08-14T19:08:14+05:30,8.6,79.74,6.547,42.86,0.28060442,,,,,,,,,,,,
2026-08-14T19:08:15+05:30,0,66.71,5.335,34.92,0.1862982,,,,,,,,,,,,
2026-08-14T19:08:16+05:30,0,78.30,15.349,100.47,1.54211403,,,,,,,,,,,,
2026-08-14T19:08:17+05:30,0,88.08,18.732,122.62,2.29691784,,,,,,,,,,,,
2026-08-14T19:08:18+05:30,0,83.95,13.212,86.48,1.14257376,,,,,,,,,,,,
2026-08-14T19:08:19+05:30,0,79.44,7.523,49.24,0.37043252,,,,,,,,,,,,
2026-08-14T19:08:20+05:30,5.4,93.15,3.618,23.68,0.08567424,,,,,,,,,,,,
2026-08-14T19:08:21+05:30,0,104.16,4.241,27.76,0.11773016,,,,,,,,,,,,
2026-08-14T19:08:22+05:30,0,99.57,8.667,56.73,0.49167891,,,,,,,,,,,,
2026-08-14T19:08:23+05:30,4.4,86.21,9.694,63.46,0.61518124,,,,,,,,,,,,
2026-08-14T19:08:24+05:30,0,76.74,7.052,46.16,0.32552032,,,,,,,,,,,,
2026-08-14T19:08:25+05:30,0,73.41,7.186,47.04,0.33802944,,,,,,,,,,,,
2026-08-14T19:08:26+05:30,0,80.86,6.395,41.86,0.2676947,,,,,,,,,,,,
2026-08-14T19:08:27+05:30,0,88.52,16.376,107.20,1.7555072,,,,,,,,,,,,
2026-08-14T19:08:28+05:30,0,80.60,17.049,111.60,1.9026684,,,,,,,,,,,,
2026-08-14T19:08:29+05:30,2.9,82.22,11.747,76.89,0.90322683,,,,,,,,,,,,
2026-08-14T19:08:30+05:30,0,94.62,7.792,51.01,0.39746992,,,,,,,,,,,,
2026-08-14T19:08:31+05:30,0,102.26,5.453,35.69,0.19461757,,,,,,,,,,,,
2026-08-14T19:08:32+05:30,2.5,99.44,5.503,36.02,0.19821806,,,,,,,,,,,,
2026-08-14T19:08:33+05:30,3.8,75.97,8.903,58.28,0.51886684,,,,,,,,,,,,
2026-08-14T19:08:34+05:30,0,70.77,12.858,84.17,1.08225786,,,,,,,,,,,,
2026-08-14T19:08:35+05:30,5.8,88.31,11.428,74.81,0.85492868,,,,,,,,,,,,
2026-08-14T19:08:36+05:30,1.8,82.42,10.687,69.96,0.74766252,,,,,,,,,,,,
2026-08-14T19:08:37+05:30,0,82.50,6.614,43.29,0.28632006,,,,,,,,,,,,
2026-08-14T19:08:38+05:30,0,90.74,4.982,32.61,0.16246302,,,,,,,,,,,,
2026-08-14T19:08:39+05:30,0.3,81.86,5.116,33.49,0.17133484,,,,,,,,,,,,
2026-08-14T19:08:40+05:30,0,92.99,9.627,63.02,0.60669354,,,,,,,,,,,,
2026-08-14T19:08:41+05:30,0,86.54,19.270,126.14,2.4307178,,,,,,,,,,,,
2026-08-14T19:08:42+05:30,0,86.01,19.455,127.35,2.47759425,,,,,,,,,,,,
2026-08-14T19:08:43+05:30,0,85.84,11.916,78.00,0.929448,,,,,,,,,,,,
2026-08-14T19:08:44+05:30,1.2,95.54,7.439,48.69,0.36220491,,,,,,,,,,,,
2026-08-14T19:08:45+05:30,0.1,97.05,9.004,58.94,0.53069576,,,,,,,,,,,,
2026-08-14T19:08:46+05:30,3.5,75.46,6.833,44.73,0.30564009,,,,,,,,,,,,
2026-08-14T19:08:47+05:30,2,75.69,5.083,33.27,0.16911141,,,,,,,,,,,,
2026-08-14T19:08:48+05:30,0,81.12,4.325,28.31,0.12244075,,,,,,,,,,,,
2026-08-14T19:08:49+05:30,0,87.47,3.921,25.67,0.10065207,,,,,,,,,,,,
2026-08-14T19:08:50+05:30,0,85.89,3.602,23.58,0.08493516,,,,,,,,,,,,
2026-08-14T19:08:51+05:30,0,88.93,3.299,21.59,0.07122541,,,,,,,,,,,,
2026-08-14T19:08:52+05:30,0,94.34,2.915,19.08,0.0556182,,,,,,,,,,,,
2026-08-14T19:08:53+05:30,0,86.90,2.632,17.23,0.04534936,,,,,,,,,,,,
2026-08-14T19:08:54+05:30,0,84.79,2.609,17.08,0.04456172,,,,,,,,,,,,
2026-08-14T19:08:55+05:30,0,82.00,2.439,15.97,0.03895083,,,,,,,,,,,,
2026-08-14T19:08:56+05:30,3.2,91.19,2.287,14.97,0.03423639,,,,,,,,,,,,
2026-08-14T19:08:57+05:30,3.8,92.37,2.151,14.08,0.03028608,,,,,,,,,,,,
2026-08-14T19:08:58+05:30,0,79.60,2.028,13.28,0.02693184,,,,,,,,,,,,
2026-08-14T19:08:59+05:30,0,75.17,1.917,12.55,0.02405835,,,,,,,,,,,,
2026-08-14T19:09:00+05:30,0.1,87.47,1.749,11.45,0.02002605,,,,,,,,,,,,
2026-08-14T19:09:01+05:30,1.7,92.64,2.338,15.30,0.0357714,,,,,,,,,,,,
2026-08-14T19:09:02+05:30,0,83.52,6.749,44.18,0.29817082,,,,,,,,,,,,
2026-08-14T19:09:03+05:30,0.5,97.45,8.415,55.08,0.4634982,,,,,,,,,,,,
2026-08-14T19:09:04+05:30,1.3,91.16,6.278,41.10,0.2580258,,,,,,,,,,,,
2026-08-14T19:09:05+05:30,0,80.20,4.763,31.18,0.14851034,,,,,,,,,,,,
2026-08-14T19:09:06+05:30,0,82.09,4.140,27.10,0.112194,,,,,,,,,,,,
2026-08-14T19:09:07+05:30,0,82.14,3.753,24.57,0.09221121,,,,,,,,,,,,
2026-08-14T19:09:08+05:30,0,97.42,3.416,22.36,0.07638176,,,,,,,,,,,,
2026-08-14T19:09:09+05:30,4.2,86.52,2.937,19.23,0.05647851,,,,,,,,,,,,
2026-08-14T19:09:10+05:30,1.4,66.91,2.930,19.18,0.0561974,,,,,,,,,,,,
2026-08-14T19:09:11+05:30,6.6,76.69,2.713,17.76,0.04818288,,,,,,,,,,,,
2026-08-14T19:09:12+05:30,1.8,100.44,2.445,16.00,0.03912,,,,,,,,,,,,
2026-08-14T19:09:13+05:30,1.3,95.43,2.317,15.17,0.03514889,,,,,,,,,,,,
2026-08-14T19:09:14+05:30,0,85.80,7.860,51.45,0.404397,,,,,,,,,,,,
2026-08-14T19:09:15+05:30,3.2,86.51,15.702,102.78,1.61385156,,,,,,,,,,,,
2026-08-14T19:09:16+05:30,0,97.94,10.334,67.65,0.6990951,,,,,,,,,,,,
2026-08-14T19:09:17+05:30,6.2,77.36,7.035,46.05,0.32396175,,,,,,,,,,,,
2026-08-14T19:09:18+05:30,2.5,70.34,5.099,33.38,0.17020462,,,,,,,,,,,,
2026-08-14T19:09:19+05:30,0.6,96.07,4.325,28.31,0.12244075,,,,,,,,,,,,
2026-08-14T19:09:20+05:30,0,95.41,3.905,25.56,0.0998118,,,,,,,,,,,,
2026-08-14T19:09:21+05:30,1.8,94.58,5.251,34.37,0.18047687,,,,,,,,,,,,
2026-08-14T19:09:22+05:30,5.7,68.97,4.409,28.86,0.12724374,,,,,,,,,,,,
2026-08-14T19:09:23+05:30,4.5,75.59,3.921,25.67,0.10065207,,,,,,,,,,,,
2026-08-14T19:09:24+05:30,0.9,94.65,3.551,23.24,0.08252524,,,,,,,,,,,,
2026-08-14T19:09:25+05:30,1.7,90.70,3.001,19.64,0.05893964,,,,,,,,,,,,
2026-08-14T19:09:26+05:30,0,83.04,5.907,38.67,0.22842369,,,,,,,,,,,,
2026-08-14T19:09:27+05:30,0.2,86.94,5.924,38.78,0.22973272,,,,,,,,,,,,
2026-08-14T19:09:28+05:30,0,85.49,4.746,31.07,0.14745822,,,,,,,,,,,,
2026-08-14T19:09:29+05:30,0,86.04,4.123,26.99,0.11127977,,,,,,,,,,,,
2026-08-14T19:09:30+05:30,0,84.89,4.224,27.65,0.1167936,,,,,,,,,,,,
2026-08-14T19:09:31+05:30,1.9,85.88,7.052,46.16,0.32552032,,,,,,,,,,,,
2026-08-14T19:09:32+05:30,0,95.32,8.886,58.17,0.51689862,,,,,,,,,,,,
2026-08-14T19:09:33+05:30,0,94.89,6.850,44.84,0.307154,,,,,,,,,,,,
2026-08-14T19:09:34+05:30,0.1,97.16,5.049,33.05,0.16686945,,,,,,,,,,,,
2026-08-14T19:09:35+05:30,0,80.62,4.292,28.09,0.12056228,,,,,,,,,,,,
2026-08-14T19:09:36+05:30,0,79.97,5.318,34.81,0.18511958,,,,,,,,,,,,
2026-08-14T19:09:37+05:30,0.3,75.83,4.931,32.28,0.15917268,,,,,,,,,,,,
2026-08-14T19:09:38+05:30,0,71.58,4.208,27.55,0.1159304,,,,,,,,,,,,
2026-08-14T19:09:39+05:30,0,79.51,3.820,25.01,0.0955382,,,,,,,,,,,,
2026-08-14T19:09:40+05:30,3.8,94.66,4.208,27.55,0.1159304,,,,,,,,,,,,
2026-08-14T19:09:41+05:30,0.9,98.75,5.907,38.67,0.22842369,,,,,,,,,,,,
2026-08-14T19:09:42+05:30,0,90.35,8.011,52.44,0.42009684,,,,,,,,,,,,
2026-08-14T19:09:43+05:30,0,88.78,5.470,35.81,0.1958807,,,,,,,,,,,,
2026-08-14T19:09:44+05:30,0,85.55,4.292,28.09,0.12056228,,,,,,,,,,,,
2026-08-14T19:09:45+05:30,0,90.45,3.989,26.11,0.10415279,,,,,,,,,,,,
2026-08-14T19:09:46+05:30,0,87.97,3.534,23.13,0.08174142,,,,,,,,,,,,
2026-08-14T19:09:47+05:30,0,87.56,3.517,23.02,0.08096134,,,,,,,,,,,,
2026-08-14T19:09:48+05:30,4.5,79.37,5.739,37.57,0.21561423,,,,,,,,,,,,
2026-08-14T19:09:49+05:30,1.9,78.47,9.172,60.04,0.55068688,,,,,,,,,,,,
2026-08-14T19:09:50+05:30,0,91.15,6.665,43.63,0.29079395,,,,,,,,,,,,
2026-08-14T19:09:51+05:30,0.4,84.88,4.931,32.28,0.15917268,,,,,,,,,,,,
2026-08-14T19:09:52+05:30,2.2,78.78,4.275,27.98,0.1196145,,,,,,,,,,,,
2026-08-14T19:09:53+05:30,0,86.63,3.921,25.67,0.10065207,,,,,,,,,,,,
2026-08-14T19:09:54+05:30,0,95.13,3.585,23.47,0.08413995,,,,,,,,,,,,
2026-08-14T19:09:55+05:30,0,85.71,3.282,21.48,0.07049736,,,,,,,,,,,,
2026-08-14T19:09:56+05:30,0,90.59,3.147,20.60,0.0648282,,,,,,,,,,,,
2026-08-14T19:09:57+05:30,0,94.52,4.679,30.63,0.14331777,,,,,,,,,,,,
2026-08-14T19:09:58+05:30,0,82.67,4.107,26.88,0.11039616,,,,,,,,,,,,
2026-08-14T19:09:59+05:30,0,79.79,5.907,38.67,0.22842369,,,,,,,,,,,,
2026-08-14T19:10:00+05:30,0,83.33,4.965,32.50,0.1613625,,,,,,,,,,,,
2026-08-14T19:10:01+05:30,0,88.35,4.208,27.55,0.1159304,,,,,,,,,,,,
2026-08-14T19:10:02+05:30,0,82.54,3.820,25.01,0.0955382,,,,,,,,,,,,
2026-08-14T19:10:03+05:30,0,88.78,3.484,22.81,0.07947004,,,,,,,,,,,,
2026-08-14T19:10:04+05:30,0,94.77,2.917,19.09,0.05568553,,,,,,,,,,,,
2026-08-14T19:10:05+05:30,1.1,81.96,2.915,19.08,0.0556182,,,,,,,,,,,,
2026-08-14T19:10:06+05:30,0.1,83.74,2.705,17.71,0.04790555,,,,,,,,,,,,
2026-08-14T19:10:07+05:30,0,91.72,9.559,62.57,0.59810663,,,,,,,,,,,,
2026-08-14T19:10:08+05:30,0,84.85,6.059,39.66,0.24029994,,,,,,,,,,,,
2026-08-14T19:10:09+05:30,1.4,81.37,4.611,30.18,0.13915998,,,,,,,,,,,,
2026-08-14T19:10:10+05:30,0.7,84.10,3.955,25.89,0.10239495,,,,,,,,,,,,
2026-08-14T19:10:11+05:30,0,94.04,3.618,23.68,0.08567424,,,,,,,,,,,,
2026-08-14T19:10:12+05:30,0,87.00,3.316,21.71,0.07199036,,,,,,,,,,,,
2026-08-14T19:10:13+05:30,0,97.04,3.095,20.26,0.0627047,,,,,,,,,,,,
2026-08-14T19:10:14+05:30,5,78.63,2.864,18.75,0.0537,,,,,,,,,,,,
2026-08-14T19:10:15+05:30,0,68.99,2.663,17.43,0.04641609,,,,,,,,,,,,
2026-08-14T19:10:16+05:30,0.8,81.51,2.482,16.25,0.0403325,,,,,,,,,,,,
2026-08-14T19:10:17+05:30,0,95.48,2.323,15.21,0.03533283,,,,,,,,,,,,
2026-08-14T19:10:18+05:30,0,95.77,2.179,14.26,0.03107254,,,,,,,,,,,,
2026-08-14T19:10:19+05:30,0,99.76,2.176,14.24,0.03098624,,,,,,,,,,,,
2026-08-14T19:10:20+05:30,1.3,87.21,6.732,44.07,0.29667924,,,,,,,,,,,,
2026-08-14T19:10:21+05:30,0,78.37,5.503,36.02,0.19821806,,,,,,,,,,,,
2026-08-14T19:10:22+05:30,0,82.60,4.494,29.42,0.13221348,,,,,,,,,,,,
2026-08-14T19:10:23+05:30,0,86.72,6.597,43.18,0.28485846,,,,,,,,,,,,
2026-08-14T19:10:24+05:30,0,90.79,5.015,32.83,0.16464245,,,,,,,,,,,,
2026-08-14T19:10:25+05:30,0.3,87.81,4.241,27.76,0.11773016,,,,,,,,,,,,
2026-08-14T19:10:26+05:30,0,79.21,5.402,35.36,0.19101472,,,,,,,,,,,,
2026-08-14T19:10:27+05:30,0,81.96,13.296,87.03,1.15715088,,,,,,,,,,,,
2026-08-14T19:10:28+05:30,0,78.19,11.831,77.44,0.91619264,,,,,,,,,,,,
2026-08-14T19:10:29+05:30,1.7,85.00,7.085,46.38,0.3286023,,,,,,,,,,,,
2026-08-14T19:10:30+05:30,0,95.53,3.450,22.58,0.077901,,,,,,,,,,,,
2026-08-14T19:10:31+05:30,0,85.71,4.157,27.21,0.11311197,,,,,,,,,,,,
2026-08-14T19:10:32+05:30,1.2,92.49,3.787,24.79,0.09387973,,,,,,,,,,,,
2026-08-14T19:10:33+05:30,0.7,102.38,3.467,22.69,0.07866623,,,,,,,,,,,,
2026-08-14T19:10:34+05:30,3.4,99.55,3.585,23.47,0.08413995,,,,,,,,,,,,
2026-08-14T19:10:35+05:30,0,86.31,3.635,23.79,0.08647665,,,,,,,,,,,,
2026-08-14T19:10:36+05:30,2.2,82.05,4.864,31.84,0.15486976,,,,,,,,,,,,
2026-08-14T19:10:37+05:30,0,66.22,8.247,53.98,0.44517306,,,,,,,,,,,,
2026-08-14T19:10:38+05:30,0,72.56,7.994,52.33,0.41832602,,,,,,,,,,,,
2026-08-14T19:10:39+05:30,2.3,76.33,5.470,35.81,0.1958807,,,,,,,,,,,,
2026-08-14T19:10:40+05:30,0,90.10,4.460,29.19,0.1301874,,,,,,,,,,,,
2026-08-14T19:10:41+05:30,0,88.40,3.989,26.11,0.10415279,,,,,,,,,,,,
2026-08-14T19:10:42+05:30,1.4,93.82,3.652,23.91,0.08731932,,,,,,,,,,,,
2026-08-14T19:10:43+05:30,0,113.40,3.349,21.92,0.07341008,,,,,,,,,,,,
2026-08-14T19:10:44+05:30,4,97.17,3.046,19.94,0.06073724,,,,,,,,,,,,
2026-08-14T19:10:45+05:30,0,77.61,2.824,18.49,0.05221576,,,,,,,,,,,,
2026-08-14T19:10:46+05:30,0,80.15,6.867,44.95,0.30867165,,,,,,,,,,,,
2026-08-14T19:10:47+05:30,0,91.21,9.593,62.79,0.60234447,,,,,,,,,,,,
2026-08-14T19:10:48+05:30,2.7,78.14,6.025,39.44,0.237626,,,,,,,,,,,,
2026-08-14T19:10:49+05:30,3.1,72.50,4.696,30.74,0.14435504,,,,,,,,,,,,
2026-08-14T19:10:50+05:30,3.7,82.55,4.107,26.88,0.11039616,,,,,,,,,,,,
2026-08-14T19:10:51+05:30,0,96.83,3.753,24.57,0.09221121,,,,,,,,,,,,
2026-08-14T19:10:52+05:30,0,80.08,1.750,11.46,0.020055,,,,,,,,,,,,
2026-08-14T19:10:53+05:30,0,77.03,3.122,20.44,0.06381368,,,,,,,,,,,,
2026-08-14T19:10:54+05:30,0.9,99.90,2.891,18.92,0.05469772,,,,,,,,,,,,
2026-08-14T19:10:55+05:30,0,92.51,2.688,17.60,0.0473088,,,,,,,,,,,,
2026-08-14T19:10:56+05:30,0,98.07,2.509,16.42,0.04119778,,,,,,,,,,,,
2026-08-14T19:10:57+05:30,1.9,92.00,2.348,15.37,0.03608876,,,,,,,,,,,,
2026-08-14T19:10:58+05:30,0.7,87.58,2.205,14.43,0.03181815,,,,,,,,,,,,
2026-08-14T19:10:59+05:30,3.5,87.65,2.609,17.08,0.04456172,,,,,,,,,,,,
2026-08-14T19:11:00+05:30,0,78.83,5.907,38.67,0.22842369,,,,,,,,,,,,
2026-08-14T19:11:01+05:30,0,67.44,4.965,32.50,0.1613625,,,,,,,,,,,,
2026-08-14T19:11:02+05:30,1.8,77.22,4.208,27.55,0.1159304,,,,,,,,,,,,
2026-08-14T19:11:03+05:30,0,87.84,3.787,24.79,0.09387973,,,,,,,,,,,,
2026-08-14T19:11:04+05:30,0,87.21,3.450,22.58,0.077901,,,,,,,,,,,,
2026-08-14T19:11:05+05:30,0,86.17,2.947,19.29,0.05684763,,,,,,,,,,,,
2026-08-14T19:11:06+05:30,4.9,104.51,2.868,18.77,0.05383236,,,,,,,,,,,,
2026-08-14T19:11:07+05:30,4.8,101.20,2.666,17.45,0.0465217,,,,,,,,,,,,
2026-08-14T19:11:08+05:30,0,84.63,2.481,16.24,0.04029144,,,,,,,,,,,,
2026-08-14T19:11:09+05:30,0,78.43,9.930,65.00,0.64545,,,,,,,,,,,,
2026-08-14T19:11:10+05:30,3.1,92.57,11.983,78.44,0.93994652,,,,,,,,,,,,
2026-08-14T19:11:11+05:30,0.8,97.48,8.735,57.18,0.4994673,,,,,,,,,,,,
2026-08-14T19:11:12+05:30,1.8,84.43,5.739,37.57,0.21561423,,,,,,,,,,,,
2026-08-14T19:11:13+05:30,0.9,72.48,5.200,34.04,0.177008,,,,,,,,,,,,
2026-08-14T19:11:14+05:30,0,70.23,4.544,29.74,0.13513856,,,,,,,,,,,,
2026-08-14T19:11:15+05:30,0,81.38,4.241,27.76,0.11773016,,,,,,,,,,,,
2026-08-14T19:11:16+05:30,1.8,97.64,3.955,25.89,0.10239495,,,,,,,,,,,,
2026-08-14T19:11:17+05:30,3,90.27,3.618,23.68,0.08567424,,,,,,,,,,,,
2026-08-14T19:11:18+05:30,0,78.97,3.014,19.73,0.05946622,,,,,,,,,,,,
2026-08-14T19:11:19+05:30,0,81.70,2.795,18.30,0.0511485,,,,,,,,,,,,
2026-08-14T19:11:20+05:30,0.9,98.97,4.409,28.86,0.12724374,,,,,,,,,,,,
2026-08-14T19:11:21+05:30,0,99.69,4.359,28.53,0.12436227,,,,,,,,,,,,
2026-08-14T19:11:22+05:30,0,102.43,3.921,25.67,0.10065207,,,,,,,,,,,,
2026-08-14T19:11:23+05:30,4.7,84.53,3.551,23.24,0.08252524,,,,,,,,,,,,
2026-08-14T19:11:24+05:30,0.6,78.25,3.036,19.87,0.06032532,,,,,,,,,,,,
2026-08-14T19:11:25+05:30,0,90.29,7.557,49.47,0.37384479,,,,,,,,,,,,
2026-08-14T19:11:26+05:30,0,84.85,8.768,57.39,0.50319552,,,,,,,,,,,,
2026-08-14T19:11:27+05:30,4.5,72.65,5.722,37.46,0.21434612,,,,,,,,,,,,
2026-08-14T19:11:28+05:30,1.4,64.82,5.066,33.16,0.16798856,,,,,,,,,,,,
2026-08-14T19:11:29+05:30,0,85.23,14.507,94.96,1.37758472,,,,,,,,,,,,
2026-08-14T19:11:30+05:30,0,88.80,10.569,69.18,0.73116342,,,,,,,,,,,,
2026-08-14T19:11:31+05:30,0.4,101.44,6.379,41.76,0.26638704,,,,,,,,,,,,
2026-08-14T19:11:32+05:30,1,96.43,5.924,38.78,0.22973272,,,,,,,,,,,,
2026-08-14T19:11:33+05:30,2,99.15,4.662,30.52,0.14228424,,,,,,,,,,,,
2026-08-14T19:11:34+05:30,5.4,94.08,4.107,26.88,0.11039616,,,,,,,,,,,,
2026-08-14T19:11:35+05:30,0,73.64,3.753,24.57,0.09221121,,,,,,,,,,,,
2026-08-14T19:11:36+05:30,1.5,78.20,3.433,22.47,0.07713951,,,,,,,,,,,,
2026-08-14T19:11:37+05:30,0,96.96,3.129,20.48,0.06408192,,,,,,,,,,,,
2026-08-14T19:11:38+05:30,3.2,86.27,2.903,19.00,0.055157,,,,,,,,,,,,
2026-08-14T19:11:39+05:30,0,77.77,9.862,64.56,0.63669072,,,,,,,,,,,,
2026-08-14T19:11:40+05:30,1.3,85.68,9.677,63.34,0.61294118,,,,,,,,,,,,
2026-08-14T19:11:41+05:30,0.7,89.16,7.069,46.27,0.32708263,,,,,,,,,,,,
2026-08-14T19:11:42+05:30,3.8,88.10,5.251,34.37,0.18047687,,,,,,,,,,,,
2026-08-14T19:11:43+05:30,0,74.92,4.376,28.64,0.12532864,,,,,,,,,,,,
2026-08-14T19:11:44+05:30,5.6,90.67,3.938,25.78,0.10152164,,,,,,,,,,,,
2026-08-14T19:11:45+05:30,0,100.01,3.787,24.79,0.09387973,,,,,,,,,,,,
2026-08-14T19:11:46+05:30,0,85.11,5.083,33.27,0.16911141,,,,,,,,,,,,
2026-08-14T19:11:47+05:30,0,81.62,4.477,29.31,0.13122087,,,,,,,,,,,,
2026-08-14T19:11:48+05:30,1.7,89.73,3.989,26.11,0.10415279,,,,,,,,,,,,
2026-08-14T19:11:49+05:30,0,90.79,3.635,23.79,0.08647665,,,,,,,,,,,,
2026-08-14T19:11:50+05:30,0,88.24,3.332,21.81,0.07267092,,,,,,,,,,,,
2026-08-14T19:11:51+05:30,2.1,85.01,5.150,33.71,0.1736065,,,,,,,,,,,,
2026-08-14T19:11:52+05:30,0,73.65,5.975,39.11,0.23368225,,,,,,,,,,,,
2026-08-14T19:11:53+05:30,1.4,94.61,3.871,25.34,0.09809114,,,,,,,,,,,,
2026-08-14T19:11:54+05:30,0,93.37,3.534,23.13,0.08174142,,,,,,,,,,,,
2026-08-14T19:11:55+05:30,0,85.50,2.577,16.87,0.04347399,,,,,,,,,,,,
2026-08-14T19:11:56+05:30,0,83.88,2.651,17.35,0.04599485,,,,,,,,,,,,
2026-08-14T19:11:57+05:30,0.6,92.14,2.477,16.21,0.04015217,,,,,,,,,,,,
2026-08-14T19:11:58+05:30,1,91.86,2.208,14.45,0.0319056,,,,,,,,,,,,
2026-08-14T19:11:59+05:30,0,78.81,2.185,14.30,0.0312455,,,,,,,,,,,,
2026-08-14T19:12:00+05:30,0,83.69,2.060,13.48,0.0277688,,,,,,,,,,,,
2026-08-14T19:12:01+05:30,0,73.24,1.946,12.74,0.02479204,,,,,,,,,,,,
2026-08-14T19:12:02+05:30,3.3,80.84,1.845,12.08,0.0222876,,,,,,,,,,,,
2026-08-14T19:12:03+05:30,0,96.57,6.564,42.97,0.28205508,,,,,,,,,,,,
2026-08-14T19:12:04+05:30,0,97.15,6.715,43.96,0.2951914,,,,,,,,,,,,
2026-08-14T19:12:05+05:30,0,89.86,4.662,30.52,0.14228424,,,,,,,,,,,,
2026-08-14T19:12:06+05:30,0,93.86,4.611,30.18,0.13915998,,,,,,,,,,,,
2026-08-14T19:12:07+05:30,0,94.26,4.073,26.66,0.10858618,,,,,,,,,,,,
2026-08-14T19:12:08+05:30,0,96.09,3.837,25.12,0.09638544,,,,,,,,,,,,
2026-08-14T19:12:09+05:30,2.5,83.99,6.126,40.10,0.2456526,,,,,,,,,,,,
2026-08-14T19:12:10+05:30,2.2,67.76,5.285,34.60,0.182861,,,,,,,,,,,,
2026-08-14T19:12:11+05:30,0,66.35,4.393,28.76,0.12634268,,,,,,,,,,,,
2026-08-14T19:12:12+05:30,0,77.67,3.938,25.78,0.10152164,,,,,,,,,,,,
2026-08-14T19:12:13+05:30,0.5,88.28,3.585,23.47,0.08413995,,,,,,,,,,,,
2026-08-14T19:12:14+05:30,1.5,98.86,3.299,21.59,0.07122541,,,,,,,,,,,,
2026-08-14T19:12:15+05:30,0,99.05,3.075,20.13,0.06189975,,,,,,,,,,,,
2026-08-14T19:12:16+05:30,0.7,89.83,3.285,21.50,0.0706275,,,,,,,,,,,,
2026-08-14T19:12:17+05:30,0,88.68,14.356,93.97,1.34903332,,,,,,,,,,,,
2026-08-14T19:12:18+05:30,0,101.37,9.425,61.70,0.5815225,,,,,,,,,,,,
2026-08-14T19:12:19+05:30,1.5,99.80,9.576,62.68,0.60022368,,,,,,,,,,,,
2026-08-14T19:12:20+05:30,3.6,77.43,5.975,39.11,0.23368225,,,,,,,,,,,,
2026-08-14T19:12:21+05:30,0,70.04,5.419,35.47,0.19221193,,,,,,,,,,,,
2026-08-14T19:12:22+05:30,3.8,79.49,4.847,31.73,0.15379531,,,,,,,,,,,,
2026-08-14T19:12:23+05:30,0,83.63,4.191,27.43,0.11495913,,,,,,,,,,,,
2026-08-14T19:12:24+05:30,0,86.92,3.804,24.90,0.0947196,,,,,,,,,,,,
2026-08-14T19:12:25+05:30,0,89.70,2.935,19.21,0.05638135,,,,,,,,,,,,
2026-08-14T19:12:26+05:30,0,91.58,2.940,19.24,0.0565656,,,,,,,,,,,,
2026-08-14T19:12:27+05:30,0,76.77,2.735,17.90,0.0489565,,,,,,,,,,,,
2026-08-14T19:12:28+05:30,2.9,96.25,2.551,16.70,0.0426017,,,,,,,,,,,,
2026-08-14T19:12:29+05:30,0,97.85,2.386,15.62,0.03726932,,,,,,,,,,,,
2026-08-14T19:12:30+05:30,0,93.11,2.242,14.68,0.03291256,,,,,,,,,,,,
2026-08-14T19:12:31+05:30,0,90.31,2.109,13.81,0.02912529,,,,,,,,,,,,
2026-08-14T19:12:32+05:30,9.4,84.35,1.989,13.02,0.02589678,,,,,,,,,,,,
2026-08-14T19:12:33+05:30,0,62.49,2.057,13.46,0.02768722,,,,,,,,,,,,
2026-08-14T19:12:34+05:30,4,80.49,1.986,13.00,0.025818,,,,,,,,,,,,
2026-08-14T19:12:35+05:30,0,98.39,9.122,59.71,0.54467462,,,,,,,,,,,,
2026-08-14T19:12:36+05:30,0,97.57,9.290,60.81,0.5649249,,,,,,,,,,,,
2026-08-14T19:12:37+05:30,0,93.21,6.092,39.88,0.24294896,,,,,,,,,,,,
2026-08-14T19:12:38+05:30,0,88.49,4.696,30.74,0.14435504,,,,,,,,,,,,
2026-08-14T19:12:39+05:30,0,88.78,4.107,26.88,0.11039616,,,,,,,,,,,,
2026-08-14T19:12:40+05:30,1.2,78.15,7.792,51.01,0.39746992,,,,,,,,,,,,
2026-08-14T19:12:41+05:30,0,67.78,5.638,36.91,0.20809858,,,,,,,,,,,,
2026-08-14T19:12:42+05:30,2.3,83.43,4.527,29.63,0.13413501,,,,,,,,,,,,
2026-08-14T19:12:43+05:30,0,90.90,4.056,26.55,0.1076868,,,,,,,,,,,,
2026-08-14T19:12:44+05:30,0,97.75,3.719,24.34,0.09052046,,,,,,,,,,,,
2026-08-14T19:12:45+05:30,0,97.33,3.400,22.26,0.075684,,,,,,,,,,,,
2026-08-14T19:12:46+05:30,0.9,93.19,1.868,12.23,0.02284564,,,,,,,,,,,,
2026-08-14T19:12:47+05:30,3.2,97.14,2.979,19.50,0.0580905,,,,,,,,,,,,
2026-08-14T19:12:48+05:30,3.4,94.23,2.188,14.32,0.03133216,,,,,,,,,,,,
2026-08-14T19:12:49+05:30,1.1,75.25,2.065,13.52,0.0279188,,,,,,,,,,,,
2026-08-14T19:12:50+05:30,0,65.72,1.947,12.74,0.02480478,,,,,,,,,,,,
2026-08-14T19:12:51+05:30,0,76.76,1.733,11.34,0.01965222,,,,,,,,,,,,
2026-08-14T19:12:52+05:30,0,82.08,1.831,11.99,0.02195369,,,,,,,,,,,,
2026-08-14T19:12:53+05:30,0,90.02,2.137,13.99,0.02989663,,,,,,,,,,,,
2026-08-14T19:12:54+05:30,0,91.70,1.789,11.71,0.02094919,,,,,,,,,,,,
2026-08-14T19:12:55+05:30,0,108.03,2.062,13.50,0.027837,,,,,,,,,,,,
2026-08-14T19:12:56+05:30,0.7,96.10,1.902,12.45,0.0236799,,,,,,,,,,,,
2026-08-14T19:12:57+05:30,0,89.16,1.767,11.57,0.02044419,,,,,,,,,,,,
2026-08-14T19:12:58+05:30,0,94.21,1.750,11.46,0.020055,,,,,,,,,,,,
2026-08-14T19:12:59+05:30,2.5,88.23,4.948,32.39,0.16026572,,,,,,,,,,,,
2026-08-14T19:13:00+05:30,0,75.83,1.515,9.92,0.0150288,,,,,,,,,,,,
2026-08-14T19:13:01+05:30,0,77.74,1.446,9.47,0.01369362,,,,,,,,,,,,
2026-08-14T19:13:02+05:30,1.5,71.84,1.400,9.16,0.012824,,,,,,,,,,,,
2026-08-14T19:13:03+05:30,5.3,80.71,1.335,8.74,0.0116679,,,,,,,,,,,,
2026-08-14T19:13:04+05:30,0,91.52,6.294,41.20,0.2593128,,,,,,,,,,,,
2026-08-14T19:13:05+05:30,0,91.06,8.600,56.29,0.484094,,,,,,,,,,,,
2026-08-14T19:13:06+05:30,0,92.36,9.745,63.79,0.62163355,,,,,,,,,,,,
2026-08-14T19:13:07+05:30,0,92.83,5.672,37.13,0.21060136,,,,,,,,,,,,
2026-08-14T19:13:08+05:30,0,97.84,4.628,30.29,0.14018212,,,,,,,,,,,,
2026-08-14T19:13:09+05:30,0,98.29,6.278,41.10,0.2580258,,,,,,,,,,,,
2026-08-14T19:13:10+05:30,1.5,87.70,5.184,33.93,0.17589312,,,,,,,,,,,,
2026-08-14T19:13:11+05:30,1,78.44,4.325,28.31,0.12244075,,,,,,,,,,,,
2026-08-14T19:13:12+05:30,0,71.64,3.888,25.45,0.0989496,,,,,,,,,,,,
2026-08-14T19:13:13+05:30,4,90.50,3.534,23.13,0.08174142,,,,,,,,,,,,
2026-08-14T19:13:14+05:30,1.3,91.66,9.256,60.59,0.56082104,,,,,,,,,,,,
2026-08-14T19:13:15+05:30,0,83.51,6.968,45.61,0.31781048,,,,,,,,,,,,
2026-08-14T19:13:16+05:30,0,80.08,12.718,83.25,1.0587735,,,,,,,,,,,,
2026-08-14T19:13:17+05:30,1.5,89.16,13.329,87.25,1.16295525,,,,,,,,,,,,
2026-08-14T19:13:18+05:30,0,87.94,7.388,48.36,0.35728368,,,,,,,,,,,,
2026-08-14T19:13:19+05:30,0.1,94.01,5.554,36.36,0.20194344,,,,,,,,,,,,
2026-08-14T19:13:20+05:30,0,79.64,5.890,38.56,0.2271184,,,,,,,,,,,,
2026-08-14T19:13:21+05:30,0,90.01,6.597,43.18,0.28485846,,,,,,,,,,,,
2026-08-14T19:13:22+05:30,0,105.00,7.372,48.26,0.35577272,,,,,,,,,,,,
2026-08-14T19:13:23+05:30,0.3,85.05,5.655,37.02,0.2093481,,,,,,,,,,,,
2026-08-14T19:13:24+05:30,0,86.90,5.032,32.94,0.16575408,,,,,,,,,,,,
2026-08-14T19:13:25+05:30,0,86.68,4.292,28.09,0.12056228,,,,,,,,,,,,
2026-08-14T19:13:26+05:30,0,94.40,3.888,25.45,0.0989496,,,,,,,,,,,,
2026-08-14T19:13:27+05:30,3.3,77.05,3.686,24.13,0.08894318,,,,,,,,,,,,
2026-08-14T19:13:28+05:30,0,73.90,6.311,41.31,0.26070741,,,,,,,,,,,,
2026-08-14T19:13:29+05:30,3,93.03,11.360,74.36,0.8447296,,,,,,,,,,,,
2026-08-14T19:13:30+05:30,0,94.12,13.851,90.67,1.25587017,,,,,,,,,,,,
2026-08-14T19:13:31+05:30,0,81.29,8.651,56.63,0.48990613,,,,,,,,,,,,
2026-08-14T19:13:32+05:30,0,82.18,5.453,35.69,0.19461757,,,,,,,,,,,,
2026-08-14T19:13:33+05:30,3.2,91.06,4.578,29.97,0.13720266,,,,,,,,,,,,
2026-08-14T19:13:34+05:30,0,103.92,4.174,27.32,0.11403368,,,,,,,,,,,,
2026-08-14T19:13:35+05:30,4.6,90.02,3.804,24.90,0.0947196,,,,,,,,,,,,
2026-08-14T19:13:36+05:30,0,72.85,3.484,22.81,0.07947004,,,,,,,,,,,,
2026-08-14T19:13:37+05:30,2.2,82.35,3.021,19.78,0.05975538,,,,,,,,,,,,
2026-08-14T19:13:38+05:30,0,93.49,5.116,33.49,0.17133484,,,,,,,,,,,,
2026-08-14T19:13:39+05:30,0,82.96,4.292,28.09,0.12056228,,,,,,,,,,,,
2026-08-14T19:13:40+05:30,0,86.95,3.888,25.45,0.0989496,,,,,,,,,,,,
2026-08-14T19:13:41+05:30,3.8,102.86,3.551,23.24,0.08252524,,,,,,,,,,,,
2026-08-14T19:13:42+05:30,0.8,94.21,1.961,12.84,0.02517924,,,,,,,,,,,,
2026-08-14T19:13:43+05:30,0,78.13,2.974,19.47,0.05790378,,,,,,,,,,,,
2026-08-14T19:13:44+05:30,2.4,88.84,2.763,18.09,0.04998267,,,,,,,,,,,,
2026-08-14T19:13:45+05:30,0,95.62,2.614,17.11,0.04472554,,,,,,,,,,,,
2026-08-14T19:13:46+05:30,3.8,82.12,7.321,47.92,0.35082232,,,,,,,,,,,,
2026-08-14T19:13:47+05:30,0,68.78,13.161,86.15,1.13382015,,,,,,,,,,,,
2026-08-14T19:13:48+05:30,1.8,84.26,13.380,87.58,1.1718204,,,,,,,,,,,,
2026-08-14T19:13:49+05:30,0.8,83.89,7.388,48.36,0.35728368,,,,,,,,,,,,
2026-08-14T19:13:50+05:30,0,85.22,7.456,48.81,0.36392736,,,,,,,,,,,,
2026-08-14T19:13:51+05:30,0.8,94.66,5.268,34.48,0.18164064,,,,,,,,,,,,
2026-08-14T19:13:52+05:30,0,101.39,4.561,29.86,0.13619146,,,,,,,,,,,,
2026-08-14T19:13:53+05:30,0,91.70,4.123,26.99,0.11127977,,,,,,,,,,,,
2026-08-14T19:13:54+05:30,0,86.35,3.635,23.79,0.08647665,,,,,,,,,,,,
2026-08-14T19:13:55+05:30,0,96.03,3.349,21.92,0.07341008,,,,,,,,,,,,
2026-08-14T19:13:56+05:30,2,90.06,3.132,20.50,0.064206,,,,,,,,,,,,
2026-08-14T19:13:57+05:30,0.2,74.94,2.910,19.05,0.0554355,,,,,,,,,,,,
2026-08-14T19:13:58+05:30,1,77.55,5.554,36.36,0.20194344,,,,,,,,,,,,
2026-08-14T19:13:59+05:30,1.2,90.07,14.642,95.85,1.4034357,,,,,,,,,,,,
2026-08-14T19:14:00+05:30,0,94.46,16.662,109.07,1.81732434,,,,,,,,,,,,
2026-08-14T19:14:01+05:30,0,81.02,12.050,78.88,0.950504,,,,,,,,,,,,
2026-08-14T19:14:02+05:30,1.5,78.55,7.018,45.94,0.32240692,,,,,,,,,,,,
2026-08-14T19:14:03+05:30,0,89.27,5.200,34.04,0.177008,,,,,,,,,,,,
2026-08-14T19:14:04+05:30,0,94.57,4.729,30.96,0.14640984,,,,,,,,,,,,
2026-08-14T19:14:05+05:30,0,97.31,5.571,36.47,0.20317437,,,,,,,,,,,,
2026-08-14T19:14:06+05:30,1.4,84.79,4.780,31.29,0.1495662,,,,,,,,,,,,
2026-08-14T19:14:07+05:30,0,83.17,4.174,27.32,0.11403368,,,,,,,,,,,,
2026-08-14T19:14:08+05:30,0.1,84.73,3.804,24.90,0.0947196,,,,,,,,,,,,
2026-08-14T19:14:09+05:30,0,87.35,3.484,22.81,0.07947004,,,,,,,,,,,,
2026-08-14T19:14:10+05:30,0,86.68,1.925,12.60,0.024255,,,,,,,,,,,,
2026-08-14T19:14:11+05:30,0,80.71,2.945,19.28,0.0567796,,,,,,,,,,,,
2026-08-14T19:14:12+05:30,0,91.99,2.745,17.97,0.04932765,,,,,,,,,,,,
2026-08-14T19:14:13+05:30,0,94.21,2.567,16.80,0.0431256,,,,,,,,,,,,
2026-08-14T19:14:14+05:30,0,100.74,8.465,55.41,0.46904565,,,,,,,,,,,,
2026-08-14T19:14:15+05:30,0,96.41,11.848,77.56,0.91893088,,,,,,,,,,,,
2026-08-14T19:14:16+05:30,1.9,83.92,6.867,44.95,0.30867165,,,,,,,,,,,,
2026-08-14T19:14:17+05:30,0,75.26,5.672,37.13,0.21060136,,,,,,,,,,,,
2026-08-14T19:14:18+05:30,0,78.88,4.578,29.97,0.13720266,,,,,,,,,,,,
2026-08-14T19:14:19+05:30,1.5,82.20,5.116,33.49,0.17133484,,,,,,,,,,,,
2026-08-14T19:14:20+05:30,0,86.89,6.614,43.29,0.28632006,,,,,,,,,,,,
2026-08-14T19:14:21+05:30,0,78.39,4.948,32.39,0.16026572,,,,,,,,,,,,
2026-08-14T19:14:22+05:30,5,87.90,4.258,27.87,0.11867046,,,,,,,,,,,,
2026-08-14T19:14:23+05:30,0,100.14,3.888,25.45,0.0989496,,,,,,,,,,,,
2026-08-14T19:14:24+05:30,1.9,95.20,7.422,48.58,0.36056076,,,,,,,,,,,,
2026-08-14T19:14:25+05:30,2.3,84.73,5.116,33.49,0.17133484,,,,,,,,,,,,
2026-08-14T19:14:26+05:30,0.9,101.16,5.083,33.27,0.16911141,,,,,,,,,,,,
2026-08-14T19:14:27+05:30,4.8,101.64,4.780,31.29,0.1495662,,,,,,,,,,,,
2026-08-14T19:14:28+05:30,0.9,80.27,7.001,45.83,0.32085583,,,,,,,,,,,,
2026-08-14T19:14:29+05:30,0,77.44,8.314,54.42,0.45244788,,,,,,,,,,,,
2026-08-14T19:14:30+05:30,1.5,77.47,11.226,73.48,0.82488648,,,,,,,,,,,,
2026-08-14T19:14:31+05:30,0,87.11,5.571,36.47,0.20317437,,,,,,,,,,,,
2026-08-14T19:14:32+05:30,1.2,73.73,7.994,52.33,0.41832602,,,,,,,,,,,,
2026-08-14T19:14:33+05:30,3.2,73.63,7.170,46.93,0.3364881,,,,,,,,,,,,
2026-08-14T19:14:34+05:30,1.8,98.89,6.597,43.18,0.28485846,,,,,,,,,,,,
2026-08-14T19:14:35+05:30,2.1,99.16,5.638,36.91,0.20809858,,,,,,,,,,,,
2026-08-14T19:14:36+05:30,0,94.99,6.614,43.29,0.28632006,,,,,,,,,,,,
2026-08-14T19:14:37+05:30,0,96.04,5.756,37.68,0.21688608,,,,,,,,,,,,
2026-08-14T19:14:38+05:30,1.9,95.50,4.157,27.21,0.11311197,,,,,,,,,,,,
2026-08-14T19:14:39+05:30,0.1,82.07,4.443,29.08,0.12920244,,,,,,,,,,,,
2026-08-14T19:14:40+05:30,0,72.35,5.672,37.13,0.21060136,,,,,,,,,,,,
2026-08-14T19:14:41+05:30,4.2,80.86,5.689,37.24,0.21185836,,,,,,,,,,,,
2026-08-14T19:14:42+05:30,0,96.53,7.001,45.83,0.32085583,,,,,,,,,,,,
2026-08-14T19:14:43+05:30,0,84.58,2.908,19.04,0.05536832,,,,,,,,,,,,
2026-08-14T19:14:44+05:30,0,90.47,3.955,25.89,0.10239495,,,,,,,,,,,,
2026-08-14T19:14:45+05:30,0,94.09,5.470,35.81,0.1958807,,,,,,,,,,,,
2026-08-14T19:14:46+05:30,0,91.44,5.907,38.67,0.22842369,,,,,,,,,,,,
2026-08-14T19:14:47+05:30,4.3,75.68,5.689,37.24,0.21185836,,,,,,,,,,,,
2026-08-14T19:14:48+05:30,3,79.54,9.677,63.34,0.61294118,,,,,,,,,,,,
2026-08-14T19:14:49+05:30,0,95.58,10.839,70.95,0.76902705,,,,,,,,,,,,
2026-08-14T19:14:50+05:30,0,86.36,7.203,47.15,0.33962145,,,,,,,,,,,,
2026-08-14T19:14:51+05:30,0,88.76,8.667,56.73,0.49167891,,,,,,,,,,,,
2026-08-14T19:14:52+05:30,3,87.54,5.066,33.16,0.16798856,,,,,,,,,,,,
2026-08-14T19:14:53+05:30,1.5,90.16,5.638,36.91,0.20809858,,,,,,,,,,,,
2026-08-14T19:14:54+05:30,0,100.92,3.299,21.59,0.07122541,,,,,,,,,,,,
2026-08-14T19:14:55+05:30,0.4,86.96,1.765,11.55,0.02038575,,,,,,,,,,,,
2026-08-14T19:14:56+05:30,0,84.57,3.551,23.24,0.08252524,,,,,,,,,,,,
2026-08-14T19:14:57+05:30,0,80.33,1.986,13.00,0.025818,,,,,,,,,,,,
2026-08-14T19:14:58+05:30,0,85.53,3.400,22.26,0.075684,,,,,,,,,,,,
2026-08-14T19:14:59+05:30,0,86.12,3.770,24.68,0.0930436,,,,,,,,,,,,
2026-08-14T19:15:00+05:30,0,77.60,5.924,38.78,0.22973272,,,,,,,,,,,,
2026-08-14T19:15:01+05:30,1.4,85.61,4.948,32.39,0.16026572,,,,,,,,,,,,
2026-08-14T19:15:02+05:30,1,103.27,12.471,81.63,1.01800773,,,,,,,,,,,,
2026-08-14T19:15:03+05:30,2.4,92.44,14.507,94.96,1.37758472,,,,,,,,,,,,
2026-08-14T19:15:04+05:30,0,89.47,11.360,74.36,0.8447296,,,,,,,,,,,,
2026-08-14T19:15:05+05:30,0,91.25,19.270,126.14,2.4307178,,,,,,,,,,,,
2026-08-14T19:15:06+05:30,0,84.19,9.458,61.91,0.58554478,,,,,,,,,,,,
2026-08-14T19:15:07+05:30,0,89.66,15.702,102.78,1.61385156,,,,,,,,,,,,
2026-08-14T19:15:08+05:30,1.7,89.04,13.918,91.11,1.26806898,,,,,,,,,,,,
2026-08-14T19:15:09+05:30,0,72.97,17.049,111.60,1.9026684,,,,,,,,,,,,
2026-08-14T19:15:10+05:30,0.5,76.68,9.930,65.00,0.64545,,,,,,,,,,,,
2026-08-14T19:15:11+05:30,2.3,89.63,8.449,55.31,0.46731419,,,,,,,,,,,,
2026-08-14T19:15:12+05:30,0.7,106.38,11.428,74.81,0.85492868,,,,,,,,,,,,
2026-08-14T19:15:13+05:30,0,93.53,9.862,64.56,0.63669072,,,,,,,,,,,,
2026-08-14T19:15:14+05:30,0,94.68,7.085,46.38,0.3286023,,,,,,,,,,,,
2026-08-14T19:15:15+05:30,0,76.72,10.839,70.95,0.76902705,,,,,,,,,,,,
2026-08-14T19:15:16+05:30,0,85.33,5.116,33.49,0.17133484,,,,,,,,,,,,
2026-08-14T19:15:17+05:30,0,80.86,6.732,44.07,0.29667924,,,,,,,,,,,,
2026-08-14T19:15:18+05:30,0,83.93,3.972,26.00,0.103272,,,,,,,,,,,,
2026-08-14T19:15:19+05:30,2.4,99.75,2.770,18.13,0.0502201,,,,,,,,,,,,
2026-08-14T19:15:20+05:30,2.7,91.38,2.809,18.39,0.05165751,,,,,,,,,,,,
2026-08-14T19:15:21+05:30,0.6,83.67,4.275,27.98,0.1196145,,,,,,,,,,,,
2026-08-14T19:15:22+05:30,0,95.17,5.621,36.79,0.20679659,,,,,,,,,,,,
2026-08-14T19:15:23+05:30,4.6,81.40,4.999,32.72,0.16356728,,,,,,,,,,,,
2026-08-14T19:15:24+05:30,0,72.93,9.593,62.79,0.60234447,,,,,,,,,,,,
2026-08-14T19:15:25+05:30,0,77.53,10.839,70.95,0.76902705,,,,,,,,,,,,
2026-08-14T19:15:26+05:30,3.3,91.93,8.785,57.51,0.50522535,,,,,,,,,,,,
2026-08-14T19:15:27+05:30,0.4,107.20,4.409,28.86,0.12724374,,,,,,,,,,,,
2026-08-14T19:15:28+05:30,3.7,89.44,8.465,55.41,0.46904565,,,,,,,,,,,,
2026-08-14T19:15:29+05:30,0,88.44,3.398,22.24,0.07557152,,,,,,,,,,,,
2026-08-14T19:15:30+05:30,0,86.67,2.933,19.20,0.0563136,,,,,,,,,,,,
2026-08-14T19:15:31+05:30,0,86.23,3.972,26.00,0.103272,,,,,,,,,,,,
2026-08-14T19:15:32+05:30,0,92.04,6.867,44.95,0.30867165,,,,,,,,,,,,
2026-08-14T19:15:33+05:30,0,94.45,7.018,45.94,0.32240692,,,,,,,,,,,,
2026-08-14T19:15:34+05:30,0.7,74.50,6.648,43.52,0.28932096,,,,,,,,,,,,
2026-08-14T19:15:35+05:30,5.1,88.83,9.425,61.70,0.5815225,,,,,,,,,,,,
2026-08-14T19:15:36+05:30,0,104.02,15.097,98.82,1.49188554,,,,,,,,,,,,
2026-08-14T19:15:37+05:30,3.6,82.85,5.402,35.36,0.19101472,,,,,,,,,,,,
2026-08-14T19:15:38+05:30,0,70.19,4.191,27.43,0.11495913,,,,,,,,,,,,
2026-08-14T19:15:39+05:30,0,68.91,2.878,18.84,0.05422152,,,,,,,,,,,,
2026-08-14T19:15:40+05:30,6.2,88.92,5.638,36.91,0.20809858,,,,,,,,,,,,
2026-08-14T19:15:41+05:30,0,100.96,5.200,34.04,0.177008,,,,,,,,,,,,
2026-08-14T19:15:42+05:30,0,107.88,3.905,25.56,0.0998118,,,,,,,,,,,,
2026-08-14T19:15:43+05:30,6.6,92.91,2.609,17.08,0.04456172,,,,,,,,,,,,
2026-08-14T19:15:44+05:30,7.3,89.58,2.331,15.26,0.03557106,,,,,,,,,,,,
2026-08-14T19:15:45+05:30,0,98.79,3.938,25.78,0.10152164,,,,,,,,,,,,
2026-08-14T19:15:46+05:30,3.6,92.73,3.686,24.13,0.08894318,,,,,,,,,,,,
2026-08-14T19:15:47+05:30,3.6,65.34,2.730,17.87,0.0487851,,,,,,,,,,,,
2026-08-14T19:15:48+05:30,4.8,68.84,1.303,8.53,0.01111459,,,,,,,,,,,,
2026-08-14T19:15:49+05:30,0,85.65,0.936,6.13,0.00573768,,,,,,,,,,,,
2026-08-14T19:15:50+05:30,0,90.86,1.845,12.08,0.0222876,,,,,,,,,,,,
2026-08-14T19:15:51+05:30,0,92.73,1.244,8.14,0.01012616,,,,,,,,,,,,
2026-08-14T19:15:52+05:30,0,89.08,2.930,19.18,0.0561974,,,,,,,,,,,,
2026-08-14T19:15:53+05:30,0.5,92.24,5.638,36.91,0.20809858,,,,,,,,,,,,
2026-08-14T19:15:54+05:30,0,96.87,7.085,46.38,0.3286023,,,,,,,,,,,,
2026-08-14T19:15:55+05:30,2.8,88.03,9.290,60.81,0.5649249,,,,,,,,,,,,
2026-08-14T19:15:56+05:30,0,84.11,4.611,30.18,0.13915998,,,,,,,,,,,,
2026-08-14T19:15:57+05:30,0.1,96.93,3.955,25.89,0.10239495,,,,,,,,,,,,
2026-08-14T19:15:58+05:30,0.1,79.54,2.917,19.09,0.05568553,,,,,,,,,,,,
2026-08-14T19:15:59+05:30,0.1,78.79,0.998,6.53,0.00651694,,,,,,,,,,,,
2026-08-14T19:16:00+05:30,0.4,89.33,1.272,8.33,0.01059576,,,,,,,,,,,,
2026-08-14T19:16:01+05:30,0,95.82,2.551,16.70,0.0426017,,,,,,,,,,,,
2026-08-14T19:16:02+05:30,0.5,93.07,1.155,7.56,0.0087318,,,,,,,,,,,,
2026-08-14T19:16:03+05:30,0,82.24,0.000,0.00,0,,,,,,,,,,,,
2026-08-14T19:16:04+05:30,1.1,82.81,2.831,18.53,0.05245843,,,,,,,,,,,,
2026-08-14T19:16:05+05:30,0,90.09,1.774,11.61,0.02059614,,,,,,,,,,,,
2026-08-14T19:16:06+05:30,0,83.47,2.663,17.43,0.04641609,,,,,,,,,,,,
2026-08-14T19:16:07+05:30,0,84.84,3.635,23.79,0.08647665,,,,,,,,,,,,
2026-08-14T19:16:08+05:30,0.6,99.85,6.833,44.73,0.30564009,,,,,,,,,,,,
2026-08-14T19:16:09+05:30,2.9,104.28,4.662,30.52,0.14228424,,,,,,,,,,,,
2026-08-14T19:16:10+05:30,0.3,75.71,3.534,23.13,0.08174142,,,,,,,,,,,,
2026-08-14T19:16:11+05:30,0.4,81.18,2.812,18.41,0.05176892,,,,,,,,,,,,
2026-08-14T19:16:12+05:30,0,85.69,4.443,29.08,0.12920244,,,,,,,,,,,,
2026-08-14T19:16:13+05:30,0,87.88,2.092,13.69,0.02863948,,,,,,,,,,,,
2026-08-14T19:16:14+05:30,0,88.55,1.227,8.03,0.00985281,,,,,,,,,,,,
2026-08-14T19:16:15+05:30,0.9,85.31,1.185,7.76,0.0091956,,,,,,,,,,,,
2026-08-14T19:16:16+05:30,0.9,82.14,2.082,13.63,0.02837766,,,,,,,,,,,,
2026-08-14T19:16:17+05:30,2.3,98.72,0.936,6.13,0.00573768,,,,,,,,,,,,
2026-08-14T19:16:18+05:30,1.3,105.85,1.178,7.71,0.00908238,,,,,,,,,,,,
2026-08-14T19:16:19+05:30,6.2,90.01,2.864,18.75,0.0537,,,,,,,,,,,,
2026-08-14T19:16:20+05:30,0,67.81,4.376,28.64,0.12532864,,,,,,,,,,,,
2026-08-14T19:16:21+05:30,2.1,80.51,4.208,27.55,0.1159304,,,,,,,,,,,,
2026-08-14T19:16:22+05:30,0.2,98.81,5.015,32.83,0.16464245,,,,,,,,,,,,
2026-08-14T19:16:23+05:30,1,91.86,5.116,33.49,0.17133484,,,,,,,,,,,,
2026-08-14T19:16:24+05:30,2.9,74.38,9.425,61.70,0.5815225,,,,,,,,,,,,
2026-08-14T19:16:25+05:30,6.1,82.48,7.792,51.01,0.39746992,,,,,,,,,,,,
2026-08-14T19:16:26+05:30,0,92.44,3.416,22.36,0.07638176,,,,,,,,,,,,
2026-08-14T19:16:27+05:30,0,104.71,1.022,6.69,0.00683718,,,,,,,,,,,,
2026-08-14T19:16:28+05:30,6.2,100.47,1.673,10.95,0.01831935,,,,,,,,,,,,
2026-08-14T19:16:29+05:30,2.1,75.77,2.338,15.30,0.0357714,,,,,,,,,,,,
2026-08-14T19:16:30+05:30,0,79.95,2.688,17.60,0.0473088,,,,,,,,,,,,
2026-08-14T19:16:31+05:30,0,90.60,2.659,17.41,0.04629319,,,,,,,,,,,,
2026-08-14T19:16:32+05:30,0,86.21,4.443,29.08,0.12920244,,,,,,,,,,,,
2026-08-14T19:16:33+05:30,0,88.11,5.672,37.13,0.21060136,,,,,,,,,,,,
2026-08-14T19:16:34+05:30,0,82.37,5.907,38.67,0.22842369,,,,,,,,,,,,
2026-08-14T19:16:35+05:30,0,86.76,4.813,31.51,0.15165763,,,,,,,,,,,,
2026-08-14T19:16:36+05:30,3,92.86,4.325,28.31,0.12244075,,,,,,,,,,,,
2026-08-14T19:16:37+05:30,1.8,100.33,2.812,18.41,0.05176892,,,,,,,,,,,,
2026-08-14T19:16:38+05:30,0,86.97,2.609,17.08,0.04456172,,,,,,,,,,,,
2026-08-14T19:16:39+05:30,0,88.68,4.123,26.99,0.11127977,,,,,,,,,,,,
2026-08-14T19:16:40+05:30,0,92.11,2.230,14.60,0.032558,,,,,,,,,,,,
2026-08-14T19:16:41+05:30,0,90.22,3.820,25.01,0.0955382,,,,,,,,,,,,
2026-08-14T19:16:42+05:30,0,83.16,1.925,12.60,0.024255,,,,,,,,,,,,
2026-08-14T19:16:43+05:30,0,86.48,1.355,8.87,0.01201885,,,,,,,,,,,,
2026-08-14T19:16:44+05:30,1.5,81.90,1.287,8.42,0.01083654,,,,,,,,,,,,
2026-08-14T19:16:45+05:30,0,84.17,4.325,28.31,0.12244075,,,,,,,,,,,,
2026-08-14T19:16:46+05:30,0,96.49,3.085,20.19,0.06228615,,,,,,,,,,,,
2026-08-14T19:16:47+05:30,4.3,83.22,3.400,22.26,0.075684,,,,,,,,,,,,
2026-08-14T19:16:48+05:30,0,71.56,4.208,27.55,0.1159304,,,,,,,,,,,,
2026-08-14T19:16:49+05:30,3.7,77.47,2.681,17.55,0.04705155,,,,,,,,,,,,
2026-08-14T19:16:50+05:30,6.5,107.45,2.881,18.86,0.05433566,,,,,,,,,,,,
2026-08-14T19:16:51+05:30,4.3,108.12,1.272,8.33,0.01059576,,,,,,,,,,,,
2026-08-14T19:16:52+05:30,0,92.03,2.193,14.36,0.03149148,,,,,,,,,,,,
2026-08-14T19:16:53+05:30,0,97.09,0.937,6.13,0.00574381,,,,,,,,,,,,
2026-08-14T19:16:54+05:30,0,92.33,2.930,19.18,0.0561974,,,,,,,,,,,,
2026-08-14T19:16:55+05:30,0,83.42,1.562,10.22,0.01596364,,,,,,,,,,,,
2026-08-14T19:16:56+05:30,2.6,73.27,1.409,9.22,0.01299098,,,,,,,,,,,,
2026-08-14T19:16:57+05:30,0,68.18,2.688,17.60,0.0473088,,,,,,,,,,,,
2026-08-14T19:16:58+05:30,0,77.46,4.208,27.55,0.1159304,,,,,,,,,,,,
2026-08-14T19:16:59+05:30,0,87.36,2.886,18.89,0.05451654,,,,,,,,,,,,
2026-08-14T19:17:00+05:30,0,98.23,3.989,26.11,0.10415279,,,,,,,,,,,,
2026-08-14T19:17:01+05:30,1.1,96.00,4.292,28.09,0.12056228,,,,,,,,,,,,
2026-08-14T19:17:02+05:30,0,91.13,4.611,30.18,0.13915998,,,,,,,,,,,,
2026-08-14T19:17:03+05:30,0,94.16,3.820,25.01,0.0955382,,,,,,,,,,,,
2026-08-14T19:17:04+05:30,0,100.66,2.386,15.62,0.03726932,,,,,,,,,,,,
2026-08-14T19:17:05+05:30,0,91.03,1.134,7.42,0.00841428,,,,,,,,,,,,
2026-08-14T19:17:06+05:30,0,84.49,0.875,5.73,0.00501375,,,,,,,,,,,,
2026-08-14T19:17:07+05:30,0,88.61,0.000,0.00,0,,,,,,,,,,,,
2026-08-14T19:17:08+05:30,3.2,74.38,0.000,0.00,0,,,,,,,,,,,,
2026-08-14T19:17:09+05:30,0.6,78.02,0.838,5.49,0.00460062,,,,,,,,,,,,
2026-08-14T19:17:10+05:30,0,82.15,3.085,20.19,0.06228615,,,,,,,,,,,,
2026-08-14T19:17:11+05:30,4,89.03,0.725,4.75,0.00344375,,,,,,,,,,,,
2026-08-14T19:17:12+05:30,0,98.60,0.737,4.82,0.00355234,,,,,,,,,,,,
2026-08-14T19:17:13+05:30,0,99.45,3.787,24.79,0.09387973,,,,,,,,,,,,
2026-08-14T19:17:14+05:30,0.3,91.97,1.286,8.42,0.01082812,,,,,,,,,,,,
2026-08-14T19:17:15+05:30,0,83.06,0.936,6.13,0.00573768,,,,,,,,,,,,
2026-08-14T19:17:16+05:30,0,80.72,1.244,8.14,0.01012616,,,,,,,,,,,,
2026-08-14T19:17:17+05:30,0,77.63,0.734,4.80,0.0035232,,,,,,,,,,,,
2026-08-14T19:17:18+05:30,0.8,94.94,0.737,4.82,0.00355234,,,,,,,,,,,,
2026-08-14T19:17:19+05:30,0,104.47,1.111,7.27,0.00807697,,,,,,,,,,,,
2026-08-14T19:17:20+05:30,0.5,93.98,1.845,12.08,0.0222876,,,,,,,,,,,,
2026-08-14T19:17:21+05:30,0,87.21,1.370,8.97,0.0122889,,,,,,,,,,,,
2026-08-14T19:17:22+05:30,0,93.97,0.725,4.75,0.00344375,,,,,,,,,,,,
2026-08-14T19:17:23+05:30,2.4,88.48,0.964,6.31,0.00608284,,,,,,,,,,,,
2026-08-14T19:17:24+05:30,0,73.84,1.185,7.76,0.0091956,,,,,,,,,,,,
2026-08-14T19:17:25+05:30,0,73.61,3.635,23.79,0.08647665,,,,,,,,,,,,
2026-08-14T19:17:26+05:30,0,81.68,2.338,15.30,0.0357714,,,,,,,,,,,,
2026-08-14T19:17:27+05:30,0,96.03,3.400,22.26,0.075684,,,,,,,,,,,,
2026-08-14T19:17:28+05:30,0,92.90,1.222,8.00,0.009776,,,,,,,,,,,,
2026-08-14T19:17:29+05:30,0,99.27,0.752,4.92,0.00369984,,,,,,,,,,,,
2026-08-14T19:17:30+05:30,0,99.50,0.000,0.00,0,,,,,,,,,,,,
2026-08-14T19:17:31+05:30,0,83.91,0.890,5.83,0.0051887,,,,,,,,,,,,
2026-08-14T19:17:32+05:30,0,77.96,0.729,4.77,0.00347733,,,,,,,,,,,,
2026-08-14T19:17:33+05:30,0,88.75,0.761,4.98,0.00378978,,,,,,,,,,,,
2026-08-14T19:17:34+05:30,0,86.09,0.976,6.39,0.00623664,,,,,,,,,,,,
2026-08-14T19:17:35+05:30,0,91.63,1.037,6.79,0.00704123,,,,,,,,,,,,
2026-08-14T19:17:36+05:30,1,92.10,1.370,8.97,0.0122889,,,,,,,,,,,,
2026-08-14T19:17:37+05:30,0,99.94,2.659,17.41,0.04629319,,,,,,,,,,,,
2026-08-14T19:17:38+05:30,0,100.07,3.719,24.34,0.09052046,,,,,,,,,,,,
2026-08-14T19:17:39+05:30,6.5,82.95,4.847,31.73,0.15379531,,,,,,,,,,,,
2026-08-14T19:17:40+05:30,0,66.36,5.503,36.02,0.19821806,,,,,,,,,,,,
2026-08-14T19:17:41+05:30,1.1,74.66,3.955,25.89,0.10239495,,,,,,,,,,,,
2026-08-14T19:17:42+05:30,4.2,88.66,2.309,15.11,0.03488899,,,,,,,,,,,,
2026-08-14T19:17:43+05:30,0,93.42,0.761,4.98,0.00378978,,,,,,,,,,,,
2026-08-14T19:17:44+05:30,0,87.38,0.000,0.00,0,,,,,,,,,,,,
2026-08-14T19:17:45+05:30,1,93.14,0.000,0.00,0,,,,,,,,,,,,
2026-08-14T19:17:46+05:30,0,95.18,0.000,0.00,0,,,,,,,,,,,,
2026-08-14T19:17:47+05:30,0,99.21,0.761,4.98,0.00378978,,,,,,,,,,,,
2026-08-14T19:17:48+05:30,0.4,87.06,0.720,4.71,0.0033912,,,,,,,,,,,,
2026-08-14T19:17:49+05:30,6.2,95.39,3.602,23.58,0.08493516,,,,,,,,,,,,
2026-08-14T19:17:50+05:30,2,100.86,3.787,24.79,0.09387973,,,,,,,,,,,,
2026-08-14T19:17:51+05:30,2.2,85.75,4.409,28.86,0.12724374,,,,,,,,,,,,
2026-08-14T19:17:52+05:30,0,76.63,3.820,25.01,0.0955382,,,,,,,,,,,,
2026-08-14T19:17:53+05:30,0,70.20,8.634,56.52,0.48799368,,,,,,,,,,,,
2026-08-14T19:17:54+05:30,2.1,80.69,4.780,31.29,0.1495662,,,,,,,,,,,,
2026-08-14T19:17:55+05:30,0,82.42,7.523,49.24,0.37043252,,,,,,,,,,,,
2026-08-14T19:17:56+05:30,0,87.09,12.000,78.55,0.9426,,,,,,,,,,,,
2026-08-14T19:17:57+05:30,0,89.61,6.278,41.10,0.2580258,,,,,,,,,,,,
2026-08-14T19:17:58+05:30,0,99.89,4.797,31.40,0.1506258,,,,,,,,,,,,
2026-08-14T19:17:59+05:30,0,93.77,5.621,36.79,0.20679659,,,,,,,,,,,,
2026-08-14T19:18:00+05:30,2.8,103.29,4.056,26.55,0.1076868,,,,,,,,,,,,
2026-08-14T19:18:01+05:30,0,113.19,2.082,13.63,0.02837766,,,,,,,,,,,,
2026-08-14T19:18:02+05:30,5.1,94.33,3.905,25.56,0.0998118,,,,,,,,,,,,
2026-08-14T19:18:03+05:30,2.5,69.13,1.382,9.05,0.0125071,,,,,,,,,,,,
2026-08-14T19:18:04+05:30,2.9,62.74,0.729,4.77,0.00347733,,,,,,,,,,,,
2026-08-14T19:18:05+05:30,4.4,90.19,1.446,9.47,0.01369362,,,,,,,,,,,,
2026-08-14T19:18:06+05:30,6.6,78.02,0.789,5.16,0.00407124,,,,,,,,,,,,
2026-08-14T19:18:07+05:30,1.9,73.22,3.753,24.57,0.09221121,,,,,,,,,,,,
2026-08-14T19:18:08+05:30,1.4,86.81,5.705,37.34,0.2130247,,,,,,,,,,,,
2026-08-14T19:18:09+05:30,2.2,105.39,5.083,33.27,0.16911141,,,,,,,,,,,,
2026-08-14T19:18:10+05:30,3.6,101.33,3.753,24.57,0.09221121,,,,,,,,,,,,
2026-08-14T19:18:11+05:30,0,96.92,3.804,24.90,0.0947196,,,,,,,,,,,,
2026-08-14T19:18:12+05:30,2.3,89.34,3.316,21.71,0.07199036,,,,,,,,,,,,
2026-08-14T19:18:13+05:30,1.2,95.14,1.239,8.11,0.01004829,,,,,,,,,,,,
2026-08-14T19:18:14+05:30,3.7,93.95,2.179,14.26,0.03107254,,,,,,,,,,,,
2026-08-14T19:18:15+05:30,0,77.57,1.264,8.27,0.01045328,,,,,,,,,,,,
2026-08-14T19:18:16+05:30,0,62.62,4.123,26.99,0.11127977,,,,,,,,,,,,
2026-08-14T19:18:17+05:30,7.6,92.23,2.439,15.97,0.03895083,,,,,,,,,,,,
2026-08-14T19:18:18+05:30,0,104.17,0.741,4.85,0.00359385,,,,,,,,,,,,
2026-08-14T19:18:19+05:30,1.9,92.72,3.618,23.68,0.08567424,,,,,,,,,,,,
2026-08-14T19:18:20+05:30,0,77.51,7.035,46.05,0.32396175,,,,,,,,,,,,
2026-08-14T19:18:21+05:30,0,81.32,4.208,27.55,0.1159304,,,,,,,,,,,,
2026-08-14T19:18:22+05:30,0,101.44,8.264,54.10,0.4470824,,,,,,,,,,,,
2026-08-14T19:18:23+05:30,0,88.39,4.409,28.86,0.12724374,,,,,,,,,,,,
2026-08-14T19:18:24+05:30,0,87.37,3.921,25.67,0.10065207,,,,,,,,,,,,
2026-08-14T19:18:25+05:30,0,81.26,5.705,37.34,0.2130247,,,,,,,,,,,,
2026-08-14T19:18:26+05:30,4.6,91.13,4.039,26.44,0.10679116,,,,,,,,,,,,
2026-08-14T19:18:27+05:30,1.6,93.74,7.893,51.67,0.40783131,,,,,,,,,,,,
2026-08-14T19:18:28+05:30,0,83.49,10.148,66.43,0.67413164,,,,,,,,,,,,
2026-08-14T19:18:29+05:30,0,96.95,4.578,29.97,0.13720266,,,,,,,,,,,,
2026-08-14T19:18:30+05:30,0,94.34,4.679,30.63,0.14331777,,,,,,,,,,,,
2026-08-14T19:18:31+05:30,1.5,92.74,2.558,16.74,0.04282092,,,,,,,,,,,,
2026-08-14T19:18:32+05:30,0,84.95,2.663,17.43,0.04641609,,,,,,,,,,,,
2026-08-14T19:18:33+05:30,0,85.97,3.753,24.57,0.09221121,,,,,,,,,,,,
2026-08-14T19:18:34+05:30,0,83.31,3.316,21.71,0.07199036,,,,,,,,,,,,
2026-08-14T19:18:35+05:30,1.4,82.01,2.551,16.70,0.0426017,,,,,,,,,,,,
2026-08-14T19:18:36+05:30,0,78.17,1.515,9.92,0.0150288,,,,,,,,,,,,
2026-08-14T19:18:37+05:30,0,85.57,5.251,34.37,0.18047687,,,,,,,,,,,,
2026-08-14T19:18:38+05:30,0,92.86,5.739,37.57,0.21561423,,,,,,,,,,,,
2026-08-14T19:18:39+05:30,0,89.54,5.015,32.83,0.16464245,,,,,,,,,,,,
2026-08-14T19:18:40+05:30,1,99.51,4.780,31.29,0.1495662,,,,,,,,,,,,
2026-08-14T19:18:41+05:30,0,103.88,7.052,46.16,0.32552032,,,,,,,,,,,,
2026-08-14T19:18:42+05:30,0,86.23,11.192,73.26,0.81992592,,,,,,,,,,,,
2026-08-14T19:18:43+05:30,2.4,92.80,7.860,51.45,0.404397,,,,,,,,,,,,
2026-08-14T19:18:44+05:30,0,79.95,8.583,56.18,0.48219294,,,,,,,,,,,,
2026-08-14T19:18:45+05:30,2.2,81.53,4.107,26.88,0.11039616,,,,,,,,,,,,
2026-08-14T19:18:46+05:30,0,92.76,3.820,25.01,0.0955382,,,,,,,,,,,,
2026-08-14T19:18:47+05:30,0,91.10,8.078,52.88,0.42716464,,,,,,,,,,,,
2026-08-14T19:18:48+05:30,0,80.13,5.386,35.26,0.18991036,,,,,,,,,,,,
2026-08-14T19:18:49+05:30,3.6,88.74,6.109,39.99,0.24429891,,,,,,,,,,,,
2026-08-14T19:18:50+05:30,0,91.55,9.509,62.24,0.59184016,,,,,,,,,,,,
2026-08-14T19:18:51+05:30,0.2,91.29,6.379,41.76,0.26638704,,,,,,,,,,,,
2026-08-14T19:18:52+05:30,1.8,89.10,6.614,43.29,0.28632006,,,,,,,,,,,,
2026-08-14T19:18:53+05:30,0,79.25,13.464,88.13,1.18658232,,,,,,,,,,,,
2026-08-14T19:18:54+05:30,0,80.32,3.888,25.45,0.0989496,,,,,,,,,,,,
2026-08-14T19:18:55+05:30,1.3,89.40,2.348,15.37,0.03608876,,,,,,,,,,,,
2026-08-14T19:18:56+05:30,0,100.20,6.463,42.31,0.27344953,,,,,,,,,,,,
2026-08-14T19:18:57+05:30,0,91.86,3.719,24.34,0.09052046,,,,,,,,,,,,
2026-08-14T19:18:58+05:30,0,94.78,2.137,13.99,0.02989663,,,,,,,,,,,,
2026-08-14T19:18:59+05:30,0.8,98.72,1.356,8.88,0.01204128,,,,,,,,,,,,
2026-08-14T19:19:00+05:30,2.1,100.70,2.957,19.36,0.05724752,,,,,,,,,,,,
2026-08-14T19:19:01+05:30,4.6,83.25,4.561,29.86,0.13619146,,,,,,,,,,,,
2026-08-14T19:19:02+05:30,0,64.65,2.644,17.31,0.04576764,,,,,,,,,,,,
2026-08-14T19:19:03+05:30,0,64.14,3.450,22.58,0.077901,,,,,,,,,,,,
2026-08-14T19:19:04+05:30,4.8,80.40,5.402,35.36,0.19101472,,,,,,,,,,,,
2026-08-14T19:19:05+05:30,0,102.72,4.965,32.50,0.1613625,,,,,,,,,,,,
2026-08-14T19:19:06+05:30,0.2,94.62,3.046,19.94,0.06073724,,,,,,,,,,,,
2026-08-14T19:19:07+05:30,0.6,92.27,2.551,16.70,0.0426017,,,,,,,,,,,,
2026-08-14T19:19:08+05:30,0,104.46,1.303,8.53,0.01111459,,,,,,,,,,,,
2026-08-14T19:19:09+05:30,0,103.43,3.837,25.12,0.09638544,,,,,,,,,,,,
2026-08-14T19:19:10+05:30,0,100.46,3.484,22.81,0.07947004,,,,,,,,,,,,
2026-08-14T19:19:11+05:30,8.1,77.18,9.930,65.00,0.64545,,,,,,,,,,,,
2026-08-14T19:19:12+05:30,4.5,65.69,9.256,60.59,0.56082104,,,,,,,,,,,,
2026-08-14T19:19:13+05:30,1,81.10,2.188,14.32,0.03133216,,,,,,,,,,,,
2026-08-14T19:19:14+05:30,0,91.49,1.082,7.08,0.00766056,,,,,,,,,,,,
2026-08-14T19:19:15+05:30,0.6,81.76,0.813,5.32,0.00432516,,,,,,,,,,,,
2026-08-14T19:19:16+05:30,1.2,83.00,4.527,29.63,0.13413501,,,,,,,,,,,,
2026-08-14T19:19:17+05:30,0,91.95,9.425,61.70,0.5815225,,,,,,,,,,,,
2026-08-14T19:19:18+05:30,0,99.07,5.066,33.16,0.16798856,,,,,,,,,,,,
2026-08-14T19:19:19+05:30,4.3,98.25,2.179,14.26,0.03107254,,,,,,,,,,,,
2026-08-14T19:19:20+05:30,0,90.45,3.366,22.03,0.07415298,,,,,,,,,,,,
2026-08-14T19:19:21+05:30,0,92.14,4.847,31.73,0.15379531,,,,,,,,,,,,
2026-08-14T19:19:22+05:30,0.9,92.95,3.686,24.13,0.08894318,,,,,,,,,,,,
2026-08-14T19:19:23+05:30,0.7,85.06,6.379,41.76,0.26638704,,,,,,,,,,,,
2026-08-14T19:19:24+05:30,0,78.02,5.167,33.82,0.17474794,,,,,,,,,,,,
2026-08-14T19:19:25+05:30,4.2,82.30,2.614,17.11,0.04472554,,,,,,,,,,,,
2026-08-14T19:19:26+05:30,0,97.50,1.902,12.45,0.0236799,,,,,,,,,,,,
2026-08-14T19:19:27+05:30,3.8,90.93,0.998,6.53,0.00651694,,,,,,,,,,,,
2026-08-14T19:19:28+05:30,0,76.30,0.937,6.13,0.00574381,,,,,,,,,,,,
2026-08-14T19:19:29+05:30,1.5,83.54,1.750,11.46,0.020055,,,,,,,,,,,,
2026-08-14T19:19:30+05:30,0,92.52,3.517,23.02,0.08096134,,,,,,,,,,,,
2026-08-14T19:19:31+05:30,0.1,103.46,1.947,12.74,0.02480478,,,,,,,,,,,,
2026-08-14T19:19:32+05:30,3.1,103.10,0.761,4.98,0.00378978,,,,,,,,,,,,
2026-08-14T19:19:33+05:30,4.1,87.52,1.367,8.95,0.01223465,,,,,,,,,,,,
2026-08-14T19:19:34+05:30,0,76.83,0.783,5.13,0.00401679,,,,,,,,,,,,
2026-08-14T19:19:35+05:30,0,83.58,1.367,8.95,0.01223465,,,,,,,,,,,,
2026-08-14T19:19:36+05:30,0.4,84.39,3.332,21.81,0.07267092,,,,,,,,,,,,
2026-08-14T19:19:37+05:30,0,87.54,3.332,21.81,0.07267092,,,,,,,,,,,,
2026-08-14T19:19:38+05:30,0,88.29,4.443,29.08,0.12920244,,,,,,,,,,,,
2026-08-14T19:19:39+05:30,1.2,86.20,3.703,24.24,0.08976072,,,,,,,,,,,,
2026-08-14T19:19:40+05:30,4.2,107.19,3.316,21.71,0.07199036,,,,,,,,,,,,
2026-08-14T19:19:41+05:30,0.6,108.28,3.989,26.11,0.10415279,,,,,,,,,,,,
2026-08-14T19:19:42+05:30,5.3,89.84,2.824,18.49,0.05221576,,,,,,,,,,,,
2026-08-14T19:19:43+05:30,0,79.98,3.618,23.68,0.08567424,,,,,,,,,,,,
2026-08-14T19:19:44+05:30,0,72.21,1.996,13.07,0.02608772,,,,,,,,,,,,
2026-08-14T19:19:45+05:30,0,82.90,3.972,26.00,0.103272,,,,,,,,,,,,
2026-08-14T19:19:46+05:30,0,79.35,5.116,33.49,0.17133484,,,,,,,,,,,,
2026-08-14T19:19:47+05:30,0.4,80.59,5.066,33.16,0.16798856,,,,,,,,,,,,
2026-08-14T19:19:48+05:30,0,91.33,5.907,38.67,0.22842369,,,,,,,,,,,,
2026-08-14T19:19:49+05:30,0,96.57,5.655,37.02,0.2093481,,,,,,,,,,,,
2026-08-14T19:19:50+05:30,2.9,107.00,2.757,18.05,0.04976385,,,,,,,,,,,,
2026-08-14T19:19:51+05:30,0,114.17,3.820,25.01,0.0955382,,,,,,,,,,,,
2026-08-14T19:19:52+05:30,7.5,90.05,4.325,28.31,0.12244075,,,,,,,,,,,,
2026-08-14T19:19:53+05:30,0,74.94,3.450,22.58,0.077901,,,,,,,,,,,,
2026-08-14T19:19:54+05:30,0,87.56,2.245,14.70,0.0330015,,,,,,,,,,,,
2026-08-14T19:19:55+05:30,0,84.84,2.309,15.11,0.03488899,,,,,,,,,,,,
2026-08-14T19:19:56+05:30,1.9,77.61,1.917,12.55,0.02405835,,,,,,,,,,,,
2026-08-14T19:19:57+05:30,0,67.65,2.010,13.16,0.0264516,,,,,,,,,,,,
2026-08-14T19:19:58+05:30,2.8,78.20,0.720,4.71,0.0033912,,,,,,,,,,,,
2026-08-14T19:19:59+05:30,2.8,103.03,1.333,8.73,0.01163709,,,,,,,,,,,,
2026-08-14T19:20:00+05:30,0,106.26,2.137,13.99,0.02989663,,,,,,,,,,,,
2026-08-14T19:20:01+05:30,0,101.16,3.686,24.13,0.08894318,,,,,,,,,,,,
2026-08-14T19:20:02+05:30,0.1,92.50,3.366,22.03,0.07415298,,,,,,,,,,,,
2026-08-14T19:20:03+05:30,0,90.24,7.085,46.38,0.3286023,,,,,,,,,,,,
2026-08-14T19:20:04+05:30,0,88.07,5.672,37.13,0.21060136,,,,,,,,,,,,
2026-08-14T19:20:05+05:30,0.9,79.52,6.025,39.44,0.237626,,,,,,,,,,,,
2026-08-14T19:20:06+05:30,2.4,82.68,5.487,35.92,0.19709304,,,,,,,,,,,,
2026-08-14T19:20:07+05:30,0,94.71,9.576,62.68,0.60022368,,,,,,,,,,,,
2026-08-14T19:20:08+05:30,0,94.71,10.334,67.65,0.6990951,,,,,,,,,,,,
2026-08-14T19:20:09+05:30,1.8,83.85,9.677,63.34,0.61294118,,,,,,,,,,,,
2026-08-14T19:20:10+05:30,0,78.57,13.212,86.48,1.14257376,,,,,,,,,,,,
2026-08-14T19:20:11+05:30,0,83.65,5.285,34.60,0.182861,,,,,,,,,,,,
2026-08-14T19:20:12+05:30,0.5,90.48,4.073,26.66,0.10858618,,,,,,,,,,,,
2026-08-14T19:20:13+05:30,0.2,87.32,4.662,30.52,0.14228424,,,,,,,,,,,,
2026-08-14T19:20:14+05:30,2.9,86.57,2.179,14.26,0.03107254,,,,,,,,,,,,
2026-08-14T19:20:15+05:30,2.6,110.87,4.510,29.52,0.1331352,,,,,,,,,,,,
2026-08-14T19:20:16+05:30,7.4,100.17,3.955,25.89,0.10239495,,,,,,,,,,,,
2026-08-14T19:20:17+05:30,0,90.40,4.376,28.64,0.12532864,,,,,,,,,,,,
2026-08-14T19:20:18+05:30,0,88.67,4.611,30.18,0.13915998,,,,,,,,,,,,
2026-08-14T19:20:19+05:30,1.9,78.93,5.470,35.81,0.1958807,,,,,,,,,,,,
2026-08-14T19:20:20+05:30,3.7,76.30,16.662,109.07,1.81732434,,,,,,,,,,,,
2026-08-14T19:20:21+05:30,0,88.98,15.349,100.47,1.54211403,,,,,,,,,,,,
2026-08-14T19:20:22+05:30,0,92.21,12.202,79.87,0.97457374,,,,,,,,,,,,
2026-08-14T19:20:23+05:30,0,88.37,9.980,65.33,0.6519934,,,,,,,,,,,,
2026-08-14T19:20:24+05:30,0,91.20,13.212,86.48,1.14257376,,,,,,,,,,,,
2026-08-14T19:20:25+05:30,1.4,93.12,15.097,98.82,1.49188554,,,,,,,,,,,,
2026-08-14T19:20:26+05:30,0,95.60,15.702,102.78,1.61385156,,,,,,,,,,,,
2026-08-14T19:20:27+05:30,0,87.93,16.376,107.20,1.7555072,,,,,,,,,,,,
2026-08-14T19:20:28+05:30,0,88.75,12.622,82.62,1.04282964,,,,,,,,,,,,
2026-08-14T19:20:29+05:30,0,82.15,5.116,33.49,0.17133484,,,,,,,,,,,,
2026-08-14T19:20:30+05:30,0,80.90,4.325,28.31,0.12244075,,,,,,,,,,,,
2026-08-14T19:20:31+05:30,0,86.27,4.460,29.19,0.1301874,,,,,,,,,,,,
2026-08-14T19:20:32+05:30,0,95.74,3.635,23.79,0.08647665,,,,,,,,,,,,
2026-08-14T19:20:33+05:30,0,102.52,4.409,28.86,0.12724374,,,,,,,,,,,,
2026-08-14T19:20:34+05:30,0,92.00,3.585,23.47,0.08413995,,,,,,,,,,,,
2026-08-14T19:20:35+05:30,0,86.05,3.905,25.56,0.0998118,,,,,,,,,,,,
2026-08-14T19:20:36+05:30,0,89.55,6.126,40.10,0.2456526,,,,,,,,,,,,
2026-08-14T19:20:37+05:30,0,91.09,8.381,54.86,0.45978166,,,,,,,,,,,,
2026-08-14T19:20:38+05:30,0.7,86.25,5.621,36.79,0.20679659,,,,,,,,,,,,
2026-08-14T19:20:39+05:30,0,76.66,7.052,46.16,0.32552032,,,,,,,,,,,,
2026-08-14T19:20:40+05:30,2.3,82.88,5.655,37.02,0.2093481,,,,,,,,,,,,
2026-08-14T19:20:41+05:30,0,94.74,9.593,62.79,0.60234447,,,,,,,,,,,,
2026-08-14T19:20:42+05:30,0,88.11,10.536,68.97,0.72666792,,,,,,,,,,,,
2026-08-14T19:20:43+05:30,0.3,94.86,8.078,52.88,0.42716464,,,,,,,,,,,,
2026-08-14T19:20:44+05:30,1.2,98.76,4.763,31.18,0.14851034,,,,,,,,,,,,
2026-08-14T19:20:45+05:30,0,94.08,5.015,32.83,0.16464245,,,,,,,,,,,,
2026-08-14T19:20:46+05:30,0,86.20,3.534,23.13,0.08174142,,,,,,,,,,,,
2026-08-14T19:20:47+05:30,0,84.15,6.025,39.44,0.237626,,,,,,,,,,,,
2026-08-14T19:20:48+05:30,0,84.21,9.862,64.56,0.63669072,,,,,,,,,,,,
2026-08-14T19:20:49+05:30,0,77.24,13.767,90.12,1.24068204,,,,,,,,,,,,
2026-08-14T19:20:50+05:30,2,93.39,11.848,77.56,0.91893088,,,,,,,,,,,,
2026-08-14T19:20:51+05:30,0,97.12,9.559,62.57,0.59810663,,,,,,,,,,,,
2026-08-14T19:20:52+05:30,0,92.24,17.284,113.14,1.95551176,,,,,,,,,,,,
2026-08-14T19:20:53+05:30,0,88.35,9.593,62.79,0.60234447,,,,,,,,,,,,
2026-08-14T19:20:54+05:30,2.1,96.30,7.052,46.16,0.32552032,,,,,,,,,,,,
2026-08-14T19:20:55+05:30,0,106.14,9.425,61.70,0.5815225,,,,,,,,,,,,
2026-08-14T19:20:56+05:30,6.7,84.52,5.520,36.13,0.1994376,,,,,,,,,,,,
2026-08-14T19:20:57+05:30,0,68.29,13.346,87.36,1.16590656,,,,,,,,,,,,
2026-08-14T19:20:58+05:30,0,81.47,13.918,91.11,1.26806898,,,,,,,,,,,,
2026-08-14T19:20:59+05:30,2.2,72.66,14.659,95.96,1.40667764,,,,,,,,,,,,
2026-08-14T19:21:00+05:30,2.3,90.81,14.356,93.97,1.34903332,,,,,,,,,,,,
2026-08-14T19:21:01+05:30,0,104.05,14.642,95.85,1.4034357,,,,,,,,,,,,
2026-08-14T19:21:02+05:30,0,92.52,10.687,69.96,0.74766252,,,,,,,,,,,,
2026-08-14T19:21:03+05:30,0,100.44,16.308,106.75,1.740879,,,,,,,,,,,,
2026-08-14T19:21:04+05:30,0,100.09,9.862,64.56,0.63669072,,,,,,,,,,,,
2026-08-14T19:21:05+05:30,0.1,100.95,14.255,93.31,1.33013405,,,,,,,,,,,,
2026-08-14T19:21:06+05:30,0.6,85.76,16.140,105.65,1.705191,,,,,,,,,,,,
2026-08-14T19:21:07+05:30,4.6,70.21,19.674,128.78,2.53361772,,,,,,,,,,,,
2026-08-14T19:21:08+05:30,1.1,65.01,14.642,95.85,1.4034357,,,,,,,,,,,,
2026-08-14T19:21:09+05:30,4.2,91.21,10.569,69.18,0.73116342,,,,,,,,,,,,
2026-08-14T19:21:10+05:30,0,97.89,8.701,56.96,0.49560896,,,,,,,,,,,,
2026-08-14T19:21:11+05:30,1.7,85.08,5.251,34.37,0.18047687,,,,,,,,,,,,
2026-08-14T19:21:12+05:30,0,85.91,1.925,12.60,0.024255,,,,,,,,,,,,
2026-08-14T19:21:13+05:30,0,98.81,4.628,30.29,0.14018212,,,,,,,,,,,,
2026-08-14T19:21:14+05:30,5.1,103.47,3.299,21.59,0.07122541,,,,,,,,,,,,
2026-08-14T19:21:15+05:30,2,113.70,7.052,46.16,0.32552032,,,,,,,,,,,,
2026-08-14T19:21:16+05:30,10,82.88,6.227,40.76,0.25381252,,,,,,,,,,,,
2026-08-14T19:21:17+05:30,0,57.18,6.968,45.61,0.31781048,,,,,,,,,,,,
2026-08-14T19:21:18+05:30,1.7,82.18,18.850,123.39,2.3259015,,,,,,,,,,,,
2026-08-14T19:21:19+05:30,0,88.02,15.097,98.82,1.49188554,,,,,,,,,,,,
2026-08-14T19:21:20+05:30,2.5,92.84,11.428,74.81,0.85492868,,,,,,,,,,,,
2026-08-14T19:21:21+05:30,0,80.04,12.471,81.63,1.01800773,,,,,,,,,,,,
2026-08-14T19:21:22+05:30,1.4,92.33,6.294,41.20,0.2593128,,,,,,,,,,,,
2026-08-14T19:21:23+05:30,2.6,109.09,9.576,62.68,0.60022368,,,,,,,,,,,,
2026-08-14T19:21:24+05:30,0.2,117.38,9.156,59.93,0.54871908,,,,,,,,,,,,
2026-08-14T19:21:25+05:30,3.9,94.68,2.410,15.78,0.0380298,,,,,,,,,,,,
2026-08-14T19:21:26+05:30,4.2,76.93,5.975,39.11,0.23368225,,,,,,,,,,,,
2026-08-14T19:21:27+05:30,0,68.23,5.537,36.24,0.20066088,,,,,,,,,,,,
2026-08-14T19:21:28+05:30,0,72.93,4.679,30.63,0.14331777,,,,,,,,,,,,
2026-08-14T19:21:29+05:30,3.1,81.68,3.602,23.58,0.08493516,,,,,,,,,,,,
2026-08-14T19:21:30+05:30,0,94.07,8.785,57.51,0.50522535,,,,,,,,,,,,
2026-08-14T19:21:31+05:30,3,89.48,5.318,34.81,0.18511958,,,,,,,,,,,,
2026-08-14T19:21:32+05:30,2.3,87.99,11.360,74.36,0.8447296,,,,,,,,,,,,
2026-08-14T19:21:33+05:30,0.4,106.75,11.529,75.47,0.87009363,,,,,,,,,,,,
2026-08-14T19:21:34+05:30,0,114.20,9.458,61.91,0.58554478,,,,,,,,,,,,
2026-08-14T19:21:35+05:30,3.8,95.14,8.768,57.39,0.50319552,,,,,,,,,,,,
2026-08-14T19:21:36+05:30,0,82.42,8.667,56.73,0.49167891,,,,,,,,,,,,
2026-08-14T19:21:37+05:30,0,88.73,6.379,41.76,0.26638704,,,,,,,,,,,,
2026-08-14T19:21:38+05:30,0,84.97,2.765,18.10,0.0500465,,,,,,,,,,,,
2026-08-14T19:21:39+05:30,6.1,71.27,5.083,33.27,0.16911141,,,,,,,,,,,,
2026-08-14T19:21:40+05:30,0.3,58.26,7.860,51.45,0.404397,,,,,,,,,,,,
2026-08-14T19:21:41+05:30,5.1,78.60,12.202,79.87,0.97457374,,,,,,,,,,,,
2026-08-14T19:21:42+05:30,2.6,113.67,7.018,45.94,0.32240692,,,,,,,,,,,,
2026-08-14T19:21:43+05:30,3.3,106.80,6.698,43.84,0.29364032,,,,,,,,,,,,
2026-08-14T19:21:44+05:30,0,89.60,9.458,61.91,0.58554478,,,,,,,,,,,,
2026-08-14T19:21:45+05:30,0.4,103.79,5.470,35.81,0.1958807,,,,,,,,,,,,
2026-08-14T19:21:46+05:30,0.4,101.28,5.537,36.24,0.20066088,,,,,,,,,,,,
2026-08-14T19:21:47+05:30,0,93.49,8.903,58.28,0.51886684,,,,,,,,,,,,
2026-08-14T19:21:48+05:30,2.1,82.52,10.569,69.18,0.73116342,,,,,,,,,,,,
2026-08-14T19:21:49+05:30,0,81.81,10.536,68.97,0.72666792,,,,,,,,,,,,
2026-08-14T19:21:50+05:30,0,85.84,5.099,33.38,0.17020462,,,,,,,,,,,,
2026-08-14T19:21:51+05:30,0,76.72,6.244,40.87,0.25519228,,,,,,,,,,,,
2026-08-14T19:21:52+05:30,0,72.81,5.890,38.56,0.2271184,,,,,,,,,,,,
2026-08-14T19:21:53+05:30,3.7,70.77,5.167,33.82,0.17474794,,,,,,,,,,,,
2026-08-14T19:21:54+05:30,7.7,101.21,6.379,41.76,0.26638704,,,,,,,,,,,,
2026-08-14T19:21:55+05:30,0,110.19,6.867,44.95,0.30867165,,,,,,,,,,,,
2026-08-14T19:21:56+05:30,3,101.17,3.635,23.79,0.08647665,,,,,,,,,,,,
2026-08-14T19:21:57+05:30,0,104.78,3.400,22.26,0.075684,,,,,,,,,,,,
2026-08-14T19:21:58+05:30,3.2,99.66,7.085,46.38,0.3286023,,,,,,,,,,,,
2026-08-14T19:21:59+05:30,0.9,81.22,5.419,35.47,0.19221193,,,,,,,,,,,,
2026-08-14T19:22:00+05:30,0,74.59,6.092,39.88,0.24294896,,,,,,,,,,,,
2026-08-14T19:22:01+05:30,0,78.31,2.917,19.09,0.05568553,,,,,,,,,,,,
2026-08-14T19:22:02+05:30,0,85.64,0.905,5.92,0.0053576,,,,,,,,,,,,
2026-08-14T19:22:03+05:30,0,99.00,3.366,22.03,0.07415298,,,,,,,,,,,,
2026-08-14T19:22:04+05:30,3.8,86.67,3.938,25.78,0.10152164,,,,,,,,,,,,
2026-08-14T19:22:05+05:30,0.3,77.32,5.924,38.78,0.22973272,,,,,,,,,,,,
2026-08-14T19:22:06+05:30,5.4,101.20,9.862,64.56,0.63669072,,,,,,,,,,,,
2026-08-14T19:22:07+05:30,0,106.11,8.600,56.29,0.484094,,,,,,,,,,,,
2026-08-14T19:22:08+05:30,5.1,92.64,8.280,54.20,0.448776,,,,,,,,,,,,
2026-08-14T19:22:09+05:30,0,81.15,8.667,56.73,0.49167891,,,,,,,,,,,,
2026-08-14T19:22:10+05:30,0,83.09,7.254,47.48,0.34441992,,,,,,,,,,,,
2026-08-14T19:22:11+05:30,0,79.44,15.197,99.48,1.51179756,,,,,,,,,,,,
2026-08-14T19:22:12+05:30,1,77.67,5.975,39.11,0.23368225,,,,,,,,,,,,
2026-08-14T19:22:13+05:30,2.7,95.08,3.888,25.45,0.0989496,,,,,,,,,,,,
2026-08-14T19:22:14+05:30,0,107.98,4.510,29.52,0.1331352,,,,,,,,,,,,
2026-08-14T19:22:15+05:30,3,98.14,6.547,42.86,0.28060442,,,,,,,,,,,,
2026-08-14T19:22:16+05:30,0,88.00,8.785,57.51,0.50522535,,,,,,,,,,,,
2026-08-14T19:22:17+05:30,1.6,98.96,10.384,67.97,0.70580048,,,,,,,,,,,,
2026-08-14T19:22:18+05:30,0.5,93.65,5.975,39.11,0.23368225,,,,,,,,,,,,
2026-08-14T19:22:19+05:30,0,87.62,8.667,56.73,0.49167891,,,,,,,,,,,,
2026-08-14T19:22:20+05:30,4.7,71.02,5.503,36.02,0.19821806,,,,,,,,,,,,
2026-08-14T19:22:21+05:30,4,68.26,4.948,32.39,0.16026572,,,,,,,,,,,,
2026-08-14T19:22:22+05:30,0,92.46,3.820,25.01,0.0955382,,,,,,,,,,,,
2026-08-14T19:22:23+05:30,0,87.88,2.903,19.00,0.055157,,,,,,,,,,,,
2026-08-14T19:22:24+05:30,0,95.38,8.280,54.20,0.448776,,,,,,,,,,,,
2026-08-14T19:22:25+05:30,0,92.75,9.576,62.68,0.60022368,,,,,,,,,,,,
2026-08-14T19:22:26+05:30,3.3,101.67,4.140,27.10,0.112194,,,,,,,,,,,,
2026-08-14T19:22:27+05:30,3,101.18,4.729,30.96,0.14640984,,,,,,,,,,,,
2026-08-14T19:22:28+05:30,0.1,91.26,3.938,25.78,0.10152164,,,,,,,,,,,,
2026-08-14T19:22:29+05:30,2,100.89,7.792,51.01,0.39746992,,,,,,,,,,,,
2026-08-14T19:22:30+05:30,2.9,73.24,7.860,51.45,0.404397,,,,,,,,,,,,
2026-08-14T19:22:31+05:30,0,75.60,6.597,43.18,0.28485846,,,,,,,,,,,,
2026-08-14T19:22:32+05:30,5.2,94.36,7.052,46.16,0.32552032,,,,,,,,,,,,
2026-08-14T19:22:33+05:30,5.2,88.82,5.907,38.67,0.22842369,,,,,,,,,,,,
2026-08-14T19:22:34+05:30,0,71.37,7.102,46.49,0.33017198,,,,,,,,,,,,
2026-08-14T19:22:35+05:30,5.8,101.02,5.907,38.67,0.22842369,,,,,,,,,,,,
2026-08-14T19:22:36+05:30,3.9,97.04,5.167,33.82,0.17474794,,,,,,,,,,,,
2026-08-14T19:22:37+05:30,0,91.54,8.465,55.41,0.46904565,,,,,,,,,,,,
2026-08-14T19:22:38+05:30,0,92.12,7.860,51.45,0.404397,,,,,,,,,,,,
2026-08-14T19:22:39+05:30,0.2,88.26,4.123,26.99,0.11127977,,,,,,,,,,,,
2026-08-14T19:22:40+05:30,0,85.87,4.494,29.42,0.13221348,,,,,,,,,,,,
2026-08-14T19:22:41+05:30,0,97.13,4.056,26.55,0.1076868,,,,,,,,,,,,
2026-08-14T19:22:42+05:30,1.5,89.89,2.142,14.02,0.03003084,,,,,,,,,,,,
2026-08-14T19:22:43+05:30,0,87.26,3.905,25.56,0.0998118,,,,,,,,,,,,
2026-08-14T19:22:44+05:30,0,90.41,2.930,19.18,0.0561974,,,,,,,,,,,,
2026-08-14T19:22:45+05:30,0,83.87,7.085,46.38,0.3286023,,,,,,,,,,,,
2026-08-14T19:22:46+05:30,0,88.49,6.665,43.63,0.29079395,,,,,,,,,,,,
2026-08-14T19:22:47+05:30,0,87.97,7.372,48.26,0.35577272,,,,,,,,,,,,
2026-08-14T19:22:48+05:30,0,87.27,11.226,73.48,0.82488648,,,,,,,,,,,,
2026-08-14T19:22:49+05:30,0,84.28,18.732,122.62,2.29691784,,,,,,,,,,,,
2026-08-14T19:22:50+05:30,3.6,103.14,11.848,77.56,0.91893088,,,,,,,,,,,,
2026-08-14T19:22:51+05:30,2.5,101.08,7.944,52.00,0.413088,,,,,,,,,,,,
2026-08-14T19:22:52+05:30,0,84.65,8.465,55.41,0.46904565,,,,,,,,,,,,
2026-08-14T19:22:53+05:30,0,85.20,7.085,46.38,0.3286023,,,,,,,,,,,,
2026-08-14T19:22:54+05:30,0,90.29,5.655,37.02,0.2093481,,,,,,,,,,,,
2026-08-14T19:22:55+05:30,0,85.21,1.767,11.57,0.02044419,,,,,,,,,,,,
2026-08-14T19:22:56+05:30,0,86.13,1.134,7.42,0.00841428,,,,,,,,,,,,
2026-08-14T19:22:57+05:30,0,90.93,2.137,13.99,0.02989663,,,,,,,,,,,,
2026-08-14T19:22:58+05:30,0,90.05,3.122,20.44,0.06381368,,,,,,,,,,,,
2026-08-14T19:22:59+05:30,0,91.95,3.299,21.59,0.07122541,,,,,,,,,,,,
2026-08-14T19:23:00+05:30,0.4,90.39,5.773,37.79,0.21816167,,,,,,,,,,,,
2026-08-14T19:23:01+05:30,0,92.62,12.000,78.55,0.9426,,,,,,,,,,,,
2026-08-14T19:23:02+05:30,0.2,86.68,11.848,77.56,0.91893088,,,,,,,,,,,,
2026-08-14T19:23:03+05:30,1.1,105.73,13.767,90.12,1.24068204,,,,,,,,,,,,
2026-08-14T19:23:04+05:30,6.9,93.68,10.266,67.20,0.6898752,,,,,,,,,,,,
2026-08-14T19:23:05+05:30,0.1,77.82,17.284,113.14,1.95551176,,,,,,,,,,,,
2026-08-14T19:23:06+05:30,3.1,75.96,15.349,100.47,1.54211403,,,,,,,,,,,,
2026-08-14T19:23:07+05:30,0,89.76,12.033,78.77,0.94783941,,,,,,,,,,,,
2026-08-14T19:23:08+05:30,0,94.23,7.001,45.83,0.32085583,,,,,,,,,,,,
2026-08-14T19:23:09+05:30,0.9,83.67,4.443,29.08,0.12920244,,,,,,,,,,,,
2026-08-14T19:23:10+05:30,3.9,84.73,4.847,31.73,0.15379531,,,,,,,,,,,,
2026-08-14T19:23:11+05:30,0,102.65,3.921,25.67,0.10065207,,,,,,,,,,,,
2026-08-14T19:23:12+05:30,0,106.73,8.819,57.73,0.50912087,,,,,,,,,,,,
2026-08-14T19:23:13+05:30,3.5,96.42,3.938,25.78,0.10152164,,,,,,,,,,,,
2026-08-14T19:23:14+05:30,0,78.81,3.534,23.13,0.08174142,,,,,,,,,,,,
2026-08-14T19:23:15+05:30,0.1,85.36,2.812,18.41,0.05176892,,,,,,,,,,,,
2026-08-14T19:23:16+05:30,0,91.47,2.891,18.92,0.05469772,,,,,,,,,,,,
2026-08-14T19:23:17+05:30,0,81.01,2.981,19.51,0.05815931,,,,,,,,,,,,
2026-08-14T19:23:18+05:30,0,86.88,5.470,35.81,0.1958807,,,,,,,,,,,,
2026-08-14T19:23:19+05:30,0,92.83,11.529,75.47,0.87009363,,,,,,,,,,,,
2026-08-14T19:23:20+05:30,0,86.92,13.851,90.67,1.25587017,,,,,,,,,,,,
2026-08-14T19:23:21+05:30,0,85.55,12.718,83.25,1.0587735,,,,,,,,,,,,
2026-08-14T19:23:22+05:30,3.2,94.49,7.843,51.34,0.40265962,,,,,,,,,,,,
2026-08-14T19:23:23+05:30,0,95.74,7.523,49.24,0.37043252,,,,,,,,,,,,
2026-08-14T19:23:24+05:30,0,87.50,7.052,46.16,0.32552032,,,,,,,,,,,,
2026-08-14T19:23:25+05:30,0,90.87,6.160,40.32,0.2483712,,,,,,,,,,,,
2026-08-14T19:23:26+05:30,0,99.76,9.475,62.02,0.5876395,,,,,,,,,,,,
2026-08-14T19:23:27+05:30,0,91.97,12.000,78.55,0.9426,,,,,,,,,,,,
2026-08-14T19:23:28+05:30,0,91.76,12.033,78.77,0.94783941,,,,,,,,,,,,
2026-08-14T19:23:29+05:30,3.2,85.29,7.506,49.13,0.36876978,,,,,,,,,,,,
2026-08-14T19:23:30+05:30,0,82.65,6.597,43.18,0.28485846,,,,,,,,,,,,
2026-08-14T19:23:31+05:30,0,80.90,5.386,35.26,0.18991036,,,,,,,,,,,,
2026-08-14T19:23:32+05:30,0,78.68,4.510,29.52,0.1331352,,,,,,,,,,,,
2026-08-14T19:23:33+05:30,2.4,92.83,5.689,37.24,0.21185836,,,,,,,,,,,,
2026-08-14T19:23:34+05:30,0,100.60,8.785,57.51,0.50522535,,,,,,,,,,,,
2026-08-14T19:23:35+05:30,0,97.59,2.730,17.87,0.0487851,,,,,,,,,,,,
2026-08-14T19:23:36+05:30,0,100.88,3.534,23.13,0.08174142,,,,,,,,,,,,
2026-08-14T19:23:37+05:30,0,95.77,6.109,39.99,0.24429891,,,,,,,,,,,,
2026-08-14T19:23:38+05:30,0,93.59,5.907,38.67,0.22842369,,,,,,,,,,,,
2026-08-14T19:23:39+05:30,2.5,82.14,7.203,47.15,0.33962145,,,,,,,,,,,,
2026-08-14T19:23:40+05:30,0,70.70,6.059,39.66,0.24029994,,,,,,,,,,,,
2026-08-14T19:23:41+05:30,0.3,71.07,5.890,38.56,0.2271184,,,,,,,,,,,,
2026-08-14T19:23:42+05:30,3.5,87.00,1.574,10.30,0.0162122,,,,,,,,,,,,
2026-08-14T19:23:43+05:30,1.7,102.12,3.888,25.45,0.0989496,,,,,,,,,,,,
2026-08-14T19:23:44+05:30,1.4,102.80,1.824,11.94,0.02177856,,,,,,,,,,,,
2026-08-14T19:23:45+05:30,0,101.00,3.921,25.67,0.10065207,,,,,,,,,,,,
2026-08-14T19:23:46+05:30,0.4,97.09,3.484,22.81,0.07947004,,,,,,,,,,,,
2026-08-14T19:23:47+05:30,0,92.07,1.996,13.07,0.02608772,,,,,,,,,,,,
2026-08-14T19:23:48+05:30,0,88.17,7.085,46.38,0.3286023,,,,,,,,,,,,
2026-08-14T19:23:49+05:30,0,91.63,4.325,28.31,0.12244075,,,,,,,,,,,,
2026-08-14T19:23:50+05:30,0,85.40,4.241,27.76,0.11773016,,,,,,,,,,,,
2026-08-14T19:23:51+05:30,0,79.30,4.460,29.19,0.1301874,,,,,,,,,,,,
2026-08-14T19:23:52+05:30,0,78.29,1.868,12.23,0.02284564,,,,,,,,,,,,
2026-08-14T19:23:53+05:30,0,80.98,0.741,4.85,0.00359385,,,,,,,,,,,,
2026-08-14T19:23:54+05:30,0,78.21,0.838,5.49,0.00460062,,,,,,,,,,,,
2026-08-14T19:23:55+05:30,0.4,92.70,2.809,18.39,0.05165751,,,,,,,,,,,,
2026-08-14T19:23:56+05:30,4.3,106.71,6.951,45.50,0.3162705,,,,,,,,,,,,
2026-08-14T19:23:57+05:30,0.3,107.86,6.698,43.84,0.29364032,,,,,,,,,,,,
2026-08-14T19:23:58+05:30,0,101.99,13.767,90.12,1.24068204,,,,,,,,,,,,
2026-08-14T19:23:59+05:30,0.5,93.75,13.952,91.33,1.27423616,,,,,,,,,,,,
2026-08-14T19:24:00+05:30,0,91.87,12.421,81.31,1.00995151,,,,,,,,,,,,
2026-08-14T19:24:01+05:30,4,85.73,12.718,83.25,1.0587735,,,,,,,,,,,,
2026-08-14T19:24:02+05:30,0,74.14,9.458,61.91,0.58554478,,,,,,,,,,,,
2026-08-14T19:24:03+05:30,0,81.72,8.768,57.39,0.50319552,,,,,,,,,,,,
2026-08-14T19:24:04+05:30,0,88.93,5.840,38.23,0.2232632,,,,,,,,,,,,
2026-08-14T19:24:05+05:30,0,85.54,9.055,59.27,0.53668985,,,,,,,,,,,,
2026-08-14T19:24:06+05:30,0,90.40,2.558,16.74,0.04282092,,,,,,,,,,,,
2026-08-14T19:24:07+05:30,0,84.67,2.652,17.36,0.04603872,,,,,,,,,,,,
2026-08-14T19:24:08+05:30,1.3,88.35,5.571,36.47,0.20317437,,,,,,,,,,,,
2026-08-14T19:24:09+05:30,0,93.38,1.961,12.84,0.02517924,,,,,,,,,,,,
2026-08-14T19:24:10+05:30,0,92.30,1.961,12.84,0.02517924,,,,,,,,,,,,
2026-08-14T19:24:11+05:30,0,112.05,2.681,17.55,0.04705155,,,,,,,,,,,,
2026-08-14T19:24:12+05:30,4.4,101.16,2.309,15.11,0.03488899,,,,,,,,,,,,
2026-08-14T19:24:13+05:30,0,87.12,3.517,23.02,0.08096134,,,,,,,,,,,,
2026-08-14T19:24:14+05:30,4.4,86.29,6.648,43.52,0.28932096,,,,,,,,,,,,
2026-08-14T19:24:15+05:30,0.8,94.91,5.402,35.36,0.19101472,,,,,,,,,,,,
2026-08-14T19:24:16+05:30,3.7,73.04,3.652,23.91,0.08731932,,,,,,,,,,,,
2026-08-14T19:24:17+05:30,0.2,71.65,3.787,24.79,0.09387973,,,,,,,,,,,,
2026-08-14T19:24:18+05:30,6.3,85.57,2.151,14.08,0.03028608,,,,,,,,,,,,
2026-08-14T19:24:19+05:30,0,97.93,4.931,32.28,0.15917268,,,,,,,,,,,,
2026-08-14T19:24:20+05:30,0,95.58,4.662,30.52,0.14228424,,,,,,,,,,,,
2026-08-14T19:24:21+05:30,1.4,92.48,5.453,35.69,0.19461757,,,,,,,,,,,,
2026-08-14T19:24:22+05:30,0,89.72,3.299,21.59,0.07122541,,,,,,,,,,,,
2026-08-14T19:24:23+05:30,7.3,102.49,4.359,28.53,0.12436227,,,,,,,,,,,,
2026-08-14T19:24:24+05:30,6.5,100.06,5.099,33.38,0.17020462,,,,,,,,,,,,
2026-08-14T19:24:25+05:30,0,82.57,7.994,52.33,0.41832602,,,,,,,,,,,,
2026-08-14T19:24:26+05:30,0,78.87,5.251,34.37,0.18047687,,,,,,,,,,,,
2026-08-14T19:24:27+05:30,0,92.80,7.069,46.27,0.32708263,,,,,,,,,,,,
2026-08-14T19:24:28+05:30,1.3,94.24,6.395,41.86,0.2676947,,,,,,,,,,,,
2026-08-14T19:24:29+05:30,2.6,90.25,5.470,35.81,0.1958807,,,,,,,,,,,,
2026-08-14T19:24:30+05:30,0,73.23,5.790,37.90,0.219441,,,,,,,,,,,,
2026-08-14T19:24:31+05:30,3.3,92.04,6.463,42.31,0.27344953,,,,,,,,,,,,
2026-08-14T19:24:32+05:30,2.4,90.62,3.517,23.02,0.08096134,,,,,,,,,,,,
2026-08-14T19:24:33+05:30,1.4,88.72,7.388,48.36,0.35728368,,,,,,,,,,,,
2026-08-14T19:24:34+05:30,0,96.13,11.428,74.81,0.85492868,,,,,,,,,,,,
2026-08-14T19:24:35+05:30,0,99.38,3.787,24.79,0.09387973,,,,,,,,,,,,
2026-08-14T19:24:36+05:30,0,87.98,4.006,26.22,0.10503732,,,,,,,,,,,,
2026-08-14T19:24:37+05:30,0,112.64,5.150,33.71,0.1736065,,,,,,,,,,,,
2026-08-14T19:24:38+05:30,8.1,82.63,3.602,23.58,0.08493516,,,,,,,,,,,,
2026-08-14T19:24:39+05:30,0,65.47,8.398,54.97,0.46163806,,,,,,,,,,,,
2026-08-14T19:24:40+05:30,4.7,84.93,4.982,32.61,0.16246302,,,,,,,,,,,,
2026-08-14T19:24:41+05:30,0,103.44,9.509,62.24,0.59184016,,,,,,,,,,,,
2026-08-14T19:24:42+05:30,1.6,90.37,5.739,37.57,0.21561423,,,,,,,,,,,,
2026-08-14T19:24:43+05:30,0,87.44,6.463,42.31,0.27344953,,,,,,,,,,,,
2026-08-14T19:24:44+05:30,0,90.33,8.651,56.63,0.48990613,,,,,,,,,,,,
2026-08-14T19:24:45+05:30,1.3,86.19,5.520,36.13,0.1994376,,,,,,,,,,,,
2026-08-14T19:24:46+05:30,2.7,98.80,7.523,49.24,0.37043252,,,,,,,,,,,,
2026-08-14T19:24:47+05:30,5.2,92.14,9.677,63.34,0.61294118,,,,,,,,,,,,
2026-08-14T19:24:48+05:30,0,80.00,6.227,40.76,0.25381252,,,,,,,,,,,,
2026-08-14T19:24:49+05:30,0,88.43,5.537,36.24,0.20066088,,,,,,,,,,,,
2026-08-14T19:24:50+05:30,0,91.64,1.996,13.07,0.02608772,,,,,,,,,,,,
2026-08-14T19:24:51+05:30,0,92.78,0.961,6.29,0.00604469,,,,,,,,,,,,
2026-08-14T19:24:52+05:30,0.7,96.37,2.179,14.26,0.03107254,,,,,,,,,,,,
2026-08-14T19:24:53+05:30,0,92.96,5.015,32.83,0.16464245,,,,,,,,,,,,
2026-08-14T19:24:54+05:30,0,91.02,6.126,40.10,0.2456526,,,,,,,,,,,,
2026-08-14T19:24:55+05:30,0.2,89.40,5.991,39.22,0.23496702,,,,,,,,,,,,
2026-08-14T19:24:56+05:30,0,95.22,10.839,70.95,0.76902705,,,,,,,,,,,,
2026-08-14T19:24:57+05:30,1.5,80.63,14.659,95.96,1.40667764,,,,,,,,,,,,
2026-08-14T19:24:58+05:30,0,77.63,6.429,42.08,0.27053232,,,,,,,,,,,,
2026-08-14T19:24:59+05:30,3,93.72,3.719,24.34,0.09052046,,,,,,,,,,,,
2026-08-14T19:25:00+05:30,2.7,93.20,3.366,22.03,0.07415298,,,,,,,,,,,,
2026-08-14T19:25:01+05:30,0,84.17,2.795,18.30,0.0511485,,,,,,,,,,,,
2026-08-14T19:25:02+05:30,0.2,87.52,3.921,25.67,0.10065207,,,,,,,,,,,,
2026-08-14T19:25:03+05:30,0,93.53,3.820,25.01,0.0955382,,,,,,,,,,,,
2026-08-14T19:25:04+05:30,0,96.56,6.008,39.33,0.23629464,,,,,,,,,,,,
2026-08-14T19:25:05+05:30,0,99.53,1.930,12.63,0.0243759,,,,,,,,,,,,
2026-08-14T19:25:06+05:30,0,93.67,2.407,15.76,0.03793432,,,,,,,,,,,,
2026-08-14T19:25:07+05:30,0,92.69,1.765,11.55,0.02038575,,,,,,,,,,,,
2026-08-14T19:25:08+05:30,0.2,87.65,4.275,27.98,0.1196145,,,,,,,,,,,,
2026-08-14T19:25:09+05:30,1.1,90.36,3.652,23.91,0.08731932,,,,,,,,,,,,
2026-08-14T19:25:10+05:30,0,87.08,2.735,17.90,0.0489565,,,,,,,,,,,,
2026-08-14T19:25:11+05:30,0,86.86,4.982,32.61,0.16246302,,,,,,,,,,,,
2026-08-14T19:25:12+05:30,0,81.14,1.335,8.74,0.0116679,,,,,,,,,,,,
2026-08-14T19:25:13+05:30,0,81.17,3.635,23.79,0.08647665,,,,,,,,,,,,
2026-08-14T19:25:14+05:30,2,92.88,2.681,17.55,0.04705155,,,,,,,,,,,,
2026-08-14T19:25:15+05:30,0,95.21,4.006,26.22,0.10503732,,,,,,,,,,,,
2026-08-14T19:25:16+05:30,0,98.62,1.286,8.42,0.01082812,,,,,,,,,,,,
2026-08-14T19:25:17+05:30,0.7,107.54,2.287,14.97,0.03423639,,,,,,,,,,,,
2026-08-14T19:25:18+05:30,8,91.28,1.767,11.57,0.02044419,,,,,,,,,,,,
2026-08-14T19:25:19+05:30,0,72.03,3.332,21.81,0.07267092,,,,,,,,,,,,
2026-08-14T19:25:20+05:30,5.3,83.25,4.578,29.97,0.13720266,,,,,,,,,,,,
2026-08-14T19:25:21+05:30,0,96.04,3.416,22.36,0.07638176,,,,,,,,,,,,
2026-08-14T19:25:22+05:30,0,90.54,5.924,38.78,0.22973272,,,,,,,,,,,,
2026-08-14T19:25:23+05:30,0,76.03,1.394,9.12,0.01271328,,,,,,,,,,,,
2026-08-14T19:25:24+05:30,5.9,91.60,4.107,26.88,0.11039616,,,,,,,,,,,,
2026-08-14T19:25:25+05:30,0,108.70,7.102,46.49,0.33017198,,,,,,,,,,,,
2026-08-14T19:25:26+05:30,1.6,99.50,6.395,41.86,0.2676947,,,,,,,,,,,,
2026-08-14T19:25:27+05:30,0.6,83.46,4.292,28.09,0.12056228,,,,,,,,,,,,
2026-08-14T19:25:28+05:30,0,85.01,9.677,63.34,0.61294118,,,,,,,,,,,,
2026-08-14T19:25:29+05:30,0.8,85.96,8.903,58.28,0.51886684,,,,,,,,,,,,
2026-08-14T19:25:30+05:30,0.4,94.92,13.918,91.11,1.26806898,,,,,,,,,,,,
2026-08-14T19:25:31+05:30,0,85.28,11.848,77.56,0.91893088,,,,,,,,,,,,
2026-08-14T19:25:32+05:30,0,79.63,9.223,60.37,0.55679251,,,,,,,,,,,,
2026-08-14T19:25:33+05:30,0,83.90,7.792,51.01,0.39746992,,,,,,,,,,,,
2026-08-14T19:25:34+05:30,1.7,96.04,5.537,36.24,0.20066088,,,,,,,,,,,,
2026-08-14T19:25:35+05:30,0,111.01,5.167,33.82,0.17474794,,,,,,,,,,,,
2026-08-14T19:25:36+05:30,3.3,91.16,2.057,13.46,0.02768722,,,,,,,,,,,,
2026-08-14T19:25:37+05:30,0,86.93,1.907,12.48,0.02379936,,,,,,,,,,,,
2026-08-14T19:25:38+05:30,0,87.53,2.205,14.43,0.03181815,,,,,,,,,,,,
2026-08-14T19:25:39+05:30,0,92.26,1.289,8.44,0.01087916,,,,,,,,,,,,
2026-08-14T19:25:40+05:30,0,95.59,3.585,23.47,0.08413995,,,,,,,,,,,,
2026-08-14T19:25:41+05:30,2.9,78.29,4.359,28.53,0.12436227,,,,,,,,,,,,
2026-08-14T19:25:42+05:30,0,82.32,9.862,64.56,0.63669072,,,,,,,,,,,,
2026-08-14T19:25:43+05:30,1.1,87.65,16.376,107.20,1.7555072,,,,,,,,,,,,
2026-08-14T19:25:44+05:30,0,101.95,14.507,94.96,1.37758472,,,,,,,,,,,,
2026-08-14T19:25:45+05:30,0,97.30,16.140,105.65,1.705191,,,,,,,,,,,,
2026-08-14T19:25:46+05:30,2.3,89.92,7.052,46.16,0.32552032,,,,,,,,,,,,
2026-08-14T19:25:47+05:30,3.4,93.71,9.425,61.70,0.5815225,,,,,,,,,,,,
2026-08-14T19:25:48+05:30,0.1,101.83,5.099,33.38,0.17020462,,,,,,,,,,,,
2026-08-14T19:25:49+05:30,6,78.03,3.450,22.58,0.077901,,,,,,,,,,,,
2026-08-14T19:25:50+05:30,0,61.77,5.453,35.69,0.19461757,,,,,,,,,,,,
2026-08-14T19:25:51+05:30,5.7,80.24,2.957,19.36,0.05724752,,,,,,,,,,,,
2026-08-14T19:25:52+05:30,2.9,106.22,6.648,43.52,0.28932096,,,,,,,,,,,,
2026-08-14T19:25:53+05:30,3.2,105.01,5.015,32.83,0.16464245,,,,,,,,,,,,
2026-08-14T19:25:54+05:30,0,94.34,4.241,27.76,0.11773016,,,,,,,,,,,,
2026-08-14T19:25:55+05:30,1.8,99.48,3.517,23.02,0.08096134,,,,,,,,,,,,
2026-08-14T19:25:56+05:30,0,101.99,4.224,27.65,0.1167936,,,,,,,,,,,,
2026-08-14T19:25:57+05:30,0,89.10,3.366,22.03,0.07415298,,,,,,,,,,,,
2026-08-14T19:25:58+05:30,2.8,83.03,8.381,54.86,0.45978166,,,,,,,,,,,,
2026-08-14T19:25:59+05:30,0,71.41,2.947,19.29,0.05684763,,,,,,,,,,,,
2026-08-14T19:26:00+05:30,1.1,78.16,5.756,37.68,0.21688608,,,,,,,,,,,,
2026-08-14T19:26:01+05:30,0,90.87,2.445,16.00,0.03912,,,,,,,,,,,,
2026-08-14T19:26:02+05:30,0,93.52,3.871,25.34,0.09809114,,,,,,,,,,,,
2026-08-14T19:26:03+05:30,0,91.71,4.477,29.31,0.13122087,,,,,,,,,,,,
2026-08-14T19:26:04+05:30,0.4,94.19,12.202,79.87,0.97457374,,,,,,,,,,,,
2026-08-14T19:26:05+05:30,0,103.54,12.421,81.31,1.00995151,,,,,,,,,,,,
2026-08-14T19:26:06+05:30,1.4,97.13,8.264,54.10,0.4470824,,,,,,,,,,,,
2026-08-14T19:26:07+05:30,0,89.81,8.701,56.96,0.49560896,,,,,,,,,,,,
2026-08-14T19:26:08+05:30,0,95.35,8.314,54.42,0.45244788,,,,,,,,,,,,
2026-08-14T19:26:09+05:30,0,87.11,5.386,35.26,0.18991036,,,,,,,,,,,,
2026-08-14T19:26:10+05:30,1.7,78.81,4.662,30.52,0.14228424,,,,,,,,,,,,
2026-08-14T19:26:11+05:30,2.8,78.07,2.185,14.30,0.0312455,,,,,,,,,,,,
2026-08-14T19:26:12+05:30,0,89.07,1.065,6.97,0.00742305,,,,,,,,,,,,
2026-08-14T19:26:13+05:30,0.2,92.36,1.271,8.32,0.01057472,,,,,,,,,,,,
2026-08-14T19:26:14+05:30,0,87.20,3.871,25.34,0.09809114,,,,,,,,,,,,
2026-08-14T19:26:15+05:30,0,94.99,4.696,30.74,0.14435504,,,,,,,,,,,,
2026-08-14T19:26:16+05:30,0,101.58,4.325,28.31,0.12244075,,,,,,,,,,,,
2026-08-14T19:26:17+05:30,0,100.47,5.251,34.37,0.18047687,,,,,,,,,,,,
2026-08-14T19:26:18+05:30,0,94.33,3.804,24.90,0.0947196,,,,,,,,,,,,
2026-08-14T19:26:19+05:30,0,92.05,3.652,23.91,0.08731932,,,,,,,,,,,,
2026-08-14T19:26:20+05:30,0,81.32,6.126,40.10,0.2456526,,,,,,,,,,,,
2026-08-14T19:26:21+05:30,0,80.57,5.487,35.92,0.19709304,,,,,,,,,,,,
2026-08-14T19:26:22+05:30,2.5,85.63,9.290,60.81,0.5649249,,,,,,,,,,,,
2026-08-14T19:26:23+05:30,0,97.29,4.948,32.39,0.16026572,,,,,,,,,,,,
2026-08-14T19:26:24+05:30,0,89.27,5.150,33.71,0.1736065,,,,,,,,,,,,
2026-08-14T19:26:25+05:30,0,85.15,4.376,28.64,0.12532864,,,,,,,,,,,,
2026-08-14T19:26:26+05:30,0,85.47,6.631,43.41,0.28785171,,,,,,,,,,,,
2026-08-14T19:26:27+05:30,5.1,108.21,8.398,54.97,0.46163806,,,,,,,,,,,,
2026-08-14T19:26:28+05:30,4.1,97.80,5.975,39.11,0.23368225,,,,,,,,,,,,
2026-08-14T19:26:29+05:30,2.7,88.04,6.244,40.87,0.25519228,,,,,,,,,,,,
2026-08-14T19:26:30+05:30,0,79.91,4.241,27.76,0.11773016,,,,,,,,,,,,
2026-08-14T19:26:31+05:30,0,94.96,4.847,31.73,0.15379531,,,,,,,,,,,,
2026-08-14T19:26:32+05:30,0,93.43,6.715,43.96,0.2951914,,,,,,,,,,,,
2026-08-14T19:26:33+05:30,0,82.35,4.409,28.86,0.12724374,,,,,,,,,,,,
2026-08-14T19:26:34+05:30,0,86.53,4.494,29.42,0.13221348,,,,,,,,,,,,
2026-08-14T19:26:35+05:30,0,97.10,3.014,19.73,0.05946622,,,,,,,,,,,,
2026-08-14T19:26:36+05:30,0,97.64,2.745,17.97,0.04932765,,,,,,,,,,,,
2026-08-14T19:26:37+05:30,0.8,87.91,5.991,39.22,0.23496702,,,,,,,,,,,,
2026-08-14T19:26:38+05:30,0.3,78.40,7.102,46.49,0.33017198,,,,,,,,,,,,
2026-08-14T19:26:39+05:30,1.2,92.64,5.924,38.78,0.22973272,,,,,,,,,,,,
2026-08-14T19:26:40+05:30,0,99.36,4.847,31.73,0.15379531,,,,,,,,,,,,
2026-08-14T19:26:41+05:30,3.1,83.39,4.376,28.64,0.12532864,,,,,,,,,,,,
2026-08-14T19:26:42+05:30,1.5,86.22,7.843,51.34,0.40265962,,,,,,,,,,,,
2026-08-14T19:26:43+05:30,0,103.29,7.119,46.60,0.3317454,,,,,,,,,,,,
2026-08-14T19:26:44+05:30,0,96.94,4.174,27.32,0.11403368,,,,,,,,,,,,
2026-08-14T19:26:45+05:30,0,92.84,4.107,26.88,0.11039616,,,,,,,,,,,,
2026-08-14T19:26:46+05:30,1.9,84.17,6.564,42.97,0.28205508,,,,,,,,,,,,
2026-08-14T19:26:47+05:30,4.2,85.89,11.529,75.47,0.87009363,,,,,,,,,,,,
2026-08-14T19:26:48+05:30,0.6,82.87,7.725,50.57,0.39065325,,,,,,,,,,,,
2026-08-14T19:26:49+05:30,0,86.47,15.097,98.82,1.49188554,,,,,,,,,,,,
2026-08-14T19:26:50+05:30,0.4,92.69,8.735,57.18,0.4994673,,,,,,,,,,,,
2026-08-14T19:26:51+05:30,0,86.11,8.499,55.63,0.47279937,,,,,,,,,,,,
2026-08-14T19:26:52+05:30,3.8,85.15,4.308,28.20,0.1214856,,,,,,,,,,,,
2026-08-14T19:26:53+05:30,2.2,114.27,4.140,27.10,0.112194,,,,,,,,,,,,
2026-08-14T19:26:54+05:30,7.8,106.23,5.975,39.11,0.23368225,,,,,,,,,,,,
2026-08-14T19:26:55+05:30,4.1,78.49,4.494,29.42,0.13221348,,,,,,,,,,,,
2026-08-14T19:26:56+05:30,2.9,71.50,7.035,46.05,0.32396175,,,,,,,,,,,,
2026-08-14T19:26:57+05:30,7,100.17,4.982,32.61,0.16246302,,,,,,,,,,,,
2026-08-14T19:26:58+05:30,3.9,104.68,5.268,34.48,0.18164064,,,,,,,,,,,,
2026-08-14T19:26:59+05:30,6.6,80.37,4.140,27.10,0.112194,,,,,,,,,,,,
2026-08-14T19:27:00+05:30,0,69.74,9.425,61.70,0.5815225,,,,,,,,,,,,
2026-08-14T19:27:01+05:30,0.2,87.63,10.384,67.97,0.70580048,,,,,,,,,,,,
2026-08-14T19:27:02+05:30,1.7,99.00,14.255,93.31,1.33013405,,,,,,,,,,,,
2026-08-14T19:27:03+05:30,4.3,103.33,5.991,39.22,0.23496702,,,,,,,,,,,,
2026-08-14T19:27:04+05:30,0,88.86,4.359,28.53,0.12436227,,,,,,,,,,,,
2026-08-14T19:27:05+05:30,0,89.57,3.484,22.81,0.07947004,,,,,,,,,,,,
2026-08-14T19:27:06+05:30,1.7,91.41,4.208,27.55,0.1159304,,,,,,,,,,,,
2026-08-14T19:27:07+05:30,1.6,102.99,7.001,45.83,0.32085583,,,,,,,,,,,,
2026-08-14T19:27:08+05:30,0,76.42,4.662,30.52,0.14228424,,,,,,,,,,,,
2026-08-14T19:27:09+05:30,1.3,81.20,6.092,39.88,0.24294896,,,,,,,,,,,,
2026-08-14T19:27:10+05:30,0,94.79,5.655,37.02,0.2093481,,,,,,,,,,,,
2026-08-14T19:27:11+05:30,1.8,96.23,5.991,39.22,0.23496702,,,,,,,,,,,,
2026-08-14T19:27:12+05:30,0,93.63,10.536,68.97,0.72666792,,,,,,,,,,,,
2026-08-14T19:27:13+05:30,0,87.47,15.197,99.48,1.51179756,,,,,,,,,,,,
2026-08-14T19:27:14+05:30,0,98.24,5.773,37.79,0.21816167,,,,,,,,,,,,
2026-08-14T19:27:15+05:30,0,93.66,12.202,79.87,0.97457374,,,,,,,,,,,,
2026-08-14T19:27:16+05:30,0,86.69,3.854,25.23,0.09723642,,,,,,,,,,,,
2026-08-14T19:27:17+05:30,0,87.48,3.450,22.58,0.077901,,,,,,,,,,,,
2026-08-14T19:27:18+05:30,0,80.23,3.517,23.02,0.08096134,,,,,,,,,,,,
2026-08-14T19:27:19+05:30,0.8,86.17,4.460,29.19,0.1301874,,,,,,,,,,,,
2026-08-14T19:27:20+05:30,0,97.11,4.561,29.86,0.13619146,,,,,,,,,,,,
2026-08-14T19:27:21+05:30,0,91.79,3.618,23.68,0.08567424,,,,,,,,,,,,
2026-08-14T19:27:22+05:30,0,94.39,3.820,25.01,0.0955382,,,,,,,,,,,,
2026-08-14T19:27:23+05:30,0,88.18,3.719,24.34,0.09052046,,,,,,,,,,,,
2026-08-14T19:27:24+05:30,0,90.55,2.323,15.21,0.03533283,,,,,,,,,,,,
2026-08-14T19:27:25+05:30,2.7,107.32,3.400,22.26,0.075684,,,,,,,,,,,,
2026-08-14T19:27:26+05:30,8.6,93.35,1.616,10.58,0.01709728,,,,,,,,,,,,
2026-08-14T19:27:27+05:30,0.8,75.88,3.686,24.13,0.08894318,,,,,,,,,,,,
2026-08-14T19:27:28+05:30,0,95.19,4.208,27.55,0.1159304,,,,,,,,,,,,
2026-08-14T19:27:29+05:30,0,97.77,4.107,26.88,0.11039616,,,,,,,,,,,,
2026-08-14T19:27:30+05:30,3.9,95.97,3.501,22.92,0.08024292,,,,,,,,,,,,
2026-08-14T19:27:31+05:30,4.9,71.50,3.366,22.03,0.07415298,,,,,,,,,,,,
2026-08-14T19:27:32+05:30,5.4,69.30,4.107,26.88,0.11039616,,,,,,,,,,,,
2026-08-14T19:27:33+05:30,4.3,102.67,4.460,29.19,0.1301874,,,,,,,,,,,,
2026-08-14T19:27:34+05:30,3,107.73,6.227,40.76,0.25381252,,,,,,,,,,,,
2026-08-14T19:27:35+05:30,0.7,82.30,3.686,24.13,0.08894318,,,,,,,,,,,,
2026-08-14T19:27:36+05:30,5.7,87.78,3.955,25.89,0.10239495,,,,,,,,,,,,
2026-08-14T19:27:37+05:30,0,106.53,4.359,28.53,0.12436227,,,,,,,,,,,,
2026-08-14T19:27:38+05:30,3.9,98.75,7.052,46.16,0.32552032,,,,,,,,,,,,
2026-08-14T19:27:39+05:30,0,87.53,6.395,41.86,0.2676947,,,,,,,,,,,,
2026-08-14T19:27:40+05:30,0,81.94,8.634,56.52,0.48799368,,,,,,,,,,,,
2026-08-14T19:27:41+05:30,1.5,88.25,5.419,35.47,0.19221193,,,,,,,,,,,,
2026-08-14T19:27:42+05:30,0,98.08,1.639,10.73,0.01758647,,,,,,,,,,,,
2026-08-14T19:27:43+05:30,1.4,85.60,2.903,19.00,0.055157,,,,,,,,,,,,
2026-08-14T19:27:44+05:30,0,82.26,6.379,41.76,0.26638704,,,,,,,,,,,,
2026-08-14T19:27:45+05:30,0,94.26,9.576,62.68,0.60022368,,,,,,,,,,,,
2026-08-14T19:27:46+05:30,0,90.23,7.574,49.58,0.37551892,,,,,,,,,,,,
2026-08-14T19:27:47+05:30,0,99.16,15.484,101.36,1.56945824,,,,,,,,,,,,
2026-08-14T19:27:48+05:30,0,95.19,11.360,74.36,0.8447296,,,,,,,,,,,,
2026-08-14T19:27:49+05:30,0.7,84.92,10.536,68.97,0.72666792,,,,,,,,,,,,
2026-08-14T19:27:50+05:30,0.1,84.36,9.677,63.34,0.61294118,,,,,,,,,,,,
2026-08-14T19:27:51+05:30,0,93.06,13.296,87.03,1.15715088,,,,,,,,,,,,
2026-08-14T19:27:52+05:30,0,97.48,10.637,69.63,0.74065431,,,,,,,,,,,,
2026-08-14T19:27:53+05:30,1,94.87,15.349,100.47,1.54211403,,,,,,,,,,,,
2026-08-14T19:27:54+05:30,0,80.94,9.425,61.70,0.5815225,,,,,,,,,,,,
2026-08-14T19:27:55+05:30,0,91.93,10.384,67.97,0.70580048,,,,,,,,,,,,
2026-08-14T19:27:56+05:30,0,91.89,9.475,62.02,0.5876395,,,,,,,,,,,,
2026-08-14T19:27:57+05:30,0,93.32,6.597,43.18,0.28485846,,,,,,,,,,,,
2026-08-14T19:27:58+05:30,0,91.42,8.449,55.31,0.46731419,,,,,,,,,,,,
2026-08-14T19:27:59+05:30,0,103.22,4.948,32.39,0.16026572,,,,,,,,,,,,
2026-08-14T19:28:00+05:30,2.9,78.11,5.116,33.49,0.17133484,,,,,,,,,,,,
2026-08-14T19:28:01+05:30,3.6,91.24,9.593,62.79,0.60234447,,,,,,,,,,,,
2026-08-14T19:28:02+05:30,0,100.53,13.296,87.03,1.15715088,,,,,,,,,,,,
2026-08-14T19:28:03+05:30,0.2,86.58,16.493,107.96,1.78058428,,,,,,,,,,,,
2026-08-14T19:28:04+05:30,0,78.83,15.282,100.03,1.52865846,,,,,,,,,,,,
2026-08-14T19:28:05+05:30,0,82.44,6.564,42.97,0.28205508,,,,,,,,,,,,
2026-08-14T19:28:06+05:30,0,92.27,13.851,90.67,1.25587017,,,,,,,,,,,,
2026-08-14T19:28:07+05:30,0,98.55,7.018,45.94,0.32240692,,,,,,,,,,,,
2026-08-14T19:28:08+05:30,0,99.14,7.186,47.04,0.33802944,,,,,,,,,,,,
2026-08-14T19:28:09+05:30,0,98.77,5.470,35.81,0.1958807,,,,,,,,,,,,
2026-08-14T19:28:10+05:30,0,92.88,5.840,38.23,0.2232632,,,,,,,,,,,,
2026-08-14T19:28:11+05:30,0,93.42,7.523,49.24,0.37043252,,,,,,,,,,,,
2026-08-14T19:28:12+05:30,0,84.47,9.593,62.79,0.60234447,,,,,,,,,,,,
2026-08-14T19:28:13+05:30,0,82.04,14.507,94.96,1.37758472,,,,,,,,,,,,
2026-08-14T19:28:14+05:30,0,89.79,16.662,109.07,1.81732434,,,,,,,,,,,,
2026-08-14T19:28:15+05:30,1.8,101.66,17.284,113.14,1.95551176,,,,,,,,,,,,
2026-08-14T19:28:16+05:30,5.2,91.95,13.212,86.48,1.14257376,,,,,,,,,,,,
2026-08-14T19:28:17+05:30,0,70.86,16.376,107.20,1.7555072,,,,,,,,,,,,
2026-08-14T19:28:18+05:30,2.4,76.15,8.600,56.29,0.484094,,,,,,,,,,,,
2026-08-14T19:28:19+05:30,3.1,99.66,3.285,21.50,0.0706275,,,,,,,,,,,,
2026-08-14T19:28:20+05:30,0,112.33,7.792,51.01,0.39746992,,,,,,,,,,,,
2026-08-14T19:28:21+05:30,3.7,101.28,5.200,34.04,0.177008,,,,,,,,,,,,
2026-08-14T19:28:22+05:30,0,90.74,9.980,65.33,0.6519934,,,,,,,,,,,,
2026-08-14T19:28:23+05:30,0,83.75,4.107,26.88,0.11039616,,,,,,,,,,,,
2026-08-14T19:28:24+05:30,0,94.25,2.213,14.49,0.03206637,,,,,,,,,,,,
2026-08-14T19:28:25+05:30,0,93.37,8.398,54.97,0.46163806,,,,,,,,,,,,
2026-08-14T19:28:26+05:30,0,87.75,11.747,76.89,0.90322683,,,,,,,,,,,,
2026-08-14T19:28:27+05:30,0,84.17,14.507,94.96,1.37758472,,,,,,,,,,,,
2026-08-14T19:28:28+05:30,0,77.88,15.349,100.47,1.54211403,,,,,,,,,,,,
2026-08-14T19:28:29+05:30,0.4,78.76,16.376,107.20,1.7555072,,,,,,,,,,,,
2026-08-14T19:28:30+05:30,0.1,91.79,17.284,113.14,1.95551176,,,,,,,,,,,,
2026-08-14T19:28:31+05:30,0,97.91,5.705,37.34,0.2130247,,,,,,,,,,,,
2026-08-14T19:28:32+05:30,0,102.23,6.109,39.99,0.24429891,,,,,,,,,,,,
2026-08-14T19:28:33+05:30,0,103.18,2.092,13.69,0.02863948,,,,,,,,,,,,
2026-08-14T19:28:34+05:30,0,98.03,2.151,14.08,0.03028608,,,,,,,,,,,,
2026-08-14T19:28:35+05:30,0,100.82,1.134,7.42,0.00841428,,,,,,,,,,,,
2026-08-14T19:28:36+05:30,0,92.17,1.303,8.53,0.01111459,,,,,,,,,,,,
2026-08-14T19:28:37+05:30,0,85.55,1.185,7.76,0.0091956,,,,,,,,,,,,
2026-08-14T19:28:38+05:30,0,74.80,3.467,22.69,0.07866623,,,,,,,,,,,,
2026-08-14T19:28:39+05:30,0,75.85,3.551,23.24,0.08252524,,,,,,,,,,,,
2026-08-14T19:28:40+05:30,0,82.40,1.749,11.45,0.02002605,,,,,,,,,,,,
2026-08-14T19:28:41+05:30,0,82.32,1.335,8.74,0.0116679,,,,,,,,,,,,
2026-08-14T19:28:42+05:30,1.6,90.55,0.961,6.29,0.00604469,,,,,,,,,,,,
2026-08-14T19:28:43+05:30,0,101.99,3.241,21.22,0.06877402,,,,,,,,,,,,
2026-08-14T19:28:44+05:30,1.5,102.74,3.635,23.79,0.08647665,,,,,,,,,,,,
2026-08-14T19:28:45+05:30,0,113.92,5.470,35.81,0.1958807,,,,,,,,,,,,
2026-08-14T19:28:46+05:30,1.7,106.32,8.785,57.51,0.50522535,,,,,,,,,,,,
2026-08-14T19:28:47+05:30,0,96.02,17.049,111.60,1.9026684,,,,,,,,,,,,
2026-08-14T19:28:48+05:30,0.9,87.33,10.569,69.18,0.73116342,,,,,,,,,,,,
2026-08-14T19:28:49+05:30,3.6,75.09,3.804,24.90,0.0947196,,,,,,,,,,,,
2026-08-14T19:28:50+05:30,0,66.87,6.799,44.51,0.30262349,,,,,,,,,,,,
2026-08-14T19:28:51+05:30,0,77.04,2.886,18.89,0.05451654,,,,,,,,,,,,
2026-08-14T19:28:52+05:30,0,86.42,5.773,37.79,0.21816167,,,,,,,,,,,,
2026-08-14T19:28:53+05:30,0,89.16,3.618,23.68,0.08567424,,,,,,,,,,,,
2026-08-14T19:28:54+05:30,0.9,97.83,3.652,23.91,0.08731932,,,,,,,,,,,,
2026-08-14T19:28:55+05:30,0.3,110.27,0.961,6.29,0.00604469,,,,,,,,,,,,
2026-08-14T19:28:56+05:30,1.8,113.03,1.286,8.42,0.01082812,,,,,,,,,,,,
2026-08-14T19:28:57+05:30,0,98.14,1.466,9.60,0.0140736,,,,,,,,,,,,
2026-08-14T19:28:58+05:30,0,84.21,0.905,5.92,0.0053576,,,,,,,,,,,,
2026-08-14T19:28:59+05:30,2.5,89.42,2.449,16.03,0.03925747,,,,,,,,,,,,
2026-08-14T19:29:00+05:30,2.4,97.73,2.045,13.39,0.02738255,,,,,,,,,,,,
2026-08-14T19:29:01+05:30,9.2,68.47,3.770,24.68,0.0930436,,,,,,,,,,,,
2026-08-14T19:29:02+05:30,1.6,61.14,5.066,33.16,0.16798856,,,,,,,,,,,,
2026-08-14T19:29:03+05:30,14.2,89.18,4.780,31.29,0.1495662,,,,,,,,,,,,
2026-08-14T19:29:04+05:30,0,113.86,4.645,30.41,0.14125445,,,,,,,,,,,,
2026-08-14T19:29:05+05:30,3.4,100.93,8.667,56.73,0.49167891,,,,,,,,,,,,
2026-08-14T19:29:06+05:30,0,100.10,9.122,59.71,0.54467462,,,,,,,,,,,,
2026-08-14T19:29:07+05:30,0,98.30,5.672,37.13,0.21060136,,,,,,,,,,,,
2026-08-14T19:29:08+05:30,0,91.08,4.208,27.55,0.1159304,,,,,,,,,,,,
2026-08-14T19:29:09+05:30,1.8,87.48,1.750,11.46,0.020055,,,,,,,,,,,,
2026-08-14T19:29:10+05:30,0.4,77.47,3.036,19.87,0.06032532,,,,,,,,,,,,
2026-08-14T19:29:11+05:30,0,77.57,4.409,28.86,0.12724374,,,,,,,,,,,,
2026-08-14T19:29:12+05:30,0,87.83,4.241,27.76,0.11773016,,,,,,,,,,,,
2026-08-14T19:29:13+05:30,0,102.92,3.450,22.58,0.077901,,,,,,,,,,,,
2026-08-14T19:29:14+05:30,0,98.25,4.174,27.32,0.11403368,,,,,,,,,,,,
2026-08-14T19:29:15+05:30,3.7,92.81,3.366,22.03,0.07415298,,,,,,,,,,,,
2026-08-14T19:29:16+05:30,1.6,87.70,6.698,43.84,0.29364032,,,,,,,,,,,,
2026-08-14T19:29:17+05:30,0,99.29,4.426,28.97,0.12822122,,,,,,,,,,,,
2026-08-14T19:29:18+05:30,3.2,97.07,2.688,17.60,0.0473088,,,,,,,,,,,,
2026-08-14T19:29:19+05:30,0.2,80.51,6.126,40.10,0.2456526,,,,,,,,,,,,
2026-08-14T19:29:20+05:30,3,82.38,3.070,20.10,0.061707,,,,,,,,,,,,
2026-08-14T19:29:21+05:30,0,101.41,3.686,24.13,0.08894318,,,,,,,,,,,,
2026-08-14T19:29:22+05:30,0.4,99.72,3.075,20.13,0.06189975,,,,,,,,,,,,
2026-08-14T19:29:23+05:30,0,94.94,6.749,44.18,0.29817082,,,,,,,,,,,,
2026-08-14T19:29:24+05:30,0.9,84.58,6.648,43.52,0.28932096,,,,,,,,,,,,
2026-08-14T19:29:25+05:30,0,75.87,2.871,18.79,0.05394609,,,,,,,,,,,,
2026-08-14T19:29:26+05:30,4.9,84.31,3.703,24.24,0.08976072,,,,,,,,,,,,
2026-08-14T19:29:27+05:30,0,102.35,1.895,12.40,0.023498,,,,,,,,,,,,
2026-08-14T19:29:28+05:30,2.5,92.85,0.990,6.48,0.0064152,,,,,,,,,,,,
2026-08-14T19:29:29+05:30,0,83.12,1.574,10.30,0.0162122,,,,,,,,,,,,
2026-08-14T19:29:30+05:30,3.2,105.51,2.644,17.31,0.04576764,,,,,,,,,,,,
2026-08-14T19:29:31+05:30,0,103.96,2.757,18.05,0.04976385,,,,,,,,,,,,
2026-08-14T19:29:32+05:30,0.2,94.86,2.287,14.97,0.03423639,,,,,,,,,,,,
2026-08-14T19:29:33+05:30,0,86.30,2.010,13.16,0.0264516,,,,,,,,,,,,
2026-08-14T19:29:34+05:30,1.8,80.15,1.065,6.97,0.00742305,,,,,,,,,,,,
2026-08-14T19:29:35+05:30,3.8,77.42,3.635,23.79,0.08647665,,,,,,,,,,,,
2026-08-14T19:29:36+05:30,1.4,99.48,3.703,24.24,0.08976072,,,,,,,,,,,,
2026-08-14T19:29:37+05:30,0.5,102.69,4.174,27.32,0.11403368,,,,,,,,,,,,
2026-08-14T19:29:38+05:30,2,80.84,8.600,56.29,0.484094,,,,,,,,,,,,
2026-08-14T19:29:39+05:30,4.7,88.57,8.651,56.63,0.48990613,,,,,,,,,,,,
2026-08-14T19:29:40+05:30,0,107.08,4.325,28.31,0.12244075,,,,,,,,,,,,
2026-08-14T19:29:41+05:30,9.4,86.46,4.460,29.19,0.1301874,,,,,,,,,,,,
2026-08-14T19:29:42+05:30,0.2,72.37,5.655,37.02,0.2093481,,,,,,,,,,,,
2026-08-14T19:29:43+05:30,4.3,100.73,1.765,11.55,0.02038575,,,,,,,,,,,,
2026-08-14T19:29:44+05:30,0,109.20,0.911,5.96,0.00542956,,,,,,,,,,,,
2026-08-14T19:29:45+05:30,4.3,88.73,1.466,9.60,0.0140736,,,,,,,,,,,,
2026-08-14T19:29:46+05:30,0,74.86,2.757,18.05,0.04976385,,,,,,,,,,,,
2026-08-14T19:29:47+05:30,6.2,92.13,1.244,8.14,0.01012616,,,,,,,,,,,,
2026-08-14T19:29:48+05:30,0,108.80,2.028,13.28,0.02693184,,,,,,,,,,,,
2026-08-14T19:29:49+05:30,3.4,96.39,3.820,25.01,0.0955382,,,,,,,,,,,,
2026-08-14T19:29:50+05:30,0,80.90,0.741,4.85,0.00359385,,,,,,,,,,,,
2026-08-14T19:29:51+05:30,0,83.09,3.450,22.58,0.077901,,,,,,,,,,,,
2026-08-14T19:29:52+05:30,4,81.81,2.092,13.69,0.02863948,,,,,,,,,,,,
2026-08-14T19:29:53+05:30,0,96.07,2.445,16.00,0.03912,,,,,,,,,,,,
2026-08-14T19:29:54+05:30,0,106.05,2.858,18.71,0.05347318,,,,,,,,,,,,
2026-08-14T19:29:55+05:30,0,95.28,3.366,22.03,0.07415298,,,,,,,,,,,,
2026-08-14T19:29:56+05:30,0,85.90,2.871,18.79,0.05394609,,,,,,,,,,,,
2026-08-14T19:29:57+05:30,0,88.43,3.285,21.50,0.0706275,,,,,,,,,,,,
2026-08-14T19:29:58+05:30,0,100.15,5.621,36.79,0.20679659,,,,,,,,,,,,
2026-08-14T19:29:59+05:30,0,91.34,12.471,81.63,1.01800773,,,,,,,,,,,,
2026-08-14T19:30:00+05:30,0,72.68,10.384,67.97,0.70580048,,,,,,,,,,,,
2026-08-14T19:30:01+05:30,0,77.23,5.739,37.57,0.21561423,,,,,,,,,,,,
2026-08-14T19:30:02+05:30,6.9,89.49,1.917,12.55,0.02405835,,,,,,,,,,,,
2026-08-14T19:30:03+05:30,0,111.50,2.477,16.21,0.04015217,,,,,,,,,,,,
2026-08-14T19:30:04+05:30,0,116.01,2.179,14.26,0.03107254,,,,,,,,,,,,
2026-08-14T19:30:05+05:30,6.2,103.39,3.450,22.58,0.077901,,,,,,,,,,,,
2026-08-14T19:30:06+05:30,0,78.80,4.292,28.09,0.12056228,,,,,,,,,,,,
2026-08-14T19:30:07+05:30,0,83.08,8.398,54.97,0.46163806,,,,,,,,,,,,
2026-08-14T19:30:08+05:30,0,89.28,9.172,60.04,0.55068688,,,,,,,,,,,,
2026-08-14T19:30:09+05:30,0.3,85.35,11.226,73.48,0.82488648,,,,,,,,,,,,
2026-08-14T19:30:10+05:30,0,75.55,4.292,28.09,0.12056228,,,,,,,,,,,,
2026-08-14T19:30:11+05:30,0,76.18,6.025,39.44,0.237626,,,,,,,,,,,,
2026-08-14T19:30:12+05:30,3.4,91.22,4.662,30.52,0.14228424,,,,,,,,,,,,
2026-08-14T19:30:13+05:30,0.6,108.27,9.055,59.27,0.53668985,,,,,,,,,,,,
2026-08-14T19:30:14+05:30,0,100.37,5.890,38.56,0.2271184,,,,,,,,,,,,
2026-08-14T19:30:15+05:30,0,105.26,4.107,26.88,0.11039616,,,,,,,,,,,,
2026-08-14T19:30:16+05:30,0,105.70,4.780,31.29,0.1495662,,,,,,,,,,,,
2026-08-14T19:30:17+05:30,0,96.14,5.184,33.93,0.17589312,,,,,,,,,,,,
2026-08-14T19:30:18+05:30,2.7,83.42,7.119,46.60,0.3317454,,,,,,,,,,,,
2026-08-14T19:30:19+05:30,0,75.95,2.348,15.37,0.03608876,,,,,,,,,,,,
2026-08-14T19:30:20+05:30,0,81.03,2.945,19.28,0.0567796,,,,,,,,,,,,
2026-08-14T19:30:21+05:30,0,87.39,4.999,32.72,0.16356728,,,,,,,,,,,,
2026-08-14T19:30:22+05:30,0,90.89,4.409,28.86,0.12724374,,,,,,,,,,,,
2026-08-14T19:30:23+05:30,0,82.84,6.547,42.86,0.28060442,,,,,,,,,,,,
2026-08-14T19:30:24+05:30,3.5,88.44,5.975,39.11,0.23368225,,,,,,,,,,,,
2026-08-14T19:30:25+05:30,0,103.42,6.227,40.76,0.25381252,,,,,,,,,,,,
2026-08-14T19:30:26+05:30,0,102.13,6.631,43.41,0.28785171,,,,,,,,,,,,
2026-08-14T19:30:27+05:30,0,93.63,4.729,30.96,0.14640984,,,,,,,,,,,,
2026-08-14T19:30:28+05:30,0,90.48,5.470,35.81,0.1958807,,,,,,,,,,,,
2026-08-14T19:30:29+05:30,0,90.70,4.999,32.72,0.16356728,,,,,,,,,,,,
2026-08-14T19:30:30+05:30,0,91.42,4.174,27.32,0.11403368,,,,,,,,,,,,
2026-08-14T19:30:31+05:30,0,98.56,11.360,74.36,0.8447296,,,,,,,,,,,,
2026-08-14T19:30:32+05:30,0,93.21,4.578,29.97,0.13720266,,,,,,,,,,,,
2026-08-14T19:30:33+05:30,0,89.43,8.280,54.20,0.448776,,,,,,,,,,,,
2026-08-14T19:30:34+05:30,0.1,80.41,4.460,29.19,0.1301874,,,,,,,,,,,,
2026-08-14T19:30:35+05:30,0,84.53,5.032,32.94,0.16575408,,,,,,,,,,,,
2026-08-14T19:30:36+05:30,0,98.15,7.119,46.60,0.3317454,,,,,,,,,,,,
2026-08-14T19:30:37+05:30,0,93.40,9.475,62.02,0.5876395,,,,,,,,,,,,
2026-08-14T19:30:38+05:30,0,92.79,6.109,39.99,0.24429891,,,,,,,,,,,,
2026-08-14T19:30:39+05:30,0,92.95,7.085,46.38,0.3286023,,,,,,,,,,,,
2026-08-14T19:30:40+05:30,0.8,90.59,7.018,45.94,0.32240692,,,,,,,,,,,,
2026-08-14T19:30:41+05:30,0,74.00,8.785,57.51,0.50522535,,,,,,,,,,,,
2026-08-14T19:30:42+05:30,4.8,90.75,6.412,41.97,0.26911164,,,,,,,,,,,,
2026-08-14T19:30:43+05:30,0,105.75,8.785,57.51,0.50522535,,,,,,,,,,,,
2026-08-14T19:30:44+05:30,0.3,100.06,5.453,35.69,0.19461757,,,,,,,,,,,,
2026-08-14T19:30:45+05:30,0.1,96.39,4.241,27.76,0.11773016,,,,,,,,,,,,
2026-08-14T19:30:46+05:30,0,99.58,5.470,35.81,0.1958807,,,,,,,,,,,,
2026-08-14T19:30:47+05:30,0,92.68,6.160,40.32,0.2483712,,,,,,,,,,,,
2026-08-14T19:30:48+05:30,0,86.50,4.628,30.29,0.14018212,,,,,,,,,,,,
2026-08-14T19:30:49+05:30,0,85.21,4.123,26.99,0.11127977,,,,,,,,,,,,
2026-08-14T19:30:50+05:30,0,78.97,6.867,44.95,0.30867165,,,,,,,,,,,,
2026-08-14T19:30:51+05:30,4.5,93.75,6.294,41.20,0.2593128,,,,,,,,,,,,
2026-08-14T19:30:52+05:30,6.2,92.81,3.070,20.10,0.061707,,,,,,,,,,,,
2026-08-14T19:30:53+05:30,0,77.92,4.931,32.28,0.15917268,,,,,,,,,,,,
2026-08-14T19:30:54+05:30,2.3,91.58,4.628,30.29,0.14018212,,,,,,,,,,,,
2026-08-14T19:30:55+05:30,0,101.14,3.753,24.57,0.09221121,,,,,,,,,,,,
2026-08-14T19:30:56+05:30,0,102.98,2.609,17.08,0.04456172,,,,,,,,,,,,
2026-08-14T19:30:57+05:30,1.4,96.43,3.888,25.45,0.0989496,,,,,,,,,,,,
2026-08-14T19:30:58+05:30,0.9,82.91,4.191,27.43,0.11495913,,,,,,,,,,,,
2026-08-14T19:30:59+05:30,3.8,86.29,4.208,27.55,0.1159304,,,,,,,,,,,,
2026-08-14T19:31:00+05:30,0,102.32,3.129,20.48,0.06408192,,,,,,,,,,,,
2026-08-14T19:31:01+05:30,0,94.50,3.450,22.58,0.077901,,,,,,,,,,,,
2026-08-14T19:31:02+05:30,0,95.54,3.989,26.11,0.10415279,,,,,,,,,,,,
2026-08-14T19:31:03+05:30,0,88.22,5.554,36.36,0.20194344,,,,,,,,,,,,
2026-08-14T19:31:04+05:30,0,88.59,3.534,23.13,0.08174142,,,,,,,,,,,,
2026-08-14T19:31:05+05:30,0,89.99,4.662,30.52,0.14228424,,,,,,,,,,,,
2026-08-14T19:31:06+05:30,0,93.32,5.116,33.49,0.17133484,,,,,,,,,,,,
2026-08-14T19:31:07+05:30,2.1,81.89,3.070,20.10,0.061707,,,,,,,,,,,,
2026-08-14T19:31:08+05:30,1.3,77.06,4.006,26.22,0.10503732,,,,,,,,,,,,
2026-08-14T19:31:09+05:30,0,91.93,8.280,54.20,0.448776,,,,,,,,,,,,
2026-08-14T19:31:10+05:30,2.2,99.55,6.311,41.31,0.26070741,,,,,,,,,,,,
2026-08-14T19:31:11+05:30,0.6,116.55,7.085,46.38,0.3286023,,,,,,,,,,,,
2026-08-14T19:31:12+05:30,11.5,96.46,8.651,56.63,0.48990613,,,,,,,,,,,,
2026-08-14T19:31:13+05:30,0,72.14,3.804,24.90,0.0947196,,,,,,,,,,,,
2026-08-14T19:31:14+05:30,2.5,89.92,4.494,29.42,0.13221348,,,,,,,,,,,,
2026-08-14T19:31:15+05:30,0.1,94.78,3.400,22.26,0.075684,,,,,,,,,,,,
2026-08-14T19:31:16+05:30,0,90.07,4.325,28.31,0.12244075,,,,,,,,,,,,
2026-08-14T19:31:17+05:30,0,83.26,2.445,16.00,0.03912,,,,,,,,,,,,
2026-08-14T19:31:18+05:30,4.7,103.54,6.092,39.88,0.24294896,,,,,,,,,,,,
2026-08-14T19:31:19+05:30,1.8,107.15,5.015,32.83,0.16464245,,,,,,,,,,,,
2026-08-14T19:31:20+05:30,2,91.67,7.792,51.01,0.39746992,,,,,,,,,,,,
2026-08-14T19:31:21+05:30,0,78.22,7.792,51.01,0.39746992,,,,,,,,,,,,
2026-08-14T19:31:22+05:30,2.5,84.56,9.475,62.02,0.5876395,,,,,,,,,,,,
2026-08-14T19:31:23+05:30,0,93.40,8.667,56.73,0.49167891,,,,,,,,,,,,
2026-08-14T19:31:24+05:30,0,81.57,4.982,32.61,0.16246302,,,,,,,,,,,,
2026-08-14T19:31:25+05:30,0.4,96.64,10.519,68.86,0.72433834,,,,,,,,,,,,
2026-08-14T19:31:26+05:30,0,96.02,6.665,43.63,0.29079395,,,,,,,,,,,,
2026-08-14T19:31:27+05:30,0,94.35,4.948,32.39,0.16026572,,,,,,,,,,,,
2026-08-14T19:31:28+05:30,0,96.64,4.763,31.18,0.14851034,,,,,,,,,,,,
2026-08-14T19:31:29+05:30,1.9,91.68,7.186,47.04,0.33802944,,,,,,,,,,,,
2026-08-14T19:31:30+05:30,0,91.74,4.325,28.31,0.12244075,,,,,,,,,,,,
2026-08-14T19:31:31+05:30,0,90.96,3.770,24.68,0.0930436,,,,,,,,,,,,
2026-08-14T19:31:32+05:30,0,92.16,4.746,31.07,0.14745822,,,,,,,,,,,,
2026-08-14T19:31:33+05:30,0,92.81,6.833,44.73,0.30564009,,,,,,,,,,,,
2026-08-14T19:31:34+05:30,0,93.51,3.888,25.45,0.0989496,,,,,,,,,,,,
2026-08-14T19:31:35+05:30,0,94.86,4.527,29.63,0.13413501,,,,,,,,,,,,
2026-08-14T19:31:36+05:30,0,79.16,7.085,46.38,0.3286023,,,,,,,,,,,,
2026-08-14T19:31:37+05:30,0,83.87,5.487,35.92,0.19709304,,,,,,,,,,,,
2026-08-14T19:31:38+05:30,0,88.32,7.792,51.01,0.39746992,,,,,,,,,,,,
2026-08-14T19:31:39+05:30,0,96.78,4.409,28.86,0.12724374,,,,,,,,,,,,
2026-08-14T19:31:40+05:30,0.5,107.50,2.930,19.18,0.0561974,,,,,,,,,,,,
2026-08-14T19:31:41+05:30,6.3,101.09,3.888,25.45,0.0989496,,,,,,,,,,,,
2026-08-14T19:31:42+05:30,0,84.01,3.753,24.57,0.09221121,,,,,,,,,,,,
2026-08-14T19:31:43+05:30,0,85.22,3.316,21.71,0.07199036,,,,,,,,,,,,
2026-08-14T19:31:44+05:30,0,85.38,2.979,19.50,0.0580905,,,,,,,,,,,,
2026-08-14T19:31:45+05:30,0,98.94,5.032,32.94,0.16575408,,,,,,,,,,,,
2026-08-14T19:31:46+05:30,4.2,93.36,1.574,10.30,0.0162122,,,,,,,,,,,,
2026-08-14T19:31:47+05:30,0,80.22,3.635,23.79,0.08647665,,,,,,,,,,,,
2026-08-14T19:31:48+05:30,2.9,93.70,3.036,19.87,0.06032532,,,,,,,,,,,,
2026-08-14T19:31:49+05:30,0,99.05,2.482,16.25,0.0403325,,,,,,,,,,,,
2026-08-14T19:31:50+05:30,0.8,96.06,1.515,9.92,0.0150288,,,,,,,,,,,,
2026-08-14T19:31:51+05:30,0,94.88,3.349,21.92,0.07341008,,,,,,,,,,,,
2026-08-14T19:31:52+05:30,1.5,104.00,2.875,18.82,0.0541075,,,,,,,,,,,,
2026-08-14T19:31:53+05:30,3.6,76.03,3.787,24.79,0.09387973,,,,,,,,,,,,
2026-08-14T19:31:54+05:30,3,79.43,4.746,31.07,0.14745822,,,,,,,,,,,,
2026-08-14T19:31:55+05:30,0,94.43,3.241,21.22,0.06877402,,,,,,,,,,,,
2026-08-14T19:31:56+05:30,0,92.99,4.292,28.09,0.12056228,,,,,,,,,,,,
2026-08-14T19:31:57+05:30,0,88.31,2.713,17.76,0.04818288,,,,,,,,,,,,
2026-08-14T19:31:58+05:30,0,102.56,5.840,38.23,0.2232632,,,,,,,,,,,,
2026-08-14T19:31:59+05:30,0,92.73,5.672,37.13,0.21060136,,,,,,,,,,,,
2026-08-14T19:32:00+05:30,0,99.21,8.314,54.42,0.45244788,,,,,,,,,,,,
2026-08-14T19:32:01+05:30,0,94.48,6.648,43.52,0.28932096,,,,,,,,,,,,
2026-08-14T19:32:02+05:30,1.6,84.15,8.381,54.86,0.45978166,,,,,,,,,,,,
2026-08-14T19:32:03+05:30,0,83.72,16.493,107.96,1.78058428,,,,,,,,,,,,
2026-08-14T19:32:04+05:30,0,94.04,11.916,78.00,0.929448,,,,,,,,,,,,
2026-08-14T19:32:05+05:30,0,86.77,13.918,91.11,1.26806898,,,,,,,,,,,,
2026-08-14T19:32:06+05:30,0,82.66,7.456,48.81,0.36392736,,,,,,,,,,,,
2026-08-14T19:32:07+05:30,3.2,94.99,5.083,33.27,0.16911141,,,,,,,,,,,,
2026-08-14T19:32:08+05:30,0,109.37,5.453,35.69,0.19461757,,,,,,,,,,,,
2026-08-14T19:32:09+05:30,0,103.98,4.208,27.55,0.1159304,,,,,,,,,,,,
2026-08-14T19:32:10+05:30,4.4,96.82,4.073,26.66,0.10858618,,,,,,,,,,,,
2026-08-14T19:32:11+05:30,0,81.56,1.996,13.07,0.02608772,,,,,,,,,,,,
2026-08-14T19:32:12+05:30,1.3,89.25,3.316,21.71,0.07199036,,,,,,,,,,,,
2026-08-14T19:32:13+05:30,0,89.89,4.208,27.55,0.1159304,,,,,,,,,,,,
2026-08-14T19:32:14+05:30,0,84.27,2.388,15.63,0.03732444,,,,,,,,,,,,
2026-08-14T19:32:15+05:30,0,87.89,0.990,6.48,0.0064152,,,,,,,,,,,,
2026-08-14T19:32:16+05:30,0,91.74,1.303,8.53,0.01111459,,,,,,,,,,,,
2026-08-14T19:32:17+05:30,0,78.02,6.665,43.63,0.29079395,,,,,,,,,,,,
2026-08-14T19:32:18+05:30,0.8,91.61,5.705,37.34,0.2130247,,,,,,,,,,,,
2026-08-14T19:32:19+05:30,0,103.42,1.902,12.45,0.0236799,,,,,,,,,,,,
2026-08-14T19:32:20+05:30,0.2,100.20,2.205,14.43,0.03181815,,,,,,,,,,,,
2026-08-14T19:32:21+05:30,0,104.93,2.250,14.73,0.0331425,,,,,,,,,,,,
2026-08-14T19:32:22+05:30,0,105.85,4.409,28.86,0.12724374,,,,,,,,,,,,
2026-08-14T19:32:23+05:30,0,98.94,2.957,19.36,0.05724752,,,,,,,,,,,,
2026-08-14T19:32:24+05:30,4.3,91.10,1.564,10.24,0.01601536,,,,,,,,,,,,
2026-08-14T19:32:25+05:30,1.3,71.08,2.609,17.08,0.04456172,,,,,,,,,,,,
2026-08-14T19:32:26+05:30,0,70.98,1.606,10.51,0.01687906,,,,,,,,,,,,
2026-08-14T19:32:27+05:30,0,69.76,1.394,9.12,0.01271328,,,,,,,,,,,,
2026-08-14T19:32:28+05:30,5.4,78.73,1.824,11.94,0.02177856,,,,,,,,,,,,
2026-08-14T19:32:29+05:30,5.6,106.48,4.611,30.18,0.13915998,,,,,,,,,,,,
2026-08-14T19:32:30+05:30,0,124.40,7.085,46.38,0.3286023,,,,,,,,,,,,
2026-08-14T19:32:31+05:30,3.1,106.24,9.677,63.34,0.61294118,,,,,,,,,,,,
2026-08-14T19:32:32+05:30,0,88.81,4.073,26.66,0.10858618,,,,,,,,,,,,
2026-08-14T19:32:33+05:30,2.7,103.63,4.931,32.28,0.15917268,,,,,,,,,,,,
2026-08-14T19:32:34+05:30,5.8,103.17,3.070,20.10,0.061707,,,,,,,,,,,,
2026-08-14T19:32:35+05:30,0.2,77.17,4.561,29.86,0.13619146,,,,,,,,,,,,
2026-08-14T19:32:36+05:30,0,73.99,3.804,24.90,0.0947196,,,,,,,,,,,,
2026-08-14T19:32:37+05:30,0,78.60,2.407,15.76,0.03793432,,,,,,,,,,,,
2026-08-14T19:32:38+05:30,0,90.80,5.150,33.71,0.1736065,,,,,,,,,,,,
2026-08-14T19:32:39+05:30,0,82.58,3.085,20.19,0.06228615,,,,,,,,,,,,
2026-08-14T19:32:40+05:30,2.4,87.87,2.109,13.81,0.02912529,,,,,,,,,,,,
2026-08-14T19:32:41+05:30,4.8,108.40,5.150,33.71,0.1736065,,,,,,,,,,,,
2026-08-14T19:32:42+05:30,1.3,113.68,3.804,24.90,0.0947196,,,,,,,,,,,,
2026-08-14T19:32:43+05:30,0,97.62,3.450,22.58,0.077901,,,,,,,,,,,,
2026-08-14T19:32:44+05:30,1.2,97.39,1.750,11.46,0.020055,,,,,,,,,,,,
2026-08-14T19:32:45+05:30,0,82.63,8.163,53.43,0.43614909,,,,,,,,,,,,
2026-08-14T19:32:46+05:30,0,93.17,3.366,22.03,0.07415298,,,,,,,,,,,,
2026-08-14T19:32:47+05:30,2,87.60,2.449,16.03,0.03925747,,,,,,,,,,,,
2026-08-14T19:32:48+05:30,0,83.62,1.925,12.60,0.024255,,,,,,,,,,,,
2026-08-14T19:32:49+05:30,0,86.42,1.227,8.03,0.00985281,,,,,,,,,,,,
2026-08-14T19:32:50+05:30,0,88.19,0.752,4.92,0.00369984,,,,,,,,,,,,
2026-08-14T19:32:51+05:30,0,92.12,1.774,11.61,0.02059614,,,,,,,,,,,,
2026-08-14T19:32:52+05:30,0,97.71,2.060,13.48,0.0277688,,,,,,,,,,,,
2026-08-14T19:32:53+05:30,0,106.34,1.804,11.81,0.02130524,,,,,,,,,,,,
2026-08-14T19:32:54+05:30,2.6,93.64,1.622,10.62,0.01722564,,,,,,,,,,,,
2026-08-14T19:32:55+05:30,0,87.20,3.085,20.19,0.06228615,,,,,,,,,,,,
2026-08-14T19:32:56+05:30,4.3,89.62,4.376,28.64,0.12532864,,,,,,,,,,,,
2026-08-14T19:32:57+05:30,0,98.98,3.703,24.24,0.08976072,,,,,,,,,,,,
2026-08-14T19:32:58+05:30,1.5,89.00,3.551,23.24,0.08252524,,,,,,,,,,,,
2026-08-14T19:32:59+05:30,0.5,83.87,4.107,26.88,0.11039616,,,,,,,,,,,,
2026-08-14T19:33:00+05:30,0,98.41,2.809,18.39,0.05165751,,,,,,,,,,,,
2026-08-14T19:33:01+05:30,0,93.46,3.888,25.45,0.0989496,,,,,,,,,,,,
2026-08-14T19:33:02+05:30,0,96.79,2.439,15.97,0.03895083,,,,,,,,,,,,
2026-08-14T19:33:03+05:30,0,92.89,3.534,23.13,0.08174142,,,,,,,,,,,,
2026-08-14T19:33:04+05:30,0,85.18,5.049,33.05,0.16686945,,,,,,,,,,,,
2026-08-14T19:33:05+05:30,2.4,87.40,5.470,35.81,0.1958807,,,,,,,,,,,,
2026-08-14T19:33:06+05:30,0,92.93,4.325,28.31,0.12244075,,,,,,,,,,,,
2026-08-14T19:33:07+05:30,0,94.00,5.453,35.69,0.19461757,,,,,,,,,,,,
2026-08-14T19:33:08+05:30,0.3,84.24,5.083,33.27,0.16911141,,,,,,,,,,,,
2026-08-14T19:33:09+05:30,2,89.68,4.073,26.66,0.10858618,,,,,,,,,,,,
2026-08-14T19:33:10+05:30,0,102.22,5.015,32.83,0.16464245,,,,,,,,,,,,
2026-08-14T19:33:11+05:30,0,111.40,7.422,48.58,0.36056076,,,,,,,,,,,,
2026-08-14T19:33:12+05:30,0,102.63,9.627,63.02,0.60669354,,,,,,,,,,,,
2026-08-14T19:33:13+05:30,2.2,78.57,7.523,49.24,0.37043252,,,,,,,,,,,,
2026-08-14T19:33:14+05:30,0.5,82.99,7.523,49.24,0.37043252,,,,,,,,,,,,
2026-08-14T19:33:15+05:30,0,83.13,6.968,45.61,0.31781048,,,,,,,,,,,,
2026-08-14T19:33:16+05:30,0,90.32,5.907,38.67,0.22842369,,,,,,,,,,,,
2026-08-14T19:33:17+05:30,0,86.45,3.398,22.24,0.07557152,,,,,,,,,,,,
2026-08-14T19:33:18+05:30,0,86.34,3.719,24.34,0.09052046,,,,,,,,,,,,
2026-08-14T19:33:19+05:30,0,97.49,4.393,28.76,0.12634268,,,,,,,,,,,,
2026-08-14T19:33:20+05:30,0,101.41,1.227,8.03,0.00985281,,,,,,,,,,,,
2026-08-14T19:33:21+05:30,0,98.00,4.746,31.07,0.14745822,,,,,,,,,,,,
2026-08-14T19:33:22+05:30,0,112.52,3.652,23.91,0.08731932,,,,,,,,,,,,
2026-08-14T19:33:23+05:30,0.7,91.24,4.123,26.99,0.11127977,,,,,,,,,,,,
2026-08-14T19:33:24+05:30,0,92.57,1.639,10.73,0.01758647,,,,,,,,,,,,
2026-08-14T19:33:25+05:30,1,85.81,5.503,36.02,0.19821806,,,,,,,,,,,,
2026-08-14T19:33:26+05:30,0,82.86,8.011,52.44,0.42009684,,,,,,,,,,,,
2026-08-14T19:33:27+05:30,0,88.67,5.554,36.36,0.20194344,,,,,,,,,,,,
2026-08-14T19:33:28+05:30,1.9,73.17,2.553,16.71,0.04266063,,,,,,,,,,,,
2026-08-14T19:33:29+05:30,3.8,77.34,3.534,23.13,0.08174142,,,,,,,,,,,,
2026-08-14T19:33:30+05:30,4.4,99.82,1.765,11.55,0.02038575,,,,,,,,,,,,
2026-08-14T19:33:31+05:30,0,112.13,0.808,5.29,0.00427432,,,,,,,,,,,,
2026-08-14T19:33:32+05:30,0,107.88,2.185,14.30,0.0312455,,,,,,,,,,,,
2026-08-14T19:33:33+05:30,0,97.80,4.140,27.10,0.112194,,,,,,,,,,,,
2026-08-14T19:33:34+05:30,0.3,101.58,2.935,19.21,0.05638135,,,,,,,,,,,,
2026-08-14T19:33:35+05:30,1.4,100.40,3.450,22.58,0.077901,,,,,,,,,,,,
2026-08-14T19:33:36+05:30,0.1,78.64,1.287,8.42,0.01083654,,,,,,,,,,,,
2026-08-14T19:33:37+05:30,0,79.52,2.794,18.29,0.05110226,,,,,,,,,,,,
2026-08-14T19:33:38+05:30,0,80.41,7.372,48.26,0.35577272,,,,,,,,,,,,
2026-08-14T19:33:39+05:30,3.9,82.60,3.921,25.67,0.10065207,,,,,,,,,,,,
2026-08-14T19:33:40+05:30,0,97.07,6.463,42.31,0.27344953,,,,,,,,,,,,
2026-08-14T19:33:41+05:30,0,99.24,9.677,63.34,0.61294118,,,,,,,,,,,,
2026-08-14T19:33:42+05:30,0.1,81.11,4.039,26.44,0.10679116,,,,,,,,,,,,
2026-08-14T19:33:43+05:30,4.4,93.32,4.628,30.29,0.14018212,,,,,,,,,,,,
2026-08-14T19:33:44+05:30,0,105.94,4.460,29.19,0.1301874,,,,,,,,,,,,
2026-08-14T19:33:45+05:30,0,103.94,3.989,26.11,0.10415279,,,,,,,,,,,,
2026-08-14T19:33:46+05:30,0,99.46,5.015,32.83,0.16464245,,,,,,,,,,,,
2026-08-14T19:33:47+05:30,0,93.96,5.571,36.47,0.20317437,,,,,,,,,,,,
2026-08-14T19:33:48+05:30,0,98.88,4.157,27.21,0.11311197,,,,,,,,,,,,
2026-08-14T19:33:49+05:30,0,85.63,1.996,13.07,0.02608772,,,,,,,,,,,,
2026-08-14T19:33:50+05:30,0,76.68,2.920,19.11,0.0558012,,,,,,,,,,,,
2026-08-14T19:33:51+05:30,0,73.60,2.047,13.40,0.0274298,,,,,,,,,,,,
2026-08-14T19:33:52+05:30,0.4,83.66,2.065,13.52,0.0279188,,,,,,,,,,,,
2026-08-14T19:33:53+05:30,0,95.86,3.635,23.79,0.08647665,,,,,,,,,,,,
2026-08-14T19:33:54+05:30,4.6,98.08,2.317,15.17,0.03514889,,,,,,,,,,,,
2026-08-14T19:33:55+05:30,0,109.75,3.534,23.13,0.08174142,,,,,,,,,,,,
2026-08-14T19:33:56+05:30,0,107.83,3.804,24.90,0.0947196,,,,,,,,,,,,
2026-08-14T19:33:57+05:30,0,104.75,4.409,28.86,0.12724374,,,,,,,,,,,,
2026-08-14T19:33:58+05:30,1,82.76,1.272,8.33,0.01059576,,,,,,,,,,,,
2026-08-14T19:33:59+05:30,0,87.78,0.872,5.71,0.00497912,,,,,,,,,,,,
2026-08-14T19:34:00+05:30,0,84.38,0.720,4.71,0.0033912,,,,,,,,,,,,
2026-08-14T19:34:01+05:30,0,79.54,3.888,25.45,0.0989496,,,,,,,,,,,,
2026-08-14T19:34:02+05:30,0,76.94,4.039,26.44,0.10679116,,,,,,,,,,,,
2026-08-14T19:34:03+05:30,5.8,92.73,3.787,24.79,0.09387973,,,,,,,,,,,,
2026-08-14T19:34:04+05:30,0,106.29,1.902,12.45,0.0236799,,,,,,,,,,,,
2026-08-14T19:34:05+05:30,3.6,97.01,2.430,15.91,0.0386613,,,,,,,,,,,,
2026-08-14T19:34:06+05:30,3.4,100.24,2.533,16.58,0.04199714,,,,,,,,,,,,
2026-08-14T19:34:07+05:30,0,110.01,3.989,26.11,0.10415279,,,,,,,,,,,,
2026-08-14T19:34:08+05:30,2.3,98.06,4.174,27.32,0.11403368,,,,,,,,,,,,
2026-08-14T19:34:09+05:30,0.2,83.83,7.860,51.45,0.404397,,,,,,,,,,,,
2026-08-14T19:34:10+05:30,0,70.02,6.732,44.07,0.29667924,,,,,,,,,,,,
2026-08-14T19:34:11+05:30,0,85.75,5.200,34.04,0.177008,,,,,,,,,,,,
2026-08-14T19:34:12+05:30,1.4,83.67,2.868,18.77,0.05383236,,,,,,,,,,,,
2026-08-14T19:34:13+05:30,2.3,102.57,1.271,8.32,0.01057472,,,,,,,,,,,,
2026-08-14T19:34:14+05:30,2.3,100.89,1.163,7.61,0.00885043,,,,,,,,,,,,
2026-08-14T19:34:15+05:30,0,88.12,1.244,8.14,0.01012616,,,,,,,,,,,,
2026-08-14T19:34:16+05:30,0,94.47,2.799,18.32,0.05127768,,,,,,,,,,,,
2026-08-14T19:34:17+05:30,0,103.13,4.494,29.42,0.13221348,,,,,,,,,,,,
2026-08-14T19:34:18+05:30,0.9,89.87,7.372,48.26,0.35577272,,,,,,,,,,,,
2026-08-14T19:34:19+05:30,0,94.00,7.574,49.58,0.37551892,,,,,,,,,,,,
2026-08-14T19:34:20+05:30,2.3,95.70,9.677,63.34,0.61294118,,,,,,,,,,,,
2026-08-14T19:34:21+05:30,0,81.44,4.611,30.18,0.13915998,,,,,,,,,,,,
2026-08-14T19:34:22+05:30,0,82.07,3.122,20.44,0.06381368,,,,,,,,,,,,
2026-08-14T19:34:23+05:30,0,91.26,4.460,29.19,0.1301874,,,,,,,,,,,,
2026-08-14T19:34:24+05:30,0,96.86,8.280,54.20,0.448776,,,,,,,,,,,,
2026-08-14T19:34:25+05:30,0,100.24,7.321,47.92,0.35082232,,,,,,,,,,,,
2026-08-14T19:34:26+05:30,0,100.76,6.597,43.18,0.28485846,,,,,,,,,,,,
2026-08-14T19:34:27+05:30,0.2,94.64,9.745,63.79,0.62163355,,,,,,,,,,,,
2026-08-14T19:34:28+05:30,2.1,95.12,6.244,40.87,0.25519228,,,,,,,,,,,,
2026-08-14T19:34:29+05:30,0,83.83,3.282,21.48,0.07049736,,,,,,,,,,,,
2026-08-14T19:34:30+05:30,0,81.63,3.075,20.13,0.06189975,,,,,,,,,,,,
2026-08-14T19:34:31+05:30,0,86.33,3.416,22.36,0.07638176,,,,,,,,,,,,
2026-08-14T19:34:32+05:30,0,92.86,2.947,19.29,0.05684763,,,,,,,,,,,,
2026-08-14T19:34:33+05:30,0,95.34,6.412,41.97,0.26911164,,,,,,,,,,,,
2026-08-14T19:34:34+05:30,0,92.31,3.770,24.68,0.0930436,,,,,,,,,,,,
2026-08-14T19:34:35+05:30,4.1,103.00,2.588,16.94,0.04384072,,,,,,,,,,,,
2026-08-14T19:34:36+05:30,1.2,108.01,5.520,36.13,0.1994376,,,,,,,,,,,,
2026-08-14T19:34:37+05:30,1,91.60,6.059,39.66,0.24029994,,,,,,,,,,,,
2026-08-14T19:34:38+05:30,2.5,91.84,7.372,48.26,0.35577272,,,,,,,,,,,,
2026-08-14T19:34:39+05:30,0,99.39,9.256,60.59,0.56082104,,,,,,,,,,,,
2026-08-14T19:34:40+05:30,0,93.42,5.453,35.69,0.19461757,,,,,,,,,,,,
2026-08-14T19:34:41+05:30,3.7,76.52,8.785,57.51,0.50522535,,,,,,,,,,,,
2026-08-14T19:34:42+05:30,0,65.73,7.456,48.81,0.36392736,,,,,,,,,,,,
2026-08-14T19:34:43+05:30,0.3,80.32,5.722,37.46,0.21434612,,,,,,,,,,,,
2026-08-14T19:34:44+05:30,1.2,94.72,8.264,54.10,0.4470824,,,,,,,,,,,,
2026-08-14T19:34:45+05:30,0.2,111.02,5.739,37.57,0.21561423,,,,,,,,,,,,
2026-08-14T19:34:46+05:30,0,113.90,9.425,61.70,0.5815225,,,,,,,,,,,,
2026-08-14T19:34:47+05:30,0,97.48,13.952,91.33,1.27423616,,,,,,,,,,,,
2026-08-14T19:34:48+05:30,0,104.51,12.622,82.62,1.04282964,,,,,,,,,,,,
2026-08-14T19:34:49+05:30,0,102.61,9.559,62.57,0.59810663,,,,,,,,,,,,
2026-08-14T19:34:50+05:30,3.9,86.01,10.148,66.43,0.67413164,,,,,,,,,,,,
2026-08-14T19:34:51+05:30,0,61.05,15.702,102.78,1.61385156,,,,,,,,,,,,
2026-08-14T19:34:52+05:30,0,72.99,10.266,67.20,0.6898752,,,,,,,,,,,,
2026-08-14T19:34:53+05:30,0,85.70,6.092,39.88,0.24294896,,,,,,,,,,,,
2026-08-14T19:34:54+05:30,2.4,91.43,6.867,44.95,0.30867165,,,,,,,,,,,,
2026-08-14T19:34:55+05:30,0,109.90,4.729,30.96,0.14640984,,,,,,,,,,,,
2026-08-14T19:34:56+05:30,6.1,102.62,7.944,52.00,0.413088,,,,,,,,,,,,
2026-08-14T19:34:57+05:30,0,106.85,5.638,36.91,0.20809858,,,,,,,,,,,,
2026-08-14T19:34:58+05:30,0,110.32,5.689,37.24,0.21185836,,,,,,,,,,,,
2026-08-14T19:34:59+05:30,2.2,88.76,9.458,61.91,0.58554478,,,,,,,,,,,,
2026-08-14T19:35:00+05:30,0,84.98,3.095,20.26,0.0627047,,,,,,,,,,,,
2026-08-14T19:35:01+05:30,0,77.47,5.739,37.57,0.21561423,,,,,,,,,,,,
2026-08-14T19:35:02+05:30,0,92.07,8.785,57.51,0.50522535,,,,,,,,,,,,
2026-08-14T19:35:03+05:30,0,92.73,12.858,84.17,1.08225786,,,,,,,,,,,,
2026-08-14T19:35:04+05:30,0,77.16,16.493,107.96,1.78058428,,,,,,,,,,,,
2026-08-14T19:35:05+05:30,0,78.24,13.380,87.58,1.1718204,,,,,,,,,,,,
2026-08-14T19:35:06+05:30,8.2,96.82,4.191,27.43,0.11495913,,,,,,,,,,,,
2026-08-14T19:35:07+05:30,0,106.63,5.049,33.05,0.16686945,,,,,,,,,,,,
2026-08-14T19:35:08+05:30,0,105.21,1.784,11.68,0.02083712,,,,,,,,,,,,
2026-08-14T19:35:09+05:30,0,101.27,3.366,22.03,0.07415298,,,,,,,,,,,,
2026-08-14T19:35:10+05:30,0.5,112.54,2.886,18.89,0.05451654,,,,,,,,,,,,
2026-08-14T19:35:11+05:30,6.2,107.10,2.890,18.92,0.0546788,,,,,,,,,,,,
2026-08-14T19:35:12+05:30,5.6,80.64,2.230,14.60,0.032558,,,,,,,,,,,,
2026-08-14T19:35:13+05:30,0,72.77,1.471,9.63,0.01416573,,,,,,,,,,,,
2026-08-14T19:35:14+05:30,0,66.79,1.491,9.76,0.01455216,,,,,,,,,,,,
2026-08-14T19:35:15+05:30,0,77.98,3.036,19.87,0.06032532,,,,,,,,,,,,
2026-08-14T19:35:16+05:30,2.5,86.21,2.317,15.17,0.03514889,,,,,,,,,,,,
2026-08-14T19:35:17+05:30,0,90.31,5.402,35.36,0.19101472,,,,,,,,,,,,
2026-08-14T19:35:18+05:30,8.6,108.51,3.551,23.24,0.08252524,,,,,,,,,,,,
2026-08-14T19:35:19+05:30,0,118.81,4.208,27.55,0.1159304,,,,,,,,,,,,
2026-08-14T19:35:20+05:30,0,111.98,4.123,26.99,0.11127977,,,,,,,,,,,,
2026-08-14T19:35:21+05:30,0,103.62,1.383,9.05,0.01251615,,,,,,,,,,,,
2026-08-14T19:35:22+05:30,3.6,93.09,2.477,16.21,0.04015217,,,,,,,,,,,,
2026-08-14T19:35:23+05:30,0.5,81.45,2.338,15.30,0.0357714,,,,,,,,,,,,
2026-08-14T19:35:24+05:30,0,77.44,3.820,25.01,0.0955382,,,,,,,,,,,,
2026-08-14T19:35:25+05:30,0,79.90,9.593,62.79,0.60234447,,,,,,,,,,,,
2026-08-14T19:35:26+05:30,0,83.69,9.559,62.57,0.59810663,,,,,,,,,,,,
2026-08-14T19:35:27+05:30,0,81.68,8.398,54.97,0.46163806,,,,,,,,,,,,
2026-08-14T19:35:28+05:30,0,91.27,5.638,36.91,0.20809858,,,,,,,,,,,,
2026-08-14T19:35:29+05:30,0,96.56,5.924,38.78,0.22973272,,,,,,,,,,,,
2026-08-14T19:35:30+05:30,2.4,112.50,4.258,27.87,0.11867046,,,,,,,,,,,,
2026-08-14T19:35:31+05:30,1.2,110.15,3.129,20.48,0.06408192,,,,,,,,,,,,
2026-08-14T19:35:32+05:30,0,100.18,6.294,41.20,0.2593128,,,,,,,,,,,,
2026-08-14T19:35:33+05:30,0,99.52,6.648,43.52,0.28932096,,,,,,,,,,,,
2026-08-14T19:35:34+05:30,0,88.25,7.388,48.36,0.35728368,,,,,,,,,,,,
2026-08-14T19:35:35+05:30,0,80.58,8.600,56.29,0.484094,,,,,,,,,,,,
2026-08-14T19:35:36+05:30,0,82.26,6.278,41.10,0.2580258,,,,,,,,,,,,
2026-08-14T19:35:37+05:30,0,79.34,3.888,25.45,0.0989496,,,,,,,,,,,,
2026-08-14T19:35:38+05:30,4.3,90.28,9.694,63.46,0.61518124,,,,,,,,,,,,
2026-08-14T19:35:39+05:30,0,99.31,4.443,29.08,0.12920244,,,,,,,,,,,,
2026-08-14T19:35:40+05:30,0,91.99,9.425,61.70,0.5815225,,,,,,,,,,,,
2026-08-14T19:35:41+05:30,0,89.07,7.944,52.00,0.413088,,,,,,,,,,,,
2026-08-14T19:35:42+05:30,1.8,101.49,7.523,49.24,0.37043252,,,,,,,,,,,,
2026-08-14T19:35:43+05:30,2.3,107.38,7.254,47.48,0.34441992,,,,,,,,,,,,
2026-08-14T19:35:44+05:30,0,100.59,3.719,24.34,0.09052046,,,,,,,,,,,,
2026-08-14T19:35:45+05:30,0,86.06,6.278,41.10,0.2580258,,,,,,,,,,,,
2026-08-14T19:35:46+05:30,0,91.81,5.285,34.60,0.182861,,,,,,,,,,,,
2026-08-14T19:35:47+05:30,0,99.77,4.241,27.76,0.11773016,,,,,,,,,,,,
2026-08-14T19:35:48+05:30,1.9,89.92,10.266,67.20,0.6898752,,,,,,,,,,,,
2026-08-14T19:35:49+05:30,3.1,77.98,12.471,81.63,1.01800773,,,,,,,,,,,,
2026-08-14T19:35:50+05:30,0,73.87,9.677,63.34,0.61294118,,,,,,,,,,,,
2026-08-14T19:35:51+05:30,1.8,91.78,11.529,75.47,0.87009363,,,,,,,,,,,,
2026-08-14T19:35:52+05:30,0,107.04,12.471,81.63,1.01800773,,,,,,,,,,,,
2026-08-14T19:35:53+05:30,0.5,102.90,7.860,51.45,0.404397,,,,,,,,,,,,
2026-08-14T19:35:54+05:30,0,90.85,6.799,44.51,0.30262349,,,,,,,,,,,,
2026-08-14T19:35:55+05:30,0,88.02,4.460,29.19,0.1301874,,,,,,,,,,,,
2026-08-14T19:35:56+05:30,0.2,101.49,5.116,33.49,0.17133484,,,,,,,,,,,,
2026-08-14T19:35:57+05:30,0,101.36,7.860,51.45,0.404397,,,,,,,,,,,,
2026-08-14T19:35:58+05:30,4.3,89.95,9.593,62.79,0.60234447,,,,,,,,,,,,
2026-08-14T19:35:59+05:30,0,86.44,13.380,87.58,1.1718204,,,,,,,,,,,,
2026-08-14T19:36:00+05:30,0,85.94,9.172,60.04,0.55068688,,,,,,,,,,,,
2026-08-14T19:36:01+05:30,0,99.71,7.860,51.45,0.404397,,,,,,,,,,,,
2026-08-14T19:36:02+05:30,0,101.25,6.648,43.52,0.28932096,,,,,,,,,,,,
2026-08-14T19:36:03+05:30,7.2,92.73,13.296,87.03,1.15715088,,,,,,,,,,,,
2026-08-14T19:36:04+05:30,0,75.63,5.621,36.79,0.20679659,,,,,,,,,,,,
2026-08-14T19:36:05+05:30,4.2,86.62,6.227,40.76,0.25381252,,,,,,,,,,,,
2026-08-14T19:36:06+05:30,0,109.64,3.703,24.24,0.08976072,,,,,,,,,,,,
2026-08-14T19:36:07+05:30,1,94.41,3.719,24.34,0.09052046,,,,,,,,,,,,
2026-08-14T19:36:08+05:30,1.1,78.21,9.425,61.70,0.5815225,,,,,,,,,,,,
2026-08-14T19:36:09+05:30,4.8,87.71,13.767,90.12,1.24068204,,,,,,,,,,,,
2026-08-14T19:36:10+05:30,0,101.89,7.085,46.38,0.3286023,,,,,,,,,,,,
2026-08-14T19:36:11+05:30,0,104.21,12.471,81.63,1.01800773,,,,,,,,,,,,
2026-08-14T19:36:12+05:30,0,104.79,8.583,56.18,0.48219294,,,,,,,,,,,,
2026-08-14T19:36:13+05:30,3.8,87.10,7.170,46.93,0.3364881,,,,,,,,,,,,
2026-08-14T19:36:14+05:30,1.5,88.78,11.747,76.89,0.90322683,,,,,,,,,,,,
2026-08-14T19:36:15+05:30,0.2,98.77,8.264,54.10,0.4470824,,,,,,,,,,,,
2026-08-14T19:36:16+05:30,0,87.37,12.622,82.62,1.04282964,,,,,,,,,,,,
2026-08-14T19:36:17+05:30,0,84.17,9.223,60.37,0.55679251,,,,,,,,,,,,
2026-08-14T19:36:18+05:30,0,80.99,12.000,78.55,0.9426,,,,,,,,,,,,
2026-08-14T19:36:19+05:30,1.3,91.96,4.696,30.74,0.14435504,,,,,,,,,,,,
2026-08-14T19:36:20+05:30,0,103.63,3.075,20.13,0.06189975,,,,,,,,,,,,
2026-08-14T19:36:21+05:30,3.3,101.97,3.450,22.58,0.077901,,,,,,,,,,,,
2026-08-14T19:36:22+05:30,0,92.29,4.174,27.32,0.11403368,,,,,,,,,,,,
2026-08-14T19:36:23+05:30,4.4,100.01,1.754,11.48,0.02013592,,,,,,,,,,,,
2026-08-14T19:36:24+05:30,0,107.98,2.407,15.76,0.03793432,,,,,,,,,,,,
2026-08-14T19:36:25+05:30,0,90.85,3.316,21.71,0.07199036,,,,,,,,,,,,
2026-08-14T19:36:26+05:30,0,79.50,3.686,24.13,0.08894318,,,,,,,,,,,,
2026-08-14T19:36:27+05:30,0,77.34,1.606,10.51,0.01687906,,,,,,,,,,,,
2026-08-14T19:36:28+05:30,0,92.82,1.902,12.45,0.0236799,,,,,,,,,,,,
2026-08-14T19:36:29+05:30,0,86.35,1.289,8.44,0.01087916,,,,,,,,,,,,
2026-08-14T19:36:30+05:30,0.9,91.75,0.000,0.00,0,,,,,,,,,,,,
2026-08-14T19:36:31+05:30,0,102.13,2.119,13.87,0.02939053,,,,,,,,,,,,
2026-08-14T19:36:32+05:30,5.3,105.66,1.289,8.44,0.01087916,,,,,,,,,,,,
2026-08-14T19:36:33+05:30,1.8,113.58,2.563,16.78,0.04300714,,,,,,,,,,,,
2026-08-14T19:36:34+05:30,1.8,93.97,7.792,51.01,0.39746992,,,,,,,,,,,,
2026-08-14T19:36:35+05:30,0,87.18,7.035,46.05,0.32396175,,,,,,,,,,,,
2026-08-14T19:36:36+05:30,0,87.81,6.463,42.31,0.27344953,,,,,,,,,,,,
2026-08-14T19:36:37+05:30,0,80.06,5.184,33.93,0.17589312,,,,,,,,,,,,
2026-08-14T19:36:38+05:30,4.9,88.48,4.056,26.55,0.1076868,,,,,,,,,,,,
2026-08-14T19:36:39+05:30,1.8,91.58,3.703,24.24,0.08976072,,,,,,,,,,,,
2026-08-14T19:36:40+05:30,0,82.02,1.845,12.08,0.0222876,,,,,,,,,,,,
2026-08-14T19:36:41+05:30,0,83.89,4.645,30.41,0.14125445,,,,,,,,,,,,
2026-08-14T19:36:42+05:30,2.2,96.81,2.509,16.42,0.04119778,,,,,,,,,,,,
2026-08-14T19:36:43+05:30,0.3,107.78,2.151,14.08,0.03028608,,,,,,,,,,,,
2026-08-14T19:36:44+05:30,0,107.66,1.930,12.63,0.0243759,,,,,,,,,,,,
2026-08-14T19:36:45+05:30,0,96.47,2.632,17.23,0.04534936,,,,,,,,,,,,
2026-08-14T19:36:46+05:30,0,94.62,2.242,14.68,0.03291256,,,,,,,,,,,,
2026-08-14T19:36:47+05:30,0,102.98,1.313,8.59,0.01127867,,,,,,,,,,,,
2026-08-14T19:36:48+05:30,6.8,94.99,4.241,27.76,0.11773016,,,,,,,,,,,,
2026-08-14T19:36:49+05:30,0.6,70.98,4.224,27.65,0.1167936,,,,,,,,,,,,
2026-08-14T19:36:50+05:30,0,72.36,3.534,23.13,0.08174142,,,,,,,,,,,,
2026-08-14T19:36:51+05:30,3.6,93.17,5.099,33.38,0.17020462,,,,,,,,,,,,
2026-08-14T19:36:52+05:30,0,99.26,4.611,30.18,0.13915998,,,,,,,,,,,,
2026-08-14T19:36:53+05:30,0,102.84,4.679,30.63,0.14331777,,,,,,,,,,,,
2026-08-14T19:36:54+05:30,3.1,95.36,5.116,33.49,0.17133484,,,,,,,,,,,,
2026-08-14T19:36:55+05:30,0,88.25,4.847,31.73,0.15379531,,,,,,,,,,,,
2026-08-14T19:36:56+05:30,0,93.85,5.015,32.83,0.16464245,,,,,,,,,,,,
2026-08-14T19:36:57+05:30,0.7,96.61,3.551,23.24,0.08252524,,,,,,,,,,,,
2026-08-14T19:36:58+05:30,0,103.63,2.957,19.36,0.05724752,,,,,,,,,,,,
2026-08-14T19:36:59+05:30,1.7,87.36,3.921,25.67,0.10065207,,,,,,,,,,,,
2026-08-14T19:37:00+05:30,0,78.10,3.282,21.48,0.07049736,,,,,,,,,,,,
2026-08-14T19:37:01+05:30,3.3,87.87,1.562,10.22,0.01596364,,,,,,,,,,,,
2026-08-14T19:37:02+05:30,0.3,109.98,4.073,26.66,0.10858618,,,,,,,,,,,,
2026-08-14T19:37:03+05:30,8.2,106.02,2.317,15.17,0.03514889,,,,,,,,,,,,
2026-08-14T19:37:04+05:30,0.1,81.08,3.938,25.78,0.10152164,,,,,,,,,,,,
2026-08-14T19:37:05+05:30,6.5,90.45,6.126,40.10,0.2456526,,,,,,,,,,,,
2026-08-14T19:37:06+05:30,0,104.20,14.507,94.96,1.37758472,,,,,,,,,,,,
2026-08-14T19:37:07+05:30,0,100.12,4.763,31.18,0.14851034,,,,,,,,,,,,
2026-08-14T19:37:08+05:30,4.3,83.73,4.982,32.61,0.16246302,,,,,,,,,,,,
2026-08-14T19:37:09+05:30,0,66.24,4.123,26.99,0.11127977,,,,,,,,,,,,
2026-08-14T19:37:10+05:30,7.6,93.18,1.789,11.71,0.02094919,,,,,,,,,,,,
2026-08-14T19:37:11+05:30,0,108.71,2.609,17.08,0.04456172,,,,,,,,,,,,
2026-08-14T19:37:12+05:30,3.4,104.53,1.733,11.34,0.01965222,,,,,,,,,,,,
2026-08-14T19:37:13+05:30,0.8,86.47,2.208,14.45,0.0319056,,,,,,,,,,,,
2026-08-14T19:37:14+05:30,0,76.62,4.107,26.88,0.11039616,,,,,,,,,,,,
2026-08-14T19:37:15+05:30,7.3,102.53,5.537,36.24,0.20066088,,,,,,,,,,,,
2026-08-14T19:37:16+05:30,0,113.14,4.729,30.96,0.14640984,,,,,,,,,,,,
2026-08-14T19:37:17+05:30,6.1,91.61,6.463,42.31,0.27344953,,,,,,,,,,,,
2026-08-14T19:37:18+05:30,0,78.77,8.583,56.18,0.48219294,,,,,,,,,,,,
2026-08-14T19:37:19+05:30,4.8,95.01,8.886,58.17,0.51689862,,,,,,,,,,,,
2026-08-14T19:37:20+05:30,0,105.35,7.069,46.27,0.32708263,,,,,,,,,,,,
2026-08-14T19:37:21+05:30,12.3,91.69,2.705,17.71,0.04790555,,,,,,,,,,,,
2026-08-14T19:37:22+05:30,0.5,85.00,2.092,13.69,0.02863948,,,,,,,,,,,,
2026-08-14T19:37:23+05:30,0,94.59,2.565,16.79,0.04306635,,,,,,,,,,,,
2026-08-14T19:37:24+05:30,0,97.12,0.000,0.00,0,,,,,,,,,,,,
2026-08-14T19:37:25+05:30,0,80.15,0.838,5.49,0.00460062,,,,,,,,,,,,
2026-08-14T19:37:26+05:30,0.4,72.55,1.774,11.61,0.02059614,,,,,,,,,,,,
2026-08-14T19:37:27+05:30,3.6,93.46,2.430,15.91,0.0386613,,,,,,,,,,,,
2026-08-14T19:37:28+05:30,0,104.32,3.753,24.57,0.09221121,,,,,,,,,,,,
2026-08-14T19:37:29+05:30,0,106.57,3.585,23.47,0.08413995,,,,,,,,,,,,
2026-08-14T19:37:30+05:30,0,102.71,9.509,62.24,0.59184016,,,,,,,,,,,,
2026-08-14T19:37:31+05:30,0,104.25,10.637,69.63,0.74065431,,,,,,,,,,,,
2026-08-14T19:37:32+05:30,0,103.93,4.780,31.29,0.1495662,,,,,,,,,,,,
2026-08-14T19:37:33+05:30,0.6,93.54,3.366,22.03,0.07415298,,,,,,,,,,,,
2026-08-14T19:37:34+05:30,0,85.83,2.705,17.71,0.04790555,,,,,,,,,,,,
2026-08-14T19:37:35+05:30,0,81.56,1.335,8.74,0.0116679,,,,,,,,,,,,
2026-08-14T19:37:36+05:30,5.1,66.19,0.000,0.00,0,,,,,,,,,,,,
2026-08-14T19:37:37+05:30,6.4,69.75,0.998,6.53,0.00651694,,,,,,,,,,,,
2026-08-14T19:37:38+05:30,2.5,93.29,0.000,0.00,0,,,,,,,,,,,,
2026-08-14T19:37:39+05:30,1.9,106.72,0.890,5.83,0.0051887,,,,,,,,,,,,
2026-08-14T19:37:40+05:30,0,116.56,0.761,4.98,0.00378978,,,,,,,,,,,,
2026-08-14T19:37:41+05:30,1.7,113.09,0.905,5.92,0.0053576,,,,,,,,,,,,
2026-08-14T19:37:42+05:30,2.6,115.47,2.142,14.02,0.03003084,,,,,,,,,,,,
2026-08-14T19:37:43+05:30,2,96.70,3.001,19.64,0.05893964,,,,,,,,,,,,
2026-08-14T19:37:44+05:30,0.3,83.19,1.510,9.88,0.0149188,,,,,,,,,,,,
2026-08-14T19:37:45+05:30,0,67.46,2.742,17.95,0.0492189,,,,,,,,,,,,
2026-08-14T19:37:46+05:30,0,72.29,1.466,9.60,0.0140736,,,,,,,,,,,,
2026-08-14T19:37:47+05:30,0,85.55,2.250,14.73,0.0331425,,,,,,,,,,,,
2026-08-14T19:37:48+05:30,0,81.18,4.982,32.61,0.16246302,,,,,,,,,,,,
2026-08-14T19:37:49+05:30,2.2,90.07,6.631,43.41,0.28785171,,,,,,,,,,,,
2026-08-14T19:37:50+05:30,2.1,111.39,3.400,22.26,0.075684,,,,,,,,,,,,
2026-08-14T19:37:51+05:30,2.2,127.43,2.309,15.11,0.03488899,,,,,,,,,,,,
2026-08-14T19:37:52+05:30,6.7,114.34,2.577,16.87,0.04347399,,,,,,,,,,,,
2026-08-14T19:37:53+05:30,5.1,85.43,2.040,13.35,0.027234,,,,,,,,,,,,
2026-08-14T19:37:54+05:30,2.1,85.77,4.073,26.66,0.10858618,,,,,,,,,,,,
2026-08-14T19:37:55+05:30,0,94.00,3.534,23.13,0.08174142,,,,,,,,,,,,
2026-08-14T19:37:56+05:30,3.4,83.55,3.534,23.13,0.08174142,,,,,,,,,,,,
2026-08-14T19:37:57+05:30,0,70.47,6.463,42.31,0.27344953,,,,,,,,,,,,
2026-08-14T19:37:58+05:30,3.2,79.47,4.797,31.40,0.1506258,,,,,,,,,,,,
2026-08-14T19:37:59+05:30,0.8,94.37,3.147,20.60,0.0648282,,,,,,,,,,,,
2026-08-14T19:38:00+05:30,0,109.75,4.409,28.86,0.12724374,,,,,,,,,,,,
2026-08-14T19:38:01+05:30,0.1,99.79,2.062,13.50,0.027837,,,,,,,,,,,,
2026-08-14T19:38:02+05:30,0,94.12,1.902,12.45,0.0236799,,,,,,,,,,,,
2026-08-14T19:38:03+05:30,0,103.96,2.935,19.21,0.05638135,,,,,,,,,,,,
2026-08-14T19:38:04+05:30,2.3,98.95,2.644,17.31,0.04576764,,,,,,,,,,,,
2026-08-14T19:38:05+05:30,0,90.61,1.947,12.74,0.02480478,,,,,,,,,,,,
2026-08-14T19:38:06+05:30,0,91.56,2.981,19.51,0.05815931,,,,,,,,,,,,
2026-08-14T19:38:07+05:30,0,99.30,3.804,24.90,0.0947196,,,,,,,,,,,,
2026-08-14T19:38:08+05:30,7.4,88.63,2.890,18.92,0.0546788,,,,,,,,,,,,
2026-08-14T19:38:09+05:30,0.3,69.54,2.588,16.94,0.04384072,,,,,,,,,,,,
2026-08-14T19:38:10+05:30,8.7,97.01,5.402,35.36,0.19101472,,,,,,,,,,,,
2026-08-14T19:38:11+05:30,3.2,103.26,4.965,32.50,0.1613625,,,,,,,,,,,,
2026-08-14T19:38:12+05:30,0,90.34,5.402,35.36,0.19101472,,,,,,,,,,,,
2026-08-14T19:38:13+05:30,0,86.63,5.470,35.81,0.1958807,,,,,,,,,,,,
2026-08-14T19:38:14+05:30,0.7,83.95,6.648,43.52,0.28932096,,,,,,,,,,,,
2026-08-14T19:38:15+05:30,0.9,109.48,6.025,39.44,0.237626,,,,,,,,,,,,
2026-08-14T19:38:16+05:30,0,109.34,1.409,9.22,0.01299098,,,,,,,,,,,,
2026-08-14T19:38:17+05:30,0.9,99.70,2.871,18.79,0.05394609,,,,,,,,,,,,
2026-08-14T19:38:18+05:30,3.8,83.69,6.379,41.76,0.26638704,,,,,,,,,,,,
2026-08-14T19:38:19+05:30,4.3,83.02,9.509,62.24,0.59184016,,,,,,,,,,,,
2026-08-14T19:38:20+05:30,0,101.88,13.918,91.11,1.26806898,,,,,,,,,,,,
2026-08-14T19:38:21+05:30,5.5,92.67,9.677,63.34,0.61294118,,,,,,,,,,,,
2026-08-14T19:38:22+05:30,0,77.85,9.425,61.70,0.5815225,,,,,,,,,,,,
2026-08-14T19:38:23+05:30,1.9,80.21,6.160,40.32,0.2483712,,,,,,,,,,,,
2026-08-14T19:38:24+05:30,3.4,96.01,5.116,33.49,0.17133484,,,,,,,,,,,,
2026-08-14T19:38:25+05:30,0,104.52,5.402,35.36,0.19101472,,,,,,,,,,,,
2026-08-14T19:38:26+05:30,0,108.18,6.294,41.20,0.2593128,,,,,,,,,,,,
2026-08-14T19:38:27+05:30,1.1,106.48,5.890,38.56,0.2271184,,,,,,,,,,,,
2026-08-14T19:38:28+05:30,0,91.97,8.465,55.41,0.46904565,,,,,,,,,,,,
2026-08-14T19:38:29+05:30,0,98.85,7.658,50.13,0.38389554,,,,,,,,,,,,
2026-08-14T19:38:30+05:30,0.8,92.25,8.415,55.08,0.4634982,,,,,,,,,,,,
2026-08-14T19:38:31+05:30,0,80.55,7.405,48.47,0.35892035,,,,,,,,,,,,
2026-08-14T19:38:32+05:30,0,71.74,4.376,28.64,0.12532864,,,,,,,,,,,,
2026-08-14T19:38:33+05:30,3.5,82.52,8.499,55.63,0.47279937,,,,,,,,,,,,
2026-08-14T19:38:34+05:30,0,97.71,5.049,33.05,0.16686945,,,,,,,,,,,,
2026-08-14T19:38:35+05:30,0,96.06,3.652,23.91,0.08731932,,,,,,,,,,,,
2026-08-14T19:38:36+05:30,0,98.06,3.837,25.12,0.09638544,,,,,,,,,,,,
2026-08-14T19:38:37+05:30,0,104.52,3.366,22.03,0.07415298,,,,,,,,,,,,
2026-08-14T19:38:38+05:30,0,98.20,4.662,30.52,0.14228424,,,,,,,,,,,,
2026-08-14T19:38:39+05:30,0,108.19,1.022,6.69,0.00683718,,,,,,,,,,,,
2026-08-14T19:38:40+05:30,0,97.37,3.787,24.79,0.09387973,,,,,,,,,,,,
2026-08-14T19:38:41+05:30,0,96.66,3.299,21.59,0.07122541,,,,,,,,,,,,
2026-08-14T19:38:42+05:30,4.5,89.94,7.018,45.94,0.32240692,,,,,,,,,,,,
2026-08-14T19:38:43+05:30,0.6,66.86,7.001,45.83,0.32085583,,,,,,,,,,,,
2026-08-14T19:38:44+05:30,3.7,86.04,8.886,58.17,0.51689862,,,,,,,,,,,,
2026-08-14T19:38:45+05:30,1.2,100.35,12.033,78.77,0.94783941,,,,,,,,,,,,
2026-08-14T19:38:46+05:30,2.9,97.04,7.085,46.38,0.3286023,,,,,,,,,,,,
2026-08-14T19:38:47+05:30,0,84.10,8.381,54.86,0.45978166,,,,,,,,,,,,
2026-08-14T19:38:48+05:30,0,86.74,5.554,36.36,0.20194344,,,,,,,,,,,,
2026-08-14T19:38:49+05:30,3.8,103.88,5.099,33.38,0.17020462,,,,,,,,,,,,
2026-08-14T19:38:50+05:30,0,110.79,7.254,47.48,0.34441992,,,,,,,,,,,,
2026-08-14T19:38:51+05:30,6.6,103.66,6.547,42.86,0.28060442,,,,,,,,,,,,
2026-08-14T19:38:52+05:30,0,81.50,5.722,37.46,0.21434612,,,,,,,,,,,,
2026-08-14T19:38:53+05:30,0.4,92.14,7.254,47.48,0.34441992,,,,,,,,,,,,
2026-08-14T19:38:54+05:30,0.9,106.28,5.907,38.67,0.22842369,,,,,,,,,,,,
2026-08-14T19:38:55+05:30,2.2,100.40,9.862,64.56,0.63669072,,,,,,,,,,,,
2026-08-14T19:38:56+05:30,0.7,81.29,7.052,46.16,0.32552032,,,,,,,,,,,,
2026-08-14T19:38:57+05:30,0,81.25,7.085,46.38,0.3286023,,,,,,,,,,,,
2026-08-14T19:38:58+05:30,0,87.44,3.686,24.13,0.08894318,,,,,,,,,,,,
2026-08-14T19:38:59+05:30,0,88.52,4.847,31.73,0.15379531,,,,,,,,,,,,
2026-08-14T19:39:00+05:30,0.9,103.22,6.547,42.86,0.28060442,,,,,,,,,,,,
2026-08-14T19:39:01+05:30,0,95.03,5.756,37.68,0.21688608,,,,,,,,,,,,
2026-08-14T19:39:02+05:30,0.7,100.13,5.520,36.13,0.1994376,,,,,,,,,,,,
2026-08-14T19:39:03+05:30,3,99.76,5.655,37.02,0.2093481,,,,,,,,,,,,
2026-08-14T19:39:04+05:30,0,87.29,5.975,39.11,0.23368225,,,,,,,,,,,,
2026-08-14T19:39:05+05:30,2.3,98.80,3.719,24.34,0.09052046,,,,,,,,,,,,
2026-08-14T19:39:06+05:30,2,94.70,2.910,19.05,0.0554355,,,,,,,,,,,,
2026-08-14T19:39:07+05:30,0,81.95,3.416,22.36,0.07638176,,,,,,,,,,,,
2026-08-14T19:39:08+05:30,7.2,94.31,3.075,20.13,0.06189975,,,,,,,,,,,,
2026-08-14T19:39:09+05:30,4.3,99.65,2.317,15.17,0.03514889,,,,,,,,,,,,
2026-08-14T19:39:10+05:30,0,88.95,0.937,6.13,0.00574381,,,,,,,,,,,,
2026-08-14T19:39:11+05:30,2.6,95.02,2.481,16.24,0.04029144,,,,,,,,,,,,
2026-08-14T19:39:12+05:30,0,102.93,5.773,37.79,0.21816167,,,,,,,,,,,,
2026-08-14T19:39:13+05:30,2.2,91.60,6.160,40.32,0.2483712,,,,,,,,,,,,
2026-08-14T19:39:14+05:30,1,90.68,6.278,41.10,0.2580258,,,,,,,,,,,,
2026-08-14T19:39:15+05:30,1,86.68,10.569,69.18,0.73116342,,,,,,,,,,,,
2026-08-14T19:39:16+05:30,4.9,100.04,4.696,30.74,0.14435504,,,,,,,,,,,,
2026-08-14T19:39:17+05:30,4.7,97.74,5.739,37.57,0.21561423,,,,,,,,,,,,
2026-08-14T19:39:18+05:30,0,79.34,4.813,31.51,0.15165763,,,,,,,,,,,,
2026-08-14T19:39:19+05:30,0,89.36,1.394,9.12,0.01271328,,,,,,,,,,,,
2026-08-14T19:39:20+05:30,0,100.41,3.753,24.57,0.09221121,,,,,,,,,,,,
2026-08-14T19:39:21+05:30,1.3,96.06,1.673,10.95,0.01831935,,,,,,,,,,,,
2026-08-14T19:39:22+05:30,0,89.23,1.394,9.12,0.01271328,,,,,,,,,,,,
2026-08-14T19:39:23+05:30,0,101.53,1.934,12.66,0.02448444,,,,,,,,,,,,
2026-08-14T19:39:24+05:30,0,106.73,3.433,22.47,0.07713951,,,,,,,,,,,,
2026-08-14T19:39:25+05:30,0,102.78,2.757,18.05,0.04976385,,,,,,,,,,,,
2026-08-14T19:39:26+05:30,0.5,84.72,3.652,23.91,0.08731932,,,,,,,,,,,,
2026-08-14T19:39:27+05:30,0,79.97,3.021,19.78,0.05975538,,,,,,,,,,,,
2026-08-14T19:39:28+05:30,0,83.47,4.208,27.55,0.1159304,,,,,,,,,,,,
2026-08-14T19:39:29+05:30,0,89.74,8.280,54.20,0.448776,,,,,,,,,,,,
2026-08-14T19:39:30+05:30,0,99.50,4.780,31.29,0.1495662,,,,,,,,,,,,
2026-08-14T19:39:31+05:30,0,97.64,1.606,10.51,0.01687906,,,,,,,,,,,,
2026-08-14T19:39:32+05:30,0,95.06,2.551,16.70,0.0426017,,,,,,,,,,,,
2026-08-14T19:39:33+05:30,0,103.65,1.303,8.53,0.01111459,,,,,,,,,,,,
2026-08-14T19:39:34+05:30,4.9,103.35,0.783,5.13,0.00401679,,,,,,,,,,,,
2026-08-14T19:39:35+05:30,0,85.25,1.289,8.44,0.01087916,,,,,,,,,,,,
2026-08-14T19:39:36+05:30,0,83.96,1.750,11.46,0.020055,,,,,,,,,,,,
2026-08-14T19:39:37+05:30,4.2,91.30,0.789,5.16,0.00407124,,,,,,,,,,,,
2026-08-14T19:39:38+05:30,0.4,99.86,1.750,11.46,0.020055,,,,,,,,,,,,
2026-08-14T19:39:39+05:30,0,86.49,2.558,16.74,0.04282092,,,,,,,,,,,,
2026-08-14T19:39:40+05:30,0,88.16,3.416,22.36,0.07638176,,,,,,,,,,,,
2026-08-14T19:39:41+05:30,7.3,97.67,3.921,25.67,0.10065207,,,,,,,,,,,,
2026-08-14T19:39:42+05:30,0,117.08,2.770,18.13,0.0502201,,,,,,,,,,,,
2026-08-14T19:39:43+05:30,9.1,103.63,2.789,18.26,0.05092714,,,,,,,,,,,,
2026-08-14T19:39:44+05:30,0,71.72,1.695,11.10,0.0188145,,,,,,,,,,,,
2026-08-14T19:39:45+05:30,8.1,86.19,1.762,11.53,0.02031586,,,,,,,,,,,,
2026-08-14T19:39:46+05:30,0,100.67,1.065,6.97,0.00742305,,,,,,,,,,,,
2026-08-14T19:39:47+05:30,2.3,88.61,1.287,8.42,0.01083654,,,,,,,,,,,,
2026-08-14T19:39:48+05:30,2.4,79.73,0.961,6.29,0.00604469,,,,,,,,,,,,
2026-08-14T19:39:49+05:30,7.8,82.03,0.762,4.99,0.00380238,,,,,,,,,,,,
2026-08-14T19:39:50+05:30,3.7,121.41,0.000,0.00,0,,,,,,,,,,,,
2026-08-14T19:39:51+05:30,7.7,110.23,0.000,0.00,0,,,,,,,,,,,,
2026-08-14T19:39:52+05:30,0,83.35,0.000,0.00,0,,,,,,,,,,,,
2026-08-14T19:39:53+05:30,1.6,87.95,0.000,0.00,0,,,,,,,,,,,,
2026-08-14T19:39:54+05:30,0,109.37,1.239,8.11,0.01004829,,,,,,,,,,,,
2026-08-14T19:39:55+05:30,0.1,106.78,0.720,4.71,0.0033912,,,,,,,,,,,,
2026-08-14T19:39:56+05:30,7.7,76.65,1.155,7.56,0.0087318,,,,,,,,,,,,
2026-08-14T19:39:57+05:30,0,74.30,0.752,4.92,0.00369984,,,,,,,,,,,,
2026-08-14T19:39:58+05:30,0,77.88,0.762,4.99,0.00380238,,,,,,,,,,,,
2026-08-14T19:39:59+05:30,3.7,91.07,0.000,0.00,0,,,,,,,,,,,,
2026-08-14T19:40:00+05:30,0.8,107.32,0.000,0.00,0,,,,,,,,,,,,
2026-08-14T19:40:01+05:30,4.6,104.28,0.000,0.00,0,,,,,,,,,,,,
2026-08-14T19:40:02+05:30,0,92.01,0.905,5.92,0.0053576,,,,,,,,,,,,
2026-08-14T19:40:03+05:30,0.6,99.80,0.761,4.98,0.00378978,,,,,,,,,,,,
2026-08-14T19:40:04+05:30,1.1,121.95,0.000,0.00,0,,,,,,,,,,,,
2026-08-14T19:40:05+05:30,11,102.16,0.000,0.00,0,,,,,,,,,,,,
2026-08-14T19:40:06+05:30,0,83.64,0.000,0.00,0,,,,,,,,,,,,
2026-08-14T19:40:07+05:30,0,74.45,1.515,9.92,0.0150288,,,,,,,,,,,,
2026-08-14T19:40:08+05:30,0,73.60,0.842,5.51,0.00463942,,,,,,,,,,,,
2026-08-14T19:40:09+05:30,0.5,83.86,0.911,5.96,0.00542956,,,,,,,,,,,,
2026-08-14T19:40:10+05:30,0,105.27,0.789,5.16,0.00407124,,,,,,,,,,,,
2026-08-14T19:40:11+05:30,0,95.86,1.452,9.50,0.013794,,,,,,,,,,,,
2026-08-14T19:40:12+05:30,0,92.61,0.990,6.48,0.0064152,,,,,,,,,,,,
2026-08-14T19:40:13+05:30,0.9,101.35,1.749,11.45,0.02002605,,,,,,,,,,,,
2026-08-14T19:40:14+05:30,3.5,102.30,3.618,23.68,0.08567424,,,,,,,,,,,,
2026-08-14T19:40:15+05:30,0,99.47,1.264,8.27,0.01045328,,,,,,,,,,,,
2026-08-14T19:40:16+05:30,0,95.48,3.635,23.79,0.08647665,,,,,,,,,,,,
2026-08-14T19:40:17+05:30,0,93.85,2.287,14.97,0.03423639,,,,,,,,,,,,
2026-08-14T19:40:18+05:30,0,97.11,0.752,4.92,0.00369984,,,,,,,,,,,,
2026-08-14T19:40:19+05:30,0,100.21,2.040,13.35,0.027234,,,,,,,,,,,,
2026-08-14T19:40:20+05:30,0.2,91.38,2.245,14.70,0.0330015,,,,,,,,,,,,
2026-08-14T19:40:21+05:30,0,83.20,3.938,25.78,0.10152164,,,,,,,,,,,,
2026-08-14T19:40:22+05:30,0,76.66,1.925,12.60,0.024255,,,,,,,,,,,,
2026-08-14T19:40:23+05:30,2.9,84.36,2.092,13.69,0.02863948,,,,,,,,,,,,
2026-08-14T19:40:24+05:30,0,92.36,1.574,10.30,0.0162122,,,,,,,,,,,,
2026-08-14T19:40:25+05:30,0,99.30,1.930,12.63,0.0243759,,,,,,,,,,,,
2026-08-14T19:40:26+05:30,0,103.41,0.000,0.00,0,,,,,,,,,,,,
2026-08-14T19:40:27+05:30,0,102.68,1.616,10.58,0.01709728,,,,,,,,,,,,
2026-08-14T19:40:28+05:30,2.8,108.26,2.933,19.20,0.0563136,,,,,,,,,,,,
2026-08-14T19:40:29+05:30,0.9,107.21,1.989,13.02,0.02589678,,,,,,,,,,,,
2026-08-14T19:40:30+05:30,0,98.54,1.446,9.47,0.01369362,,,,,,,,,,,,
2026-08-14T19:40:31+05:30,0,91.83,2.188,14.32,0.03133216,,,,,,,,,,,,
2026-08-14T19:40:32+05:30,1.2,85.05,2.062,13.50,0.027837,,,,,,,,,,,,
2026-08-14T19:40:33+05:30,3.4,69.54,2.208,14.45,0.0319056,,,,,,,,,,,,
2026-08-14T19:40:34+05:30,4.3,66.04,1.022,6.69,0.00683718,,,,,,,,,,,,
2026-08-14T19:40:35+05:30,0.6,80.06,1.289,8.44,0.01087916,,,,,,,,,,,,
2026-08-14T19:40:36+05:30,6.9,100.35,1.222,8.00,0.009776,,,,,,,,,,,,
2026-08-14T19:40:37+05:30,0,126.95,1.466,9.60,0.0140736,,,,,,,,,,,,
2026-08-14T19:40:38+05:30,2.1,120.08,1.370,8.97,0.0122889,,,,,,,,,,,,
2026-08-14T19:40:39+05:30,0,100.49,0.000,0.00,0,,,,,,,,,,,,
2026-08-14T19:40:40+05:30,7.6,91.71,4.494,29.42,0.13221348,,,,,,,,,,,,
2026-08-14T19:40:41+05:30,4.5,93.68,3.316,21.71,0.07199036,,,,,,,,,,,,
2026-08-14T19:40:42+05:30,1.2,95.51,0.000,0.00,0,,,,,,,,,,,,
2026-08-14T19:40:43+05:30,3.2,79.01,2.010,13.16,0.0264516,,,,,,,,,,,,
2026-08-14T19:40:44+05:30,0,63.58,1.824,11.94,0.02177856,,,,,,,,,,,,
2026-08-14T19:40:45+05:30,6.6,84.82,1.673,10.95,0.01831935,,,,,,,,,,,,
2026-08-14T19:40:46+05:30,0.5,98.65,1.545,10.11,0.01561995,,,,,,,,,,,,
2026-08-14T19:40:47+05:30,0,105.39,7.405,48.47,0.35892035,,,,,,,,,,,,
2026-08-14T19:40:48+05:30,0,100.10,4.376,28.64,0.12532864,,,,,,,,,,,,
2026-08-14T19:40:49+05:30,0,98.56,3.332,21.81,0.07267092,,,,,,,,,,,,
2026-08-14T19:40:50+05:30,0,108.31,2.794,18.29,0.05110226,,,,,,,,,,,,
2026-08-14T19:40:51+05:30,0,103.34,2.388,15.63,0.03732444,,,,,,,,,,,,
2026-08-14T19:40:52+05:30,0,95.58,2.119,13.87,0.02939053,,,,,,,,,,,,
2026-08-14T19:40:53+05:30,1.3,88.35,1.915,12.54,0.0240141,,,,,,,,,,,,
2026-08-14T19:40:54+05:30,0,82.81,1.750,11.46,0.020055,,,,,,,,,,,,
2026-08-14T19:40:55+05:30,0,79.83,1.574,10.30,0.0162122,,,,,,,,,,,,
2026-08-14T19:40:56+05:30,0,90.57,1.446,9.47,0.01369362,,,,,,,,,,,,
2026-08-14T19:40:57+05:30,0,98.01,1.367,8.95,0.01223465,,,,,,,,,,,,
2026-08-14T19:40:58+05:30,2,88.48,1.289,8.44,0.01087916,,,,,,,,,,,,
2026-08-14T19:40:59+05:30,0,89.37,1.222,8.00,0.009776,,,,,,,,,,,,
2026-08-14T19:41:00+05:30,5.2,96.76,1.163,7.61,0.00885043,,,,,,,,,,,,
2026-08-14T19:41:01+05:30,0,114.30,1.111,7.27,0.00807697,,,,,,,,,,,,
2026-08-14T19:41:02+05:30,0,113.55,1.065,6.97,0.00742305,,,,,,,,,,,,
2026-08-14T19:41:03+05:30,4.2,97.40,1.025,6.71,0.00687775,,,,,,,,,,,,
2026-08-14T19:41:04+05:30,1.3,76.00,0.990,6.48,0.0064152,,,,,,,,,,,,
2026-08-14T19:41:05+05:30,2.9,81.59,0.961,6.29,0.00604469,,,,,,,,,,,,
2026-08-14T19:41:06+05:30,2.3,95.61,0.937,6.13,0.00574381,,,,,,,,,,,,
2026-08-14T19:41:07+05:30,3.6,97.15,0.917,6.00,0.005502,,,,,,,,,,,,
2026-08-14T19:41:08+05:30,0,83.25,0.904,5.92,0.00535168,,,,,,,,,,,,
2026-08-14T19:41:09+05:30,3.9,92.95,0.884,5.79,0.00511836,,,,,,,,,,,,
2026-08-14T19:41:10+05:30,3.5,106.78,0.872,5.71,0.00497912,,,,,,,,,,,,
2026-08-14T19:41:11+05:30,7.5,117.77,0.852,5.58,0.00475416,,,,,,,,,,,,
2026-08-14T19:41:12+05:30,8.7,84.52,0.842,5.51,0.00463942,,,,,,,,,,,,
2026-08-14T19:41:13+05:30,4.8,74.70,0.820,5.37,0.0044034,,,,,,,,,,,,
2026-08-14T19:41:14+05:30,1.1,97.02,0.808,5.29,0.00427432,,,,,,,,,,,,
2026-08-14T19:41:15+05:30,0,95.31,0.789,5.16,0.00407124,,,,,,,,,,,,
2026-08-14T19:41:16+05:30,3,90.14,0.762,4.99,0.00380238,,,,,,,,,,,,
2026-08-14T19:41:17+05:30,3.3,96.85,0.761,4.98,0.00378978,,,,,,,,,,,,
2026-08-14T19:41:18+05:30,0,88.94,0.752,4.92,0.00369984,,,,,,,,,,,,
2026-08-14T19:41:19+05:30,0,104.77,0.752,4.92,0.00369984,,,,,,,,,,,,
2026-08-14T19:41:20+05:30,0.2,101.69,0.742,4.86,0.00360612,,,,,,,,,,,,
2026-08-14T19:41:21+05:30,0,96.22,0.741,4.85,0.00359385,,,,,,,,,,,,
2026-08-14T19:41:22+05:30,0,84.55,0.737,4.82,0.00355234,,,,,,,,,,,,
2026-08-14T19:41:23+05:30,2.4,95.32,0.734,4.80,0.0035232,,,,,,,,,,,,
2026-08-14T19:41:24+05:30,0,104.28,0.729,4.77,0.00347733,,,,,,,,,,,,
2026-08-14T19:41:25+05:30,7.2,82.94,0.725,4.75,0.00344375,,,,,,,,,,,,
2026-08-14T19:41:26+05:30,4,77.67,0.722,4.73,0.00341506,,,,,,,,,,,,
2026-08-14T19:41:27+05:30,1.5,99.96,0.720,4.71,0.0033912,,,,,,,,,,,,
2026-08-14T19:41:28+05:30,0,101.56,0.717,4.69,0.00336273,,,,,,,,,,,,
2026-08-14T19:41:29+05:30,0,97.48,6.480,42.42,0.2748816,,,,,,,,,,,,
2026-08-14T19:41:30+05:30,0,94.55,4.780,31.29,0.1495662,,,,,,,,,,,,
2026-08-14T19:41:31+05:30,0,95.12,4.191,27.43,0.11495913,,,,,,,,,,,,
2026-08-14T19:41:32+05:30,4.5,99.93,0.000,0.00,0,,,,,,,,,,,,
2026-08-14T19:41:33+05:30,0,112.29,0.000,0.00,0,,,,,,,,,,,,
2026-08-14T19:41:34+05:30,8.6,87.90,0.000,0.00,0,,,,,,,,,,,,
2026-08-14T19:41:35+05:30,0,74.87,0.000,0.00,0,,,,,,,,,,,,
2026-08-14T19:41:36+05:30,0,86.46,0.000,0.00,0,,,,,,,,,,,,
2026-08-14T19:41:37+05:30,0,96.25,0.000,0.00,0,,,,,,,,,,,,
2026-08-14T19:41:38+05:30,0,92.11,0.000,0.00,0,,,,,,,,,,,,
2026-08-14T19:41:39+05:30,0,87.60,0.000,0.00,0,,,,,,,,,,,,
2026-08-14T19:41:40+05:30,5.4,101.31,0.000,0.00,0,,,,,,,,,,,,
2026-08-14T19:41:41+05:30,0,112.33,0.000,0.00,0,,,,,,,,,,,,
2026-08-14T19:41:42+05:30,0,107.73,1.606,10.51,0.01687906,,,,,,,,,,,,
2026-08-14T19:41:43+05:30,4.4,94.37,1.491,9.76,0.01455216,,,,,,,,,,,,
2026-08-14T19:41:44+05:30,0,84.90,1.394,9.12,0.01271328,,,,,,,,,,,,
2026-08-14T19:41:45+05:30,0,81.57,1.313,8.59,0.01127867,,,,,,,,,,,,
2026-08-14T19:41:46+05:30,0,89.02,1.244,8.14,0.01012616,,,,,,,,,,,,
2026-08-14T19:41:47+05:30,0,96.68,1.185,7.76,0.0091956,,,,,,,,,,,,
2026-08-14T19:41:48+05:30,0,88.76,1.129,7.39,0.00834331,,,,,,,,,,,,
2026-08-14T19:41:49+05:30,2.9,90.38,1.082,7.08,0.00766056,,,,,,,,,,,,
2026-08-14T19:41:50+05:30,0,102.78,1.037,6.79,0.00704123,,,,,,,,,,,,
2026-08-14T19:41:51+05:30,0,110.42,0.998,6.53,0.00651694,,,,,,,,,,,,
2026-08-14T19:41:52+05:30,2.5,107.60,0.964,6.31,0.00608284,,,,,,,,,,,,
2026-08-14T19:41:53+05:30,3.8,84.13,0.936,6.13,0.00573768,,,,,,,,,,,,
2026-08-14T19:41:54+05:30,0,78.93,0.911,5.96,0.00542956,,,,,,,,,,,,
2026-08-14T19:41:55+05:30,5.8,96.47,0.890,5.83,0.0051887,,,,,,,,,,,,
2026-08-14T19:41:56+05:30,1.8,90.58,0.875,5.73,0.00501375,,,,,,,,,,,,
2026-08-14T19:41:57+05:30,0,90.66,0.852,5.58,0.00475416,,,,,,,,,,,,
2026-08-14T19:41:58+05:30,0,98.90,0.838,5.49,0.00460062,,,,,,,,,,,,
2026-08-14T19:41:59+05:30,0.3,90.02,0.813,5.32,0.00432516,,,,,,,,,,,,
2026-08-14T19:42:00+05:30,0,101.14,0.779,5.10,0.0039729,,,,,,,,,,,,
2026-08-14T19:42:01+05:30,0,94.70,0.783,5.13,0.00401679,,,,,,,,,,,,
2026-08-14T19:42:02+05:30,0,94.17,3.349,21.92,0.07341008,,,,,,,,,,,,
2026-08-14T19:42:03+05:30,0,94.00,2.558,16.74,0.04282092,,,,,,,,,,,,
2026-08-14T19:42:04+05:30,1.2,103.70,2.193,14.36,0.03149148,,,,,,,,,,,,
2026-08-14T19:42:05+05:30,0.1,105.21,1.949,12.76,0.02486924,,,,,,,,,,,,
2026-08-14T19:42:06+05:30,3.5,83.62,1.765,11.55,0.02038575,,,,,,,,,,,,
2026-08-14T19:42:07+05:30,2,83.85,1.616,10.58,0.01709728,,,,,,,,,,,,
2026-08-14T19:42:08+05:30,0,89.27,1.491,9.76,0.01455216,,,,,,,,,,,,
2026-08-14T19:42:09+05:30,0,95.62,1.383,9.05,0.01251615,,,,,,,,,,,,
2026-08-14T19:42:10+05:30,0,94.05,1.287,8.42,0.01083654,,,,,,,,,,,,
2026-08-14T19:42:11+05:30,0,97.09,1.205,7.89,0.00950745,,,,,,,,,,,,
2026-08-14T19:42:12+05:30,0,102.50,1.134,7.42,0.00841428,,,,,,,,,,,,
2026-08-14T19:42:13+05:30,0,95.06,1.074,7.03,0.00755022,,,,,,,,,,,,
2026-08-14T19:42:14+05:30,0,92.94,1.022,6.69,0.00683718,,,,,,,,,,,,
2026-08-14T19:42:15+05:30,0,90.15,0.976,6.39,0.00623664,,,,,,,,,,,,
2026-08-14T19:42:16+05:30,3.2,99.35,0.937,6.13,0.00574381,,,,,,,,,,,,
2026-08-14T19:42:17+05:30,3.8,100.53,0.905,5.92,0.0053576,,,,,,,,,,,,
2026-08-14T19:42:18+05:30,0,87.75,19.674,128.78,2.53361772,,,,,,,,,,,,
2026-08-14T19:42:19+05:30,0,83.32,3.517,23.02,0.08096134,,,,,,,,,,,,
2026-08-14T19:42:20+05:30,0.1,95.63,2.831,18.53,0.05245843,,,,,,,,,,,,
2026-08-14T19:42:21+05:30,1.7,100.79,2.245,14.70,0.0330015,,,,,,,,,,,,
2026-08-14T19:42:22+05:30,0,91.68,1.996,13.07,0.02608772,,,,,,,,,,,,
2026-08-14T19:42:23+05:30,0.5,105.61,1.804,11.81,0.02130524,,,,,,,,,,,,
2026-08-14T19:42:24+05:30,1.3,99.31,2.765,18.10,0.0500465,,,,,,,,,,,,
2026-08-14T19:42:25+05:30,0,88.35,5.722,37.46,0.21434612,,,,,,,,,,,,
2026-08-14T19:42:26+05:30,0,90.24,3.820,25.01,0.0955382,,,,,,,,,,,,
2026-08-14T19:42:27+05:30,0,90.29,2.878,18.84,0.05422152,,,,,,,,,,,,
2026-08-14T19:42:28+05:30,0,105.57,2.430,15.91,0.0386613,,,,,,,,,,,,
2026-08-14T19:42:29+05:30,4.2,94.67,2.142,14.02,0.03003084,,,,,,,,,,,,
2026-08-14T19:42:30+05:30,1.4,75.06,1.930,12.63,0.0243759,,,,,,,,,,,,
2026-08-14T19:42:31+05:30,6.6,84.84,1.762,11.53,0.02031586,,,,,,,,,,,,
2026-08-14T19:42:32+05:30,1.8,108.59,3.085,20.19,0.06228615,,,,,,,,,,,,
2026-08-14T19:42:33+05:30,1.3,103.58,4.208,27.55,0.1159304,,,,,,,,,,,,
2026-08-14T19:42:34+05:30,0,93.95,3.366,22.03,0.07415298,,,,,,,,,,,,
2026-08-14T19:42:35+05:30,3.2,94.67,2.644,17.31,0.04576764,,,,,,,,,,,,
2026-08-14T19:42:36+05:30,0,106.09,2.286,14.96,0.03419856,,,,,,,,,,,,
2026-08-14T19:42:37+05:30,6.2,85.51,2.040,13.35,0.027234,,,,,,,,,,,,
2026-08-14T19:42:38+05:30,2.5,78.49,1.850,12.11,0.0224035,,,,,,,,,,,,
2026-08-14T19:42:39+05:30,0.6,104.22,1.695,11.10,0.0188145,,,,,,,,,,,,
2026-08-14T19:42:40+05:30,0,103.56,1.564,10.24,0.01601536,,,,,,,,,,,,
2026-08-14T19:42:41+05:30,1.8,102.73,1.452,9.50,0.013794,,,,,,,,,,,,
2026-08-14T19:42:42+05:30,5.7,77.12,1.355,8.87,0.01201885,,,,,,,,,,,,
2026-08-14T19:42:43+05:30,4.5,83.74,1.272,8.33,0.01059576,,,,,,,,,,,,
2026-08-14T19:42:44+05:30,0.9,102.80,2.881,18.86,0.05433566,,,,,,,,,,,,
2026-08-14T19:42:45+05:30,1.7,98.85,4.813,31.51,0.15165763,,,,,,,,,,,,
2026-08-14T19:42:46+05:30,0,91.19,8.499,55.63,0.47279937,,,,,,,,,,,,
2026-08-14T19:42:47+05:30,0.2,95.09,7.052,46.16,0.32552032,,,,,,,,,,,,
2026-08-14T19:42:48+05:30,0,93.64,4.409,28.86,0.12724374,,,,,,,,,,,,
2026-08-14T19:42:49+05:30,0,94.19,3.416,22.36,0.07638176,,,,,,,,,,,,
2026-08-14T19:42:50+05:30,0,93.04,2.730,17.87,0.0487851,,,,,,,,,,,,
2026-08-14T19:42:51+05:30,1.9,94.03,2.371,15.52,0.03679792,,,,,,,,,,,,
2026-08-14T19:42:52+05:30,0,103.47,3.804,24.90,0.0947196,,,,,,,,,,,,
2026-08-14T19:42:53+05:30,0,103.04,1.925,12.60,0.024255,,,,,,,,,,,,
2026-08-14T19:42:54+05:30,0.1,105.31,1.765,11.55,0.02038575,,,,,,,,,,,,
2026-08-14T19:42:55+05:30,0,88.78,1.627,10.65,0.01732755,,,,,,,,,,,,
2026-08-14T19:42:56+05:30,0,88.12,1.510,9.88,0.0149188,,,,,,,,,,,,
2026-08-14T19:42:57+05:30,0.3,83.98,1.409,9.22,0.01299098,,,,,,,,,,,,
2026-08-14T19:42:58+05:30,0,79.73,9.677,63.34,0.61294118,,,,,,,,,,,,
2026-08-14T19:42:59+05:30,0,87.66,9.156,59.93,0.54871908,,,,,,,,,,,,
2026-08-14T19:43:00+05:30,3.8,102.81,3.905,25.56,0.0998118,,,,,,,,,,,,
2026-08-14T19:43:01+05:30,0.9,106.90,3.703,24.24,0.08976072,,,,,,,,,,,,
2026-08-14T19:43:02+05:30,0,98.50,2.858,18.71,0.05347318,,,,,,,,,,,,
2026-08-14T19:43:03+05:30,0,96.93,2.646,17.32,0.04582872,,,,,,,,,,,,
2026-08-14T19:43:04+05:30,0,93.70,2.324,15.21,0.03534804,,,,,,,,,,,,
2026-08-14T19:43:05+05:30,0,98.60,2.092,13.69,0.02863948,,,,,,,,,,,,
2026-08-14T19:43:06+05:30,0,96.12,1.907,12.48,0.02379936,,,,,,,,,,,,
2026-08-14T19:43:07+05:30,0,95.71,1.754,11.48,0.02013592,,,,,,,,,,,,
2026-08-14T19:43:08+05:30,4.5,87.52,1.622,10.62,0.01722564,,,,,,,,,,,,
2026-08-14T19:43:09+05:30,1.9,86.62,1.474,9.65,0.0142241,,,,,,,,,,,,
2026-08-14T19:43:10+05:30,0,99.29,1.382,9.05,0.0125071,,,,,,,,,,,,
2026-08-14T19:43:11+05:30,0.4,93.02,1.303,8.53,0.01111459,,,,,,,,,,,,
2026-08-14T19:43:12+05:30,2.2,86.93,1.239,8.11,0.01004829,,,,,,,,,,,,
2026-08-14T19:43:13+05:30,0,94.78,1.178,7.71,0.00908238,,,,,,,,,,,,
2026-08-14T19:43:14+05:30,0,103.28,1.222,8.00,0.009776,,,,,,,,,,,,
2026-08-14T19:43:15+05:30,0,93.86,4.948,32.39,0.16026572,,,,,,,,,,,,
2026-08-14T19:43:16+05:30,0,98.74,6.379,41.76,0.26638704,,,,,,,,,,,,
2026-08-14T19:43:17+05:30,0,102.67,5.773,37.79,0.21816167,,,,,,,,,,,,
2026-08-14T19:43:18+05:30,0,90.81,3.820,25.01,0.0955382,,,,,,,,,,,,
2026-08-14T19:43:19+05:30,0,87.93,2.799,18.32,0.05127768,,,,,,,,,,,,
2026-08-14T19:43:20+05:30,0,91.48,2.588,16.94,0.04384072,,,,,,,,,,,,
2026-08-14T19:43:21+05:30,0,96.49,5.133,33.60,0.1724688,,,,,,,,,,,,
2026-08-14T19:43:22+05:30,0,90.69,7.153,46.82,0.33490346,,,,,,,,,,,,
2026-08-14T19:43:23+05:30,0,96.92,6.648,43.52,0.28932096,,,,,,,,,,,,
2026-08-14T19:43:24+05:30,0,102.91,4.460,29.19,0.1301874,,,,,,,,,,,,
2026-08-14T19:43:25+05:30,1.1,90.10,3.602,23.58,0.08493516,,,,,,,,,,,,
2026-08-14T19:43:26+05:30,0.1,91.88,2.757,18.05,0.04976385,,,,,,,,,,,,
2026-08-14T19:43:27+05:30,0,99.86,2.652,17.36,0.04603872,,,,,,,,,,,,
2026-08-14T19:43:28+05:30,0,93.00,2.346,15.36,0.03603456,,,,,,,,,,,,
2026-08-14T19:43:29+05:30,1.4,89.52,4.813,31.51,0.15165763,,,,,,,,,,,,
2026-08-14T19:43:30+05:30,0.7,92.24,6.631,43.41,0.28785171,,,,,,,,,,,,
2026-08-14T19:43:31+05:30,0,102.19,7.893,51.67,0.40783131,,,,,,,,,,,,
2026-08-14T19:43:32+05:30,0,95.14,5.924,38.78,0.22973272,,,,,,,,,,,,
2026-08-14T19:43:33+05:30,0,105.19,4.241,27.76,0.11773016,,,,,,,,,,,,
2026-08-14T19:43:34+05:30,5,86.77,3.450,22.58,0.077901,,,,,,,,,,,,
2026-08-14T19:43:35+05:30,0,77.13,2.875,18.82,0.0541075,,,,,,,,,,,,
2026-08-14T19:43:36+05:30,0.8,89.65,6.597,43.18,0.28485846,,,,,,,,,,,,
2026-08-14T19:43:37+05:30,0,103.62,14.255,93.31,1.33013405,,,,,,,,,,,,
2026-08-14T19:43:38+05:30,0,103.92,13.464,88.13,1.18658232,,,,,,,,,,,,
2026-08-14T19:43:39+05:30,0,107.91,7.254,47.48,0.34441992,,,,,,,,,,,,
2026-08-14T19:43:40+05:30,1.3,95.35,4.780,31.29,0.1495662,,,,,,,,,,,,
2026-08-14T19:43:41+05:30,0,86.51,7.792,51.01,0.39746992,,,,,,,,,,,,
2026-08-14T19:43:42+05:30,0,90.75,9.980,65.33,0.6519934,,,,,,,,,,,,
2026-08-14T19:43:43+05:30,0,94.86,8.903,58.28,0.51886684,,,,,,,,,,,,
2026-08-14T19:43:44+05:30,0,98.94,4.208,27.55,0.1159304,,,,,,,,,,,,
2026-08-14T19:43:45+05:30,0.3,95.95,4.140,27.10,0.112194,,,,,,,,,,,,
2026-08-14T19:43:46+05:30,0,87.36,3.282,21.48,0.07049736,,,,,,,,,,,,
2026-08-14T19:43:47+05:30,0,90.11,2.901,18.99,0.05508999,,,,,,,,,,,,
2026-08-14T19:43:48+05:30,0,86.33,2.563,16.78,0.04300714,,,,,,,,,,,,
2026-08-14T19:43:49+05:30,1.7,93.15,2.309,15.11,0.03488899,,,,,,,,,,,,
2026-08-14T19:43:50+05:30,0,103.67,2.116,13.85,0.0293066,,,,,,,,,,,,
2026-08-14T19:43:51+05:30,0,93.86,5.840,38.23,0.2232632,,,,,,,,,,,,
2026-08-14T19:43:52+05:30,1.2,100.63,9.980,65.33,0.6519934,,,,,,,,,,,,
2026-08-14T19:43:53+05:30,0.7,110.52,7.085,46.38,0.3286023,,,,,,,,,,,,
2026-08-14T19:43:54+05:30,3.4,107.69,4.729,30.96,0.14640984,,,,,,,,,,,,
2026-08-14T19:43:55+05:30,0,94.45,6.227,40.76,0.25381252,,,,,,,,,,,,
2026-08-14T19:43:56+05:30,2.2,90.19,5.790,37.90,0.219441,,,,,,,,,,,,
2026-08-14T19:43:57+05:30,0,74.36,7.489,49.02,0.36711078,,,,,,,,,,,,
2026-08-14T19:43:58+05:30,0,80.70,16.308,106.75,1.740879,,,,,,,,,,,,
2026-08-14T19:43:59+05:30,2.3,84.47,12.471,81.63,1.01800773,,,,,,,,,,,,
2026-08-14T19:44:00+05:30,0,98.24,12.202,79.87,0.97457374,,,,,,,,,,,,
2026-08-14T19:44:01+05:30,0,96.54,4.847,31.73,0.15379531,,,,,,,,,,,,
2026-08-14T19:44:02+05:30,1.4,101.96,3.972,26.00,0.103272,,,,,,,,,,,,
2026-08-14T19:44:03+05:30,0,121.54,5.015,32.83,0.16464245,,,,,,,,,,,,
2026-08-14T19:44:04+05:30,4,105.31,4.073,26.66,0.10858618,,,,,,,,,,,,
2026-08-14T19:44:05+05:30,0,85.75,3.501,22.92,0.08024292,,,,,,,,,,,,
2026-08-14T19:44:06+05:30,0,88.29,3.398,22.24,0.07557152,,,,,,,,,,,,
2026-08-14T19:44:07+05:30,0,99.35,5.453,35.69,0.19461757,,,,,,,,,,,,
2026-08-14T19:44:08+05:30,2.7,86.28,7.792,51.01,0.39746992,,,,,,,,,,,,
2026-08-14T19:44:09+05:30,3.1,80.64,9.576,62.68,0.60022368,,,,,,,,,,,,
2026-08-14T19:44:10+05:30,3.7,90.69,7.001,45.83,0.32085583,,,,,,,,,,,,
2026-08-14T19:44:11+05:30,0,104.96,6.109,39.99,0.24429891,,,,,,,,,,,,
2026-08-14T19:44:12+05:30,0,88.22,7.523,49.24,0.37043252,,,,,,,,,,,,
2026-08-14T19:44:13+05:30,0,85.17,10.266,67.20,0.6898752,,,,,,,,,,,,
2026-08-14T19:44:14+05:30,0.9,108.04,17.284,113.14,1.95551176,,,,,,,,,,,,
2026-08-14T19:44:15+05:30,0,100.64,11.529,75.47,0.87009363,,,,,,,,,,,,
2026-08-14T19:44:16+05:30,0,106.21,6.463,42.31,0.27344953,,,,,,,,,,,,
2026-08-14T19:44:17+05:30,1.9,100.14,4.662,30.52,0.14228424,,,,,,,,,,,,
2026-08-14T19:44:18+05:30,0.7,95.71,3.921,25.67,0.10065207,,,,,,,,,,,,
2026-08-14T19:44:19+05:30,3.5,95.79,3.416,22.36,0.07638176,,,,,,,,,,,,
2026-08-14T19:44:20+05:30,0,86.97,2.908,19.04,0.05536832,,,,,,,,,,,,
2026-08-14T19:44:21+05:30,0,75.57,2.644,17.31,0.04576764,,,,,,,,,,,,
2026-08-14T19:44:22+05:30,1.8,85.35,2.410,15.78,0.0380298,,,,,,,,,,,,
2026-08-14T19:44:23+05:30,0,95.97,2.213,14.49,0.03206637,,,,,,,,,,,,
2026-08-14T19:44:24+05:30,0,95.35,2.047,13.40,0.0274298,,,,,,,,,,,,
2026-08-14T19:44:25+05:30,0,94.31,1.774,11.61,0.02059614,,,,,,,,,,,,
2026-08-14T19:44:26+05:30,4.9,112.65,1.639,10.73,0.01758647,,,,,,,,,,,,
2026-08-14T19:44:27+05:30,4.8,109.34,1.562,10.22,0.01596364,,,,,,,,,,,,
2026-08-14T19:44:28+05:30,0,92.76,1.471,9.63,0.01416573,,,,,,,,,,,,
2026-08-14T19:44:29+05:30,0,86.57,1.394,9.12,0.01271328,,,,,,,,,,,,
2026-08-14T19:44:30+05:30,3.1,100.70,1.333,8.73,0.01163709,,,,,,,,,,,,
2026-08-14T19:44:31+05:30,0.8,105.62,1.286,8.42,0.01082812,,,,,,,,,,,,
2026-08-14T19:44:32+05:30,1.8,92.57,1.249,8.18,0.01021682,,,,,,,,,,,,
2026-08-14T19:44:33+05:30,0.9,80.62,1.227,8.03,0.00985281,,,,,,,,,,,,
2026-08-14T19:44:34+05:30,0,78.36,1.185,7.76,0.0091956,,,,,,,,,,,,
2026-08-14T19:44:35+05:30,0,89.51,1.155,7.56,0.0087318,,,,,,,,,,,,
2026-08-14T19:44:36+05:30,1.8,105.78,8.465,55.41,0.46904565,,,,,,,,,,,,
2026-08-14T19:44:37+05:30,3,98.41,9.761,63.89,0.62363029,,,,,,,,,,,,
2026-08-14T19:44:38+05:30,0,87.10,16.493,107.96,1.78058428,,,,,,,,,,,,
2026-08-14T19:44:39+05:30,0,89.84,15.197,99.48,1.51179756,,,,,,,,,,,,
2026-08-14T19:44:40+05:30,0.9,107.10,8.163,53.43,0.43614909,,,,,,,,,,,,
2026-08-14T19:44:41+05:30,0,107.82,8.785,57.51,0.50522535,,,,,,,,,,,,
2026-08-14T19:44:42+05:30,0,110.56,11.848,77.56,0.91893088,,,,,,,,,,,,
2026-08-14T19:44:43+05:30,4.7,92.66,12.471,81.63,1.01800773,,,,,,,,,,,,
2026-08-14T19:44:44+05:30,0.6,86.39,8.600,56.29,0.484094,,,,,,,,,,,,
2026-08-14T19:44:45+05:30,0,98.43,5.503,36.02,0.19821806,,,,,,,,,,,,
2026-08-14T19:44:46+05:30,0,92.98,4.224,27.65,0.1167936,,,,,,,,,,,,
2026-08-14T19:44:47+05:30,4.5,80.78,3.719,24.34,0.09052046,,,,,,,,,,,,
2026-08-14T19:44:48+05:30,1.4,72.96,5.150,33.71,0.1736065,,,,,,,,,,,,
2026-08-14T19:44:49+05:30,0,93.36,11.192,73.26,0.81992592,,,,,,,,,,,,
2026-08-14T19:44:50+05:30,0,96.93,19.556,128.01,2.50336356,,,,,,,,,,,,
2026-08-14T19:44:51+05:30,0.4,109.58,18.850,123.39,2.3259015,,,,,,,,,,,,
2026-08-14T19:44:52+05:30,1,104.56,10.519,68.86,0.72433834,,,,,,,,,,,,
2026-08-14T19:44:53+05:30,2,107.28,5.689,37.24,0.21185836,,,,,,,,,,,,
2026-08-14T19:44:54+05:30,5.4,102.21,4.376,28.64,0.12532864,,,,,,,,,,,,
2026-08-14T19:44:55+05:30,0,81.77,3.366,22.03,0.07415298,,,,,,,,,,,,
2026-08-14T19:44:56+05:30,1.5,86.33,3.070,20.10,0.061707,,,,,,,,,,,,
2026-08-14T19:44:57+05:30,0,105.10,2.770,18.13,0.0502201,,,,,,,,,,,,
2026-08-14T19:44:58+05:30,3.2,94.40,4.409,28.86,0.12724374,,,,,,,,,,,,
2026-08-14T19:44:59+05:30,0,85.90,3.719,24.34,0.09052046,,,,,,,,,,,,
2026-08-14T19:45:00+05:30,1.3,93.81,3.366,22.03,0.07415298,,,,,,,,,,,,
2026-08-14T19:45:01+05:30,0.7,97.29,2.903,19.00,0.055157,,,,,,,,,,,,
2026-08-14T19:45:02+05:30,3.8,96.23,8.348,54.65,0.4562182,,,,,,,,,,,,
2026-08-14T19:45:03+05:30,0,83.05,7.203,47.15,0.33962145,,,,,,,,,,,,
2026-08-14T19:45:04+05:30,5.6,98.80,9.055,59.27,0.53668985,,,,,,,,,,,,
2026-08-14T19:45:05+05:30,0,108.14,12.757,83.51,1.06533707,,,,,,,,,,,,
2026-08-14T19:45:06+05:30,0,93.24,11.360,74.36,0.8447296,,,,,,,,,,,,
2026-08-14T19:45:07+05:30,0,89.75,6.547,42.86,0.28060442,,,,,,,,,,,,
2026-08-14T19:45:08+05:30,1.7,97.86,4.763,31.18,0.14851034,,,,,,,,,,,,
2026-08-14T19:45:09+05:30,0,98.92,5.402,35.36,0.19101472,,,,,,,,,,,,
2026-08-14T19:45:10+05:30,0,96.37,8.836,57.84,0.51107424,,,,,,,,,,,,
2026-08-14T19:45:11+05:30,2.1,93.14,7.876,51.56,0.40608656,,,,,,,,,,,,
2026-08-14T19:45:12+05:30,0,81.78,5.268,34.48,0.18164064,,,,,,,,,,,,
2026-08-14T19:45:13+05:30,1.4,102.74,4.258,27.87,0.11867046,,,,,,,,,,,,
2026-08-14T19:45:14+05:30,0,101.50,3.703,24.24,0.08976072,,,,,,,,,,,,
2026-08-14T19:45:15+05:30,0,93.63,2.895,18.95,0.05486025,,,,,,,,,,,,
2026-08-14T19:45:16+05:30,0,92.01,3.299,21.59,0.07122541,,,,,,,,,,,,
2026-08-14T19:45:17+05:30,0.6,100.27,6.278,41.10,0.2580258,,,,,,,,,,,,
2026-08-14T19:45:18+05:30,1,99.99,6.227,40.76,0.25381252,,,,,,,,,,,,
2026-08-14T19:45:19+05:30,0,86.94,12.421,81.31,1.00995151,,,,,,,,,,,,
2026-08-14T19:45:20+05:30,0,91.82,15.282,100.03,1.52865846,,,,,,,,,,,,
2026-08-14T19:45:21+05:30,0,81.36,10.384,67.97,0.70580048,,,,,,,,,,,,
2026-08-14T19:45:22+05:30,3.3,88.97,8.264,54.10,0.4470824,,,,,,,,,,,,
2026-08-14T19:45:23+05:30,0,104.69,7.102,46.49,0.33017198,,,,,,,,,,,,
2026-08-14T19:45:24+05:30,0,105.28,9.458,61.91,0.58554478,,,,,,,,,,,,
2026-08-14T19:45:25+05:30,0,97.98,7.843,51.34,0.40265962,,,,,,,,,,,,
2026-08-14T19:45:26+05:30,0,101.98,5.705,37.34,0.2130247,,,,,,,,,,,,
2026-08-14T19:45:27+05:30,0,102.38,4.443,29.08,0.12920244,,,,,,,,,,,,
2026-08-14T19:45:28+05:30,0,104.21,3.854,25.23,0.09723642,,,,,,,,,,,,
2026-08-14T19:45:29+05:30,2.5,92.11,3.400,22.26,0.075684,,,,,,,,,,,,
2026-08-14T19:45:30+05:30,2.2,75.89,2.981,19.51,0.05815931,,,,,,,,,,,,
2026-08-14T19:45:31+05:30,0,74.48,2.688,17.60,0.0473088,,,,,,,,,,,,
2026-08-14T19:45:32+05:30,0,85.79,2.449,16.03,0.03925747,,,,,,,,,,,,
2026-08-14T19:45:33+05:30,0.5,96.41,2.250,14.73,0.0331425,,,,,,,,,,,,
2026-08-14T19:45:34+05:30,1.5,106.98,2.082,13.63,0.02837766,,,,,,,,,,,,
2026-08-14T19:45:35+05:30,0,107.17,1.934,12.66,0.02448444,,,,,,,,,,,,
2026-08-14T19:45:36+05:30,0.7,97.95,1.806,11.82,0.02134692,,,,,,,,,,,,
2026-08-14T19:45:37+05:30,0,96.81,1.691,11.07,0.01871937,,,,,,,,,,,,
2026-08-14T19:45:38+05:30,0,109.49,1.590,10.41,0.0165519,,,,,,,,,,,,
2026-08-14T19:45:39+05:30,1.5,107.93,1.500,9.82,0.01473,,,,,,,,,,,,
2026-08-14T19:45:40+05:30,3.6,85.55,1.422,9.31,0.01323882,,,,,,,,,,,,
2026-08-14T19:45:41+05:30,0,78.16,1.356,8.88,0.01204128,,,,,,,,,,,,
2026-08-14T19:45:42+05:30,3.8,87.61,1.271,8.32,0.01057472,,,,,,,,,,,,
2026-08-14T19:45:43+05:30,0,91.75,1.264,8.27,0.01045328,,,,,,,,,,,,
2026-08-14T19:45:44+05:30,0,95.05,4.056,26.55,0.1076868,,,,,,,,,,,,
2026-08-14T19:45:45+05:30,0,97.83,6.648,43.52,0.28932096,,,,,,,,,,,,
2026-08-14T19:45:46+05:30,0,99.70,4.611,30.18,0.13915998,,,,,,,,,,,,
2026-08-14T19:45:47+05:30,0,84.89,4.797,31.40,0.1506258,,,,,,,,,,,,
2026-08-14T19:45:48+05:30,2.9,104.38,5.655,37.02,0.2093481,,,,,,,,,,,,
2026-08-14T19:45:49+05:30,0,105.98,6.379,41.76,0.26638704,,,,,,,,,,,,
2026-08-14T19:45:50+05:30,0,101.24,4.561,29.86,0.13619146,,,,,,,,,,,,
2026-08-14T19:45:51+05:30,0,98.43,3.820,25.01,0.0955382,,,,,,,,,,,,
2026-08-14T19:45:52+05:30,9.4,92.47,3.316,21.71,0.07199036,,,,,,,,,,,,
2026-08-14T19:45:53+05:30,0,70.61,4.224,27.65,0.1167936,,,,,,,,,,,,
2026-08-14T19:45:54+05:30,4,88.61,5.402,35.36,0.19101472,,,,,,,,,,,,
2026-08-14T19:45:55+05:30,0,106.52,5.386,35.26,0.18991036,,,,,,,,,,,,
2026-08-14T19:45:56+05:30,0,105.70,4.510,29.52,0.1331352,,,,,,,,,,,,
2026-08-14T19:45:57+05:30,0,101.33,3.820,25.01,0.0955382,,,,,,,,,,,,
2026-08-14T19:45:58+05:30,0,96.61,3.299,21.59,0.07122541,,,,,,,,,,,,
2026-08-14T19:45:59+05:30,0,96.90,2.859,18.71,0.05349189,,,,,,,,,,,,
2026-08-14T19:46:00+05:30,1.2,86.27,2.565,16.79,0.04306635,,,,,,,,,,,,
2026-08-14T19:46:01+05:30,0,75.91,2.331,15.26,0.03557106,,,,,,,,,,,,
2026-08-14T19:46:02+05:30,2.3,91.55,4.056,26.55,0.1076868,,,,,,,,,,,,
2026-08-14T19:46:03+05:30,0,99.02,5.907,38.67,0.22842369,,,,,,,,,,,,
2026-08-14T19:46:04+05:30,0,105.87,5.756,37.68,0.21688608,,,,,,,,,,,,
2026-08-14T19:46:05+05:30,0,105.45,9.223,60.37,0.55679251,,,,,,,,,,,,
2026-08-14T19:46:06+05:30,0.9,101.31,7.792,51.01,0.39746992,,,,,,,,,,,,
2026-08-14T19:46:07+05:30,3.2,105.26,5.487,35.92,0.19709304,,,,,,,,,,,,
2026-08-14T19:46:08+05:30,3.4,102.35,4.308,28.20,0.1214856,,,,,,,,,,,,
2026-08-14T19:46:09+05:30,1.1,83.37,3.719,24.34,0.09052046,,,,,,,,,,,,
2026-08-14T19:46:10+05:30,0,73.84,6.412,41.97,0.26911164,,,,,,,,,,,,
2026-08-14T19:46:11+05:30,0,84.88,10.839,70.95,0.76902705,,,,,,,,,,,,
2026-08-14T19:46:12+05:30,0,90.20,7.119,46.60,0.3317454,,,,,,,,,,,,
2026-08-14T19:46:13+05:30,0,98.14,4.948,32.39,0.16026572,,,,,,,,,,,,
2026-08-14T19:46:14+05:30,0,99.82,4.107,26.88,0.11039616,,,,,,,,,,,,
2026-08-14T19:46:15+05:30,0,116.14,3.585,23.47,0.08413995,,,,,,,,,,,,
2026-08-14T19:46:16+05:30,0.7,104.22,2.871,18.79,0.05394609,,,,,,,,,,,,
2026-08-14T19:46:17+05:30,0,97.28,2.794,18.29,0.05110226,,,,,,,,,,,,
2026-08-14T19:46:18+05:30,0,102.33,2.533,16.58,0.04199714,,,,,,,,,,,,
2026-08-14T19:46:19+05:30,2.5,96.35,2.317,15.17,0.03514889,,,,,,,,,,,,
2026-08-14T19:46:20+05:30,0,83.95,2.137,13.99,0.02989663,,,,,,,,,,,,
2026-08-14T19:46:21+05:30,0,85.86,13.767,90.12,1.24068204,,,,,,,,,,,,
2026-08-14T19:46:22+05:30,1.5,79.95,12.252,80.20,0.9826104,,,,,,,,,,,,
2026-08-14T19:46:23+05:30,5.3,88.82,7.860,51.45,0.404397,,,,,,,,,,,,
2026-08-14T19:46:24+05:30,0,99.63,4.561,29.86,0.13619146,,,,,,,,,,,,
2026-08-14T19:46:25+05:30,0,99.17,3.921,25.67,0.10065207,,,,,,,,,,,,
2026-08-14T19:46:26+05:30,0,100.48,3.450,22.58,0.077901,,,,,,,,,,,,
2026-08-14T19:46:27+05:30,0,100.94,2.890,18.92,0.0546788,,,,,,,,,,,,
2026-08-14T19:46:28+05:30,0,105.95,2.812,18.41,0.05176892,,,,,,,,,,,,
2026-08-14T19:46:29+05:30,0,106.40,2.644,17.31,0.04576764,,,,,,,,,,,,
2026-08-14T19:46:30+05:30,1.5,95.81,2.338,15.30,0.0357714,,,,,,,,,,,,
2026-08-14T19:46:31+05:30,1,86.55,4.746,31.07,0.14745822,,,,,,,,,,,,
2026-08-14T19:46:32+05:30,0,79.75,5.015,32.83,0.16464245,,,,,,,,,,,,
2026-08-14T19:46:33+05:30,4,98.61,6.008,39.33,0.23629464,,,,,,,,,,,,
2026-08-14T19:46:34+05:30,1.3,99.78,5.991,39.22,0.23496702,,,,,,,,,,,,
2026-08-14T19:46:35+05:30,0,91.62,5.335,34.92,0.1862982,,,,,,,,,,,,
2026-08-14T19:46:36+05:30,0,88.20,4.258,27.87,0.11867046,,,,,,,,,,,,
2026-08-14T19:46:37+05:30,1.5,97.28,3.686,24.13,0.08894318,,,,,,,,,,,,
2026-08-14T19:46:38+05:30,0,96.05,2.933,19.20,0.0563136,,,,,,,,,,,,
2026-08-14T19:46:39+05:30,0.1,102.12,2.846,18.63,0.05302098,,,,,,,,,,,,
2026-08-14T19:46:40+05:30,0,87.75,2.573,16.84,0.04332932,,,,,,,,,,,,
2026-08-14T19:46:41+05:30,0,98.13,2.349,15.38,0.03612762,,,,,,,,,,,,
2026-08-14T19:46:42+05:30,0,113.11,5.975,39.11,0.23368225,,,,,,,,,,,,
2026-08-14T19:46:43+05:30,0.3,93.16,15.097,98.82,1.49188554,,,,,,,,,,,,
2026-08-14T19:46:44+05:30,0,95.01,13.952,91.33,1.27423616,,,,,,,,,,,,
2026-08-14T19:46:45+05:30,0,94.80,9.677,63.34,0.61294118,,,,,,,,,,,,
2026-08-14T19:46:46+05:30,0,102.52,6.076,39.77,0.24164252,,,,,,,,,,,,
2026-08-14T19:46:47+05:30,3.3,85.16,7.372,48.26,0.35577272,,,,,,,,,,,,
2026-08-14T19:46:48+05:30,0,82.01,8.701,56.96,0.49560896,,,,,,,,,,,,
2026-08-14T19:46:49+05:30,3,101.14,6.698,43.84,0.29364032,,,,,,,,,,,,
2026-08-14T19:46:50+05:30,0,102.24,4.847,31.73,0.15379531,,,,,,,,,,,,
2026-08-14T19:46:51+05:30,0,89.40,4.090,26.77,0.1094893,,,,,,,,,,,,
2026-08-14T19:46:52+05:30,0,90.29,3.618,23.68,0.08567424,,,,,,,,,,,,
2026-08-14T19:46:53+05:30,3.2,99.18,2.957,19.36,0.05724752,,,,,,,,,,,,
2026-08-14T19:46:54+05:30,0,112.03,2.681,17.55,0.04705155,,,,,,,,,,,,
2026-08-14T19:46:55+05:30,4.6,98.13,2.311,15.13,0.03496543,,,,,,,,,,,,
2026-08-14T19:46:56+05:30,0,80.97,2.045,13.39,0.02738255,,,,,,,,,,,,
2026-08-14T19:46:57+05:30,2.2,90.46,9.593,62.79,0.60234447,,,,,,,,,,,,
2026-08-14T19:46:58+05:30,0,101.60,13.918,91.11,1.26806898,,,,,,,,,,,,
2026-08-14T19:46:59+05:30,0,91.07,10.536,68.97,0.72666792,,,,,,,,,,,,
2026-08-14T19:47:00+05:30,0,95.06,10.536,68.97,0.72666792,,,,,,,,,,,,
2026-08-14T19:47:01+05:30,3.8,110.97,8.078,52.88,0.42716464,,,,,,,,,,,,
2026-08-14T19:47:02+05:30,0.8,102.32,6.799,44.51,0.30262349,,,,,,,,,,,,
2026-08-14T19:47:03+05:30,0,86.24,10.637,69.63,0.74065431,,,,,,,,,,,,
2026-08-14T19:47:04+05:30,2.4,96.95,8.819,57.73,0.50912087,,,,,,,,,,,,
2026-08-14T19:47:05+05:30,0,103.73,5.739,37.57,0.21561423,,,,,,,,,,,,
2026-08-14T19:47:06+05:30,3.8,90.23,4.325,28.31,0.12244075,,,,,,,,,,,,
2026-08-14T19:47:07+05:30,0,76.89,3.770,24.68,0.0930436,,,,,,,,,,,,
2026-08-14T19:47:08+05:30,1.8,92.37,3.366,22.03,0.07415298,,,,,,,,,,,,
2026-08-14T19:47:09+05:30,0.8,92.00,3.075,20.13,0.06189975,,,,,,,,,,,,
2026-08-14T19:47:10+05:30,0,93.32,2.789,18.26,0.05092714,,,,,,,,,,,,
2026-08-14T19:47:11+05:30,0.8,102.77,2.553,16.71,0.04266063,,,,,,,,,,,,
2026-08-14T19:47:12+05:30,0,109.50,2.551,16.70,0.0426017,,,,,,,,,,,,
2026-08-14T19:47:13+05:30,0,99.81,6.244,40.87,0.25519228,,,,,,,,,,,,
2026-08-14T19:47:14+05:30,0,94.46,7.069,46.27,0.32708263,,,,,,,,,,,,
2026-08-14T19:47:15+05:30,0,104.14,7.170,46.93,0.3364881,,,,,,,,,,,,
2026-08-14T19:47:16+05:30,2,98.17,4.999,32.72,0.16356728,,,,,,,,,,,,
2026-08-14T19:47:17+05:30,0.2,83.05,6.951,45.50,0.3162705,,,,,,,,,,,,
2026-08-14T19:47:18+05:30,1,85.66,12.000,78.55,0.9426,,,,,,,,,,,,
2026-08-14T19:47:19+05:30,1.2,98.17,16.140,105.65,1.705191,,,,,,,,,,,,
2026-08-14T19:47:20+05:30,0,102.57,8.583,56.18,0.48219294,,,,,,,,,,,,
2026-08-14T19:47:21+05:30,0,89.13,5.621,36.79,0.20679659,,,,,,,,,,,,
2026-08-14T19:47:22+05:30,1.5,86.65,8.062,52.77,0.42543174,,,,,,,,,,,,
2026-08-14T19:47:23+05:30,0,97.37,8.785,57.51,0.50522535,,,,,,,,,,,,
2026-08-14T19:47:24+05:30,0,102.67,7.170,46.93,0.3364881,,,,,,,,,,,,
2026-08-14T19:47:25+05:30,0,105.42,5.537,36.24,0.20066088,,,,,,,,,,,,
2026-08-14T19:47:26+05:30,1.4,92.90,4.426,28.97,0.12822122,,,,,,,,,,,,
2026-08-14T19:47:27+05:30,0,91.27,4.443,29.08,0.12920244,,,,,,,,,,,,
2026-08-14T19:47:28+05:30,0.1,92.83,6.025,39.44,0.237626,,,,,,,,,,,,
2026-08-14T19:47:29+05:30,0,95.45,6.429,42.08,0.27053232,,,,,,,,,,,,
2026-08-14T19:47:30+05:30,0,94.79,7.085,46.38,0.3286023,,,,,,,,,,,,
2026-08-14T19:47:31+05:30,0,88.82,4.645,30.41,0.14125445,,,,,,,,,,,,
2026-08-14T19:47:32+05:30,0,100.09,4.006,26.22,0.10503732,,,,,,,,,,,,
2026-08-14T19:47:33+05:30,0,102.32,3.568,23.36,0.08334848,,,,,,,,,,,,
2026-08-14T19:47:34+05:30,0,108.85,16.729,109.51,1.83199279,,,,,,,,,,,,
2026-08-14T19:47:35+05:30,0,104.51,15.484,101.36,1.56945824,,,,,,,,,,,,
2026-08-14T19:47:36+05:30,1.9,92.02,10.451,68.41,0.71495291,,,,,,,,,,,,
2026-08-14T19:47:37+05:30,0,83.36,7.085,46.38,0.3286023,,,,,,,,,,,,
2026-08-14T19:47:38+05:30,0,86.98,5.066,33.16,0.16798856,,,,,,,,,,,,
2026-08-14T19:47:39+05:30,1.5,90.30,4.241,27.76,0.11773016,,,,,,,,,,,,
2026-08-14T19:47:40+05:30,0,94.99,3.787,24.79,0.09387973,,,,,,,,,,,,
2026-08-14T19:47:41+05:30,0,86.49,3.400,22.26,0.075684,,,,,,,,,,,,
2026-08-14T19:47:42+05:30,5,96.00,2.880,18.85,0.054288,,,,,,,,,,,,
2026-08-14T19:47:43+05:30,0,108.25,2.659,17.41,0.04629319,,,,,,,,,,,,
2026-08-14T19:47:44+05:30,1.9,103.31,3.517,23.02,0.08096134,,,,,,,,,,,,
2026-08-14T19:47:45+05:30,2.3,92.83,2.920,19.11,0.0558012,,,,,,,,,,,,
2026-08-14T19:47:46+05:30,0.9,109.26,2.809,18.39,0.05165751,,,,,,,,,,,,
2026-08-14T19:47:47+05:30,4.8,109.75,2.565,16.79,0.04306635,,,,,,,,,,,,
2026-08-14T19:47:48+05:30,0.9,88.37,6.362,41.64,0.26491368,,,,,,,,,,,,
2026-08-14T19:47:49+05:30,0,85.54,12.622,82.62,1.04282964,,,,,,,,,,,,
2026-08-14T19:47:50+05:30,1.5,85.57,13.346,87.36,1.16590656,,,,,,,,,,,,
2026-08-14T19:47:51+05:30,0,95.21,8.280,54.20,0.448776,,,,,,,,,,,,
2026-08-14T19:47:52+05:30,1.2,81.83,5.520,36.13,0.1994376,,,,,,,,,,,,
2026-08-14T19:47:53+05:30,3.2,81.73,4.443,29.08,0.12920244,,,,,,,,,,,,
2026-08-14T19:47:54+05:30,1.8,106.99,5.167,33.82,0.17474794,,,,,,,,,,,,
2026-08-14T19:47:55+05:30,2.1,107.26,5.756,37.68,0.21688608,,,,,,,,,,,,
2026-08-14T19:47:56+05:30,0,103.09,4.275,27.98,0.1196145,,,,,,,,,,,,
2026-08-14T19:47:57+05:30,0,104.14,3.787,24.79,0.09387973,,,,,,,,,,,,
2026-08-14T19:47:58+05:30,1.9,103.60,3.400,22.26,0.075684,,,,,,,,,,,,
2026-08-14T19:47:59+05:30,0.1,90.16,2.886,18.89,0.05451654,,,,,,,,,,,,
2026-08-14T19:48:00+05:30,0,80.45,2.742,17.95,0.0492189,,,,,,,,,,,,
2026-08-14T19:48:01+05:30,4.2,88.96,2.610,17.08,0.0445788,,,,,,,,,,,,
2026-08-14T19:48:02+05:30,0,104.63,2.407,15.76,0.03793432,,,,,,,,,,,,
2026-08-14T19:48:03+05:30,0,92.68,2.230,14.60,0.032558,,,,,,,,,,,,
2026-08-14T19:48:04+05:30,0,98.57,2.073,13.57,0.02813061,,,,,,,,,,,,
2026-08-14T19:48:05+05:30,0,102.19,1.895,12.40,0.023498,,,,,,,,,,,,
2026-08-14T19:48:06+05:30,0,99.53,3.241,21.22,0.06877402,,,,,,,,,,,,
2026-08-14T19:48:07+05:30,4.3,83.78,12.033,78.77,0.94783941,,,,,,,,,,,,
2026-08-14T19:48:08+05:30,3,87.64,14.507,94.96,1.37758472,,,,,,,,,,,,
2026-08-14T19:48:09+05:30,0,103.67,7.725,50.57,0.39065325,,,,,,,,,,,,
2026-08-14T19:48:10+05:30,0,94.46,5.285,34.60,0.182861,,,,,,,,,,,,
2026-08-14T19:48:11+05:30,0,96.85,6.631,43.41,0.28785171,,,,,,,,,,,,
2026-08-14T19:48:12+05:30,3,95.64,7.506,49.13,0.36876978,,,,,,,,,,,,
2026-08-14T19:48:13+05:30,1.5,98.25,5.537,36.24,0.20066088,,,,,,,,,,,,
2026-08-14T19:48:14+05:30,0,109.01,4.409,28.86,0.12724374,,,,,,,,,,,,
2026-08-14T19:48:15+05:30,0.4,95.05,3.888,25.45,0.0989496,,,,,,,,,,,,
2026-08-14T19:48:16+05:30,0,92.66,7.658,50.13,0.38389554,,,,,,,,,,,,
2026-08-14T19:48:17+05:30,0,88.42,6.160,40.32,0.2483712,,,,,,,,,,,,
2026-08-14T19:48:18+05:30,0,93.62,4.679,30.63,0.14331777,,,,,,,,,,,,
2026-08-14T19:48:19+05:30,0,94.21,4.039,26.44,0.10679116,,,,,,,,,,,,
2026-08-14T19:48:20+05:30,0,85.70,9.425,61.70,0.5815225,,,,,,,,,,,,
2026-08-14T19:48:21+05:30,1.4,93.71,11.141,72.93,0.81251313,,,,,,,,,,,,
2026-08-14T19:48:22+05:30,1,111.37,8.062,52.77,0.42543174,,,,,,,,,,,,
2026-08-14T19:48:23+05:30,2.4,100.53,5.470,35.81,0.1958807,,,,,,,,,,,,
2026-08-14T19:48:24+05:30,0,97.57,5.335,34.92,0.1862982,,,,,,,,,,,,
2026-08-14T19:48:25+05:30,0,99.34,11.360,74.36,0.8447296,,,,,,,,,,,,
2026-08-14T19:48:26+05:30,0,92.28,21.408,140.13,2.99990304,,,,,,,,,,,,
2026-08-14T19:48:27+05:30,0,97.75,11.848,77.56,0.91893088,,,,,,,,,,,,
2026-08-14T19:48:28+05:30,1.7,97.13,7.574,49.58,0.37551892,,,,,,,,,,,,
2026-08-14T19:48:29+05:30,0,81.07,9.509,62.24,0.59184016,,,,,,,,,,,,
2026-08-14T19:48:30+05:30,0.5,84.77,6.648,43.52,0.28932096,,,,,,,,,,,,
2026-08-14T19:48:31+05:30,2.3,97.72,4.931,32.28,0.15917268,,,,,,,,,,,,
2026-08-14T19:48:32+05:30,0.7,114.47,8.449,55.31,0.46731419,,,,,,,,,,,,
2026-08-14T19:48:33+05:30,0,101.62,10.148,66.43,0.67413164,,,,,,,,,,,,
2026-08-14T19:48:34+05:30,0,102.77,9.475,62.02,0.5876395,,,,,,,,,,,,
2026-08-14T19:48:35+05:30,0,84.81,7.944,52.00,0.413088,,,,,,,,,,,,
2026-08-14T19:48:36+05:30,0,93.42,6.328,41.42,0.26210576,,,,,,,,,,,,
2026-08-14T19:48:37+05:30,0,88.95,3.652,23.91,0.08731932,,,,,,,,,,,,
2026-08-14T19:48:38+05:30,0,92.03,4.174,27.32,0.11403368,,,,,,,,,,,,
2026-08-14T19:48:39+05:30,2.4,107.84,1.784,11.68,0.02083712,,,,,,,,,,,,
2026-08-14T19:48:40+05:30,2.7,99.47,20.516,134.30,2.7552988,,,,,,,,,,,,
2026-08-14T19:48:41+05:30,0.6,91.76,14.659,95.96,1.40667764,,,,,,,,,,,,
2026-08-14T19:48:42+05:30,0,103.26,8.314,54.42,0.45244788,,,,,,,,,,,,
2026-08-14T19:48:43+05:30,4.6,89.49,5.705,37.34,0.2130247,,,,,,,,,,,,
2026-08-14T19:48:44+05:30,0,81.02,8.634,56.52,0.48799368,,,,,,,,,,,,
2026-08-14T19:48:45+05:30,0,85.62,6.732,44.07,0.29667924,,,,,,,,,,,,
2026-08-14T19:48:46+05:30,3.3,100.02,4.982,32.61,0.16246302,,,,,,,,,,,,
2026-08-14T19:48:47+05:30,0.4,115.29,11.226,73.48,0.82488648,,,,,,,,,,,,
2026-08-14T19:48:48+05:30,3.7,97.53,8.381,54.86,0.45978166,,,,,,,,,,,,
2026-08-14T19:48:49+05:30,0,96.52,8.398,54.97,0.46163806,,,,,,,,,,,,
2026-08-14T19:48:50+05:30,0,94.76,6.547,42.86,0.28060442,,,,,,,,,,,,
2026-08-14T19:48:51+05:30,0,94.32,5.335,34.92,0.1862982,,,,,,,,,,,,
2026-08-14T19:48:52+05:30,0,100.13,15.349,100.47,1.54211403,,,,,,,,,,,,
2026-08-14T19:48:53+05:30,0,102.54,18.732,122.62,2.29691784,,,,,,,,,,,,
2026-08-14T19:48:54+05:30,0.7,82.59,13.212,86.48,1.14257376,,,,,,,,,,,,
2026-08-14T19:48:55+05:30,5.1,96.92,7.523,49.24,0.37043252,,,,,,,,,,,,
2026-08-14T19:48:56+05:30,0,112.11,3.618,23.68,0.08567424,,,,,,,,,,,,
2026-08-14T19:48:57+05:30,3.6,90.94,4.241,27.76,0.11773016,,,,,,,,,,,,
2026-08-14T19:48:58+05:30,0,78.27,8.667,56.73,0.49167891,,,,,,,,,,,,
2026-08-14T19:48:59+05:30,0,77.00,9.694,63.46,0.61518124,,,,,,,,,,,,
2026-08-14T19:49:00+05:30,6.2,97.00,7.052,46.16,0.32552032,,,,,,,,,,,,
2026-08-14T19:49:01+05:30,0,109.04,7.186,47.04,0.33802944,,,,,,,,,,,,
2026-08-14T19:49:02+05:30,0,115.96,6.395,41.86,0.2676947,,,,,,,,,,,,
2026-08-14T19:49:03+05:30,6.6,100.99,16.376,107.20,1.7555072,,,,,,,,,,,,
2026-08-14T19:49:04+05:30,7.3,97.66,17.049,111.60,1.9026684,,,,,,,,,,,,
2026-08-14T19:49:05+05:30,0,106.88,11.747,76.89,0.90322683,,,,,,,,,,,,
2026-08-14T19:49:06+05:30,3.6,100.82,7.792,51.01,0.39746992,,,,,,,,,,,,
2026-08-14T19:49:07+05:30,3.6,73.42,5.453,35.69,0.19461757,,,,,,,,,,,,
2026-08-14T19:49:08+05:30,4.8,76.93,5.503,36.02,0.19821806,,,,,,,,,,,,
2026-08-14T19:49:09+05:30,0,93.74,8.903,58.28,0.51886684,,,,,,,,,,,,
2026-08-14T19:49:10+05:30,0,98.94,12.858,84.17,1.08225786,,,,,,,,,,,,
2026-08-14T19:49:11+05:30,0,100.81,11.428,74.81,0.85492868,,,,,,,,,,,,
2026-08-14T19:49:12+05:30,0,97.17,10.687,69.96,0.74766252,,,,,,,,,,,,
2026-08-14T19:49:13+05:30,0.5,100.33,6.614,43.29,0.28632006,,,,,,,,,,,,
2026-08-14T19:49:14+05:30,0,104.95,4.982,32.61,0.16246302,,,,,,,,,,,,
2026-08-14T19:49:15+05:30,2.8,96.11,5.116,33.49,0.17133484,,,,,,,,,,,,
2026-08-14T19:49:16+05:30,0,92.19,9.627,63.02,0.60669354,,,,,,,,,,,,
2026-08-14T19:49:17+05:30,0.1,105.01,19.270,126.14,2.4307178,,,,,,,,,,,,
2026-08-14T19:49:18+05:30,0.1,87.62,19.455,127.35,2.47759425,,,,,,,,,,,,
2026-08-14T19:49:19+05:30,0.1,86.87,11.916,78.00,0.929448,,,,,,,,,,,,
2026-08-14T19:49:20+05:30,0.4,97.42,7.439,48.69,0.36220491,,,,,,,,,,,,
2026-08-14T19:49:21+05:30,0,103.90,9.004,58.94,0.53069576,,,,,,,,,,,,
2026-08-14T19:49:22+05:30,0.5,101.15,6.833,44.73,0.30564009,,,,,,,,,,,,
2026-08-14T19:49:23+05:30,0,90.32,5.083,33.27,0.16911141,,,,,,,,,,,,
2026-08-14T19:49:24+05:30,1.1,90.89,4.325,28.31,0.12244075,,,,,,,,,,,,
2026-08-14T19:49:25+05:30,0,98.17,3.921,25.67,0.10065207,,,,,,,,,,,,
2026-08-14T19:49:26+05:30,0,91.55,3.602,23.58,0.08493516,,,,,,,,,,,,
2026-08-14T19:49:27+05:30,0,92.92,3.299,21.59,0.07122541,,,,,,,,,,,,
2026-08-14T19:49:28+05:30,0.6,107.94,2.915,19.08,0.0556182,,,,,,,,,,,,
2026-08-14T19:49:29+05:30,2.9,112.36,2.632,17.23,0.04534936,,,,,,,,,,,,
2026-08-14T19:49:30+05:30,0.3,83.79,2.609,17.08,0.04456172,,,,,,,,,,,,
2026-08-14T19:49:31+05:30,0.4,89.26,2.439,15.97,0.03895083,,,,,,,,,,,,
2026-08-14T19:49:32+05:30,0,93.77,2.287,14.97,0.03423639,,,,,,,,,,,,
2026-08-14T19:49:33+05:30,0,95.96,2.151,14.08,0.03028608,,,,,,,,,,,,
2026-08-14T19:49:34+05:30,0,96.63,2.028,13.28,0.02693184,,,,,,,,,,,,
2026-08-14T19:49:35+05:30,0.9,93.39,1.917,12.55,0.02405835,,,,,,,,,,,,
2026-08-14T19:49:36+05:30,0.9,90.22,1.749,11.45,0.02002605,,,,,,,,,,,,
2026-08-14T19:49:37+05:30,2.3,106.80,2.338,15.30,0.0357714,,,,,,,,,,,,
2026-08-14T19:49:38+05:30,1.3,113.93,6.749,44.18,0.29817082,,,,,,,,,,,,
2026-08-14T19:49:39+05:30,6.2,98.09,8.415,55.08,0.4634982,,,,,,,,,,,,
2026-08-14T19:49:40+05:30,0,75.88,6.278,41.10,0.2580258,,,,,,,,,,,,
2026-08-14T19:49:41+05:30,2.1,88.59,4.763,31.18,0.14851034,,,,,,,,,,,,
2026-08-14T19:49:42+05:30,0.2,106.89,4.140,27.10,0.112194,,,,,,,,,,,,
2026-08-14T19:49:43+05:30,1,99.94,3.753,24.57,0.09221121,,,,,,,,,,,,
2026-08-14T19:49:44+05:30,2.9,82.46,3.416,22.36,0.07638176,,,,,,,,,,,,
2026-08-14T19:49:45+05:30,6.1,90.56,2.937,19.23,0.05647851,,,,,,,,,,,,
2026-08-14T19:49:46+05:30,0,100.52,2.930,19.18,0.0561974,,,,,,,,,,,,
2026-08-14T19:49:47+05:30,0,112.79,2.713,17.76,0.04818288,,,,,,,,,,,,
2026-08-14T19:49:48+05:30,6.2,108.55,2.445,16.00,0.03912,,,,,,,,,,,,
2026-08-14T19:49:49+05:30,2.1,83.85,2.317,15.17,0.03514889,,,,,,,,,,,,
2026-08-14T19:49:50+05:30,0,88.02,7.860,51.45,0.404397,,,,,,,,,,,,
2026-08-14T19:49:51+05:30,0,98.67,15.702,102.78,1.61385156,,,,,,,,,,,,
2026-08-14T19:49:52+05:30,0,94.29,10.334,67.65,0.6990951,,,,,,,,,,,,
2026-08-14T19:49:53+05:30,0,96.19,7.035,46.05,0.32396175,,,,,,,,,,,,
2026-08-14T19:49:54+05:30,0,90.45,5.099,33.38,0.17020462,,,,,,,,,,,,
2026-08-14T19:49:55+05:30,0,94.83,4.325,28.31,0.12244075,,,,,,,,,,,,
2026-08-14T19:49:56+05:30,3,100.93,3.905,25.56,0.0998118,,,,,,,,,,,,
2026-08-14T19:49:57+05:30,1.8,108.41,5.251,34.37,0.18047687,,,,,,,,,,,,
2026-08-14T19:49:58+05:30,0,95.05,4.409,28.86,0.12724374,,,,,,,,,,,,
2026-08-14T19:49:59+05:30,0,96.76,3.921,25.67,0.10065207,,,,,,,,,,,,
2026-08-14T19:50:00+05:30,0,100.19,3.551,23.24,0.08252524,,,,,,,,,,,,
2026-08-14T19:50:01+05:30,0,98.29,3.001,19.64,0.05893964,,,,,,,,,,,,
2026-08-14T19:50:02+05:30,0,91.24,5.907,38.67,0.22842369,,,,,,,,,,,,
2026-08-14T19:50:03+05:30,0,94.56,5.924,38.78,0.22973272,,,,,,,,,,,,
2026-08-14T19:50:04+05:30,1.5,89.97,4.746,31.07,0.14745822,,,,,,,,,,,,
2026-08-14T19:50:05+05:30,0,92.24,4.123,26.99,0.11127977,,,,,,,,,,,,
2026-08-14T19:50:06+05:30,0,104.57,4.224,27.65,0.1167936,,,,,,,,,,,,
2026-08-14T19:50:07+05:30,4.3,91.29,7.052,46.16,0.32552032,,,,,,,,,,,,
2026-08-14T19:50:08+05:30,0,79.63,8.886,58.17,0.51689862,,,,,,,,,,,,
2026-08-14T19:50:09+05:30,3.7,85.54,6.850,44.84,0.307154,,,,,,,,,,,,
2026-08-14T19:50:10+05:30,6.5,115.52,5.049,33.05,0.16686945,,,,,,,,,,,,
2026-08-14T19:50:11+05:30,4.3,116.20,4.292,28.09,0.12056228,,,,,,,,,,,,
2026-08-14T19:50:12+05:30,0,100.11,5.318,34.81,0.18511958,,,,,,,,,,,,
2026-08-14T19:50:13+05:30,0,105.16,4.931,32.28,0.15917268,,,,,,,,,,,,
2026-08-14T19:50:14+05:30,0,100.40,4.208,27.55,0.1159304,,,,,,,,,,,,
2026-08-14T19:50:15+05:30,0,91.50,3.820,25.01,0.0955382,,,,,,,,,,,,
2026-08-14T19:50:16+05:30,2.6,81.34,4.208,27.55,0.1159304,,,,,,,,,,,,
2026-08-14T19:50:17+05:30,0,76.25,5.907,38.67,0.22842369,,,,,,,,,,,,
2026-08-14T19:50:18+05:30,0,85.53,8.011,52.44,0.42009684,,,,,,,,,,,,
2026-08-14T19:50:19+05:30,0,95.43,5.470,35.81,0.1958807,,,,,,,,,,,,
2026-08-14T19:50:20+05:30,0,106.30,4.292,28.09,0.12056228,,,,,,,,,,,,
2026-08-14T19:50:21+05:30,1.1,104.07,3.989,26.11,0.10415279,,,,,,,,,,,,
2026-08-14T19:50:22+05:30,0,99.20,3.534,23.13,0.08174142,,,,,,,,,,,,
2026-08-14T19:50:23+05:30,0,102.23,3.517,23.02,0.08096134,,,,,,,,,,,,
2026-08-14T19:50:24+05:30,0,108.73,5.739,37.57,0.21561423,,,,,,,,,,,,
2026-08-14T19:50:25+05:30,0,99.10,9.172,60.04,0.55068688,,,,,,,,,,,,
2026-08-14T19:50:26+05:30,0,92.56,6.665,43.63,0.29079395,,,,,,,,,,,,
2026-08-14T19:50:27+05:30,0,96.68,4.931,32.28,0.15917268,,,,,,,,,,,,
2026-08-14T19:50:28+05:30,3.2,82.44,4.275,27.98,0.1196145,,,,,,,,,,,,
2026-08-14T19:50:29+05:30,0.6,86.08,3.921,25.67,0.10065207,,,,,,,,,,,,
2026-08-14T19:50:30+05:30,0,90.22,3.585,23.47,0.08413995,,,,,,,,,,,,
2026-08-14T19:50:31+05:30,4,97.10,3.282,21.48,0.07049736,,,,,,,,,,,,
2026-08-14T19:50:32+05:30,0,106.66,3.147,20.60,0.0648282,,,,,,,,,,,,
2026-08-14T19:50:33+05:30,0,107.52,4.679,30.63,0.14331777,,,,,,,,,,,,
2026-08-14T19:50:34+05:30,0.3,100.04,4.107,26.88,0.11039616,,,,,,,,,,,,
2026-08-14T19:50:35+05:30,0,91.13,5.907,38.67,0.22842369,,,,,,,,,,,,
2026-08-14T19:50:36+05:30,0,88.78,4.965,32.50,0.1613625,,,,,,,,,,,,
2026-08-14T19:50:37+05:30,0,85.70,4.208,27.55,0.1159304,,,,,,,,,,,,
2026-08-14T19:50:38+05:30,0.8,103.01,3.820,25.01,0.0955382,,,,,,,,,,,,
2026-08-14T19:50:39+05:30,0,112.54,3.484,22.81,0.07947004,,,,,,,,,,,,
2026-08-14T19:50:40+05:30,0.5,102.05,2.917,19.09,0.05568553,,,,,,,,,,,,
2026-08-14T19:50:41+05:30,0,95.27,2.915,19.08,0.0556182,,,,,,,,,,,,
2026-08-14T19:50:42+05:30,0,102.03,2.705,17.71,0.04790555,,,,,,,,,,,,
2026-08-14T19:50:43+05:30,2.4,96.54,9.559,62.57,0.59810663,,,,,,,,,,,,
2026-08-14T19:50:44+05:30,0,81.90,6.059,39.66,0.24029994,,,,,,,,,,,,
2026-08-14T19:50:45+05:30,0,81.68,4.611,30.18,0.13915998,,,,,,,,,,,,
2026-08-14T19:50:46+05:30,0,89.75,3.955,25.89,0.10239495,,,,,,,,,,,,
2026-08-14T19:50:47+05:30,0,104.10,3.618,23.68,0.08567424,,,,,,,,,,,,
2026-08-14T19:50:48+05:30,0,100.97,3.316,21.71,0.07199036,,,,,,,,,,,,
2026-08-14T19:50:49+05:30,0,107.33,3.095,20.26,0.0627047,,,,,,,,,,,,
2026-08-14T19:50:50+05:30,0,107.56,2.864,18.75,0.0537,,,,,,,,,,,,
2026-08-14T19:50:51+05:30,0,91.97,2.663,17.43,0.04641609,,,,,,,,,,,,
2026-08-14T19:50:52+05:30,0,86.02,2.482,16.25,0.0403325,,,,,,,,,,,,
2026-08-14T19:50:53+05:30,0,96.81,2.323,15.21,0.03533283,,,,,,,,,,,,
2026-08-14T19:50:54+05:30,0,94.15,2.179,14.26,0.03107254,,,,,,,,,,,,
2026-08-14T19:50:55+05:30,0,99.69,2.176,14.24,0.03098624,,,,,,,,,,,,
2026-08-14T19:50:56+05:30,1,100.16,6.732,44.07,0.29667924,,,,,,,,,,,,
2026-08-14T19:50:57+05:30,0,108.00,5.503,36.02,0.19821806,,,,,,,,,,,,
2026-08-14T19:50:58+05:30,0,108.13,4.494,29.42,0.13221348,,,,,,,,,,,,
2026-08-14T19:50:59+05:30,6.5,91.01,6.597,43.18,0.28485846,,,,,,,,,,,,
2026-08-14T19:51:00+05:30,0,74.42,5.015,32.83,0.16464245,,,,,,,,,,,,
2026-08-14T19:51:01+05:30,1.1,82.72,4.241,27.76,0.11773016,,,,,,,,,,,,
2026-08-14T19:51:02+05:30,4.2,96.72,5.402,35.36,0.19101472,,,,,,,,,,,,
2026-08-14T19:51:03+05:30,0,101.49,13.296,87.03,1.15715088,,,,,,,,,,,,
2026-08-14T19:51:04+05:30,0,95.44,11.831,77.44,0.91619264,,,,,,,,,,,,
2026-08-14T19:51:05+05:30,1,101.20,7.085,46.38,0.3286023,,,,,,,,,,,,
2026-08-14T19:51:06+05:30,0,103.24,3.450,22.58,0.077901,,,,,,,,,,,,
2026-08-14T19:51:07+05:30,0,107.27,4.157,27.21,0.11311197,,,,,,,,,,,,
2026-08-14T19:51:08+05:30,0.4,95.12,3.787,24.79,0.09387973,,,,,,,,,,,,
2026-08-14T19:51:09+05:30,6.2,103.45,3.467,22.69,0.07866623,,,,,,,,,,,,
2026-08-14T19:51:10+05:30,2,108.92,3.585,23.47,0.08413995,,,,,,,,,,,,
2026-08-14T19:51:11+05:30,2.2,93.81,3.635,23.79,0.08647665,,,,,,,,,,,,
2026-08-14T19:51:12+05:30,0,84.69,4.864,31.84,0.15486976,,,,,,,,,,,,
2026-08-14T19:51:13+05:30,0,78.26,8.247,53.98,0.44517306,,,,,,,,,,,,
2026-08-14T19:51:14+05:30,2.1,88.75,7.994,52.33,0.41832602,,,,,,,,,,,,
2026-08-14T19:51:15+05:30,0,90.48,5.470,35.81,0.1958807,,,,,,,,,,,,
2026-08-14T19:51:16+05:30,0,95.15,4.460,29.19,0.1301874,,,,,,,,,,,,
2026-08-14T19:51:17+05:30,0,97.67,3.989,26.11,0.10415279,,,,,,,,,,,,
2026-08-14T19:51:18+05:30,0,107.95,3.652,23.91,0.08731932,,,,,,,,,,,,
2026-08-14T19:51:19+05:30,0,101.83,3.349,21.92,0.07341008,,,,,,,,,,,,
2026-08-14T19:51:20+05:30,2.8,111.35,3.046,19.94,0.06073724,,,,,,,,,,,,
2026-08-14T19:51:21+05:30,0,121.25,2.824,18.49,0.05221576,,,,,,,,,,,,
2026-08-14T19:51:22+05:30,5.1,102.38,6.867,44.95,0.30867165,,,,,,,,,,,,
2026-08-14T19:51:23+05:30,2.5,77.18,9.593,62.79,0.60234447,,,,,,,,,,,,
2026-08-14T19:51:24+05:30,2.9,70.80,6.025,39.44,0.237626,,,,,,,,,,,,
2026-08-14T19:51:25+05:30,4.4,98.24,4.696,30.74,0.14435504,,,,,,,,,,,,
2026-08-14T19:51:26+05:30,6.6,86.07,4.107,26.88,0.11039616,,,,,,,,,,,,
2026-08-14T19:51:27+05:30,1.9,81.27,3.753,24.57,0.09221121,,,,,,,,,,,,
2026-08-14T19:51:28+05:30,1.4,94.86,1.750,11.46,0.020055,,,,,,,,,,,,
2026-08-14T19:51:29+05:30,2.2,113.44,3.122,20.44,0.06381368,,,,,,,,,,,,
2026-08-14T19:51:30+05:30,3.6,109.39,2.891,18.92,0.05469772,,,,,,,,,,,,
2026-08-14T19:51:31+05:30,0,104.97,2.688,17.60,0.0473088,,,,,,,,,,,,
2026-08-14T19:51:32+05:30,2.3,97.40,2.509,16.42,0.04119778,,,,,,,,,,,,
2026-08-14T19:51:33+05:30,1.2,103.19,2.348,15.37,0.03608876,,,,,,,,,,,,
2026-08-14T19:51:34+05:30,3.7,102.00,2.205,14.43,0.03181815,,,,,,,,,,,,
2026-08-14T19:51:35+05:30,0,85.62,2.609,17.08,0.04456172,,,,,,,,,,,,
2026-08-14T19:51:36+05:30,0,70.67,5.907,38.67,0.22842369,,,,,,,,,,,,
2026-08-14T19:51:37+05:30,7.6,100.29,4.965,32.50,0.1613625,,,,,,,,,,,,
2026-08-14T19:51:38+05:30,0,112.22,4.208,27.55,0.1159304,,,,,,,,,,,,
2026-08-14T19:51:39+05:30,1.9,100.77,3.787,24.79,0.09387973,,,,,,,,,,,,
2026-08-14T19:51:40+05:30,0,85.57,3.450,22.58,0.077901,,,,,,,,,,,,
2026-08-14T19:51:41+05:30,0,89.37,2.947,19.29,0.05684763,,,,,,,,,,,,
2026-08-14T19:51:42+05:30,0,109.50,2.868,18.77,0.05383236,,,,,,,,,,,,
2026-08-14T19:51:43+05:30,0,96.44,2.666,17.45,0.0465217,,,,,,,,,,,,
2026-08-14T19:51:44+05:30,0,95.42,2.481,16.24,0.04029144,,,,,,,,,,,,
2026-08-14T19:51:45+05:30,0,89.31,9.930,65.00,0.64545,,,,,,,,,,,,
2026-08-14T19:51:46+05:30,4.6,99.19,11.983,78.44,0.93994652,,,,,,,,,,,,
2026-08-14T19:51:47+05:30,1.6,101.79,8.735,57.18,0.4994673,,,,,,,,,,,,
2026-08-14T19:51:48+05:30,0,91.54,5.739,37.57,0.21561423,,,,,,,,,,,,
2026-08-14T19:51:49+05:30,0,105.01,5.200,34.04,0.177008,,,,,,,,,,,,
2026-08-14T19:51:50+05:30,0,102.39,4.544,29.74,0.13513856,,,,,,,,,,,,
2026-08-14T19:51:51+05:30,1.5,100.79,4.241,27.76,0.11773016,,,,,,,,,,,,
2026-08-14T19:51:52+05:30,0,93.00,3.955,25.89,0.10239495,,,,,,,,,,,,
2026-08-14T19:51:53+05:30,0,94.02,3.618,23.68,0.08567424,,,,,,,,,,,,
2026-08-14T19:51:54+05:30,0,91.36,3.014,19.73,0.05946622,,,,,,,,,,,,
2026-08-14T19:51:55+05:30,1.4,90.06,2.795,18.30,0.0511485,,,,,,,,,,,,
2026-08-14T19:51:56+05:30,0,86.22,4.409,28.86,0.12724374,,,,,,,,,,,,
2026-08-14T19:51:57+05:30,0,93.62,4.359,28.53,0.12436227,,,,,,,,,,,,
2026-08-14T19:51:58+05:30,0,100.91,3.921,25.67,0.10065207,,,,,,,,,,,,
2026-08-14T19:51:59+05:30,0,97.59,3.551,23.24,0.08252524,,,,,,,,,,,,
2026-08-14T19:52:00+05:30,1,107.56,3.036,19.87,0.06032532,,,,,,,,,,,,
2026-08-14T19:52:01+05:30,0,111.93,7.557,49.47,0.37384479,,,,,,,,,,,,
2026-08-14T19:52:02+05:30,0,94.27,8.768,57.39,0.50319552,,,,,,,,,,,,
2026-08-14T19:52:03+05:30,2.4,100.85,5.722,37.46,0.21434612,,,,,,,,,,,,
2026-08-14T19:52:04+05:30,0,88.00,5.066,33.16,0.16798856,,,,,,,,,,,,
2026-08-14T19:52:05+05:30,2.2,89.57,14.507,94.96,1.37758472,,,,,,,,,,,,
2026-08-14T19:52:06+05:30,0,100.81,10.569,69.18,0.73116342,,,,,,,,,,,,
2026-08-14T19:52:07+05:30,0,99.14,6.379,41.76,0.26638704,,,,,,,,,,,,
2026-08-14T19:52:08+05:30,0,88.18,5.924,38.78,0.22973272,,,,,,,,,,,,
2026-08-14T19:52:09+05:30,3.6,96.78,4.662,30.52,0.14228424,,,,,,,,,,,,
2026-08-14T19:52:10+05:30,0,99.60,4.107,26.88,0.11039616,,,,,,,,,,,,
2026-08-14T19:52:11+05:30,0.2,99.34,3.753,24.57,0.09221121,,,,,,,,,,,,
2026-08-14T19:52:12+05:30,1.8,97.14,3.433,22.47,0.07713951,,,,,,,,,,,,
2026-08-14T19:52:13+05:30,0,87.30,3.129,20.48,0.06408192,,,,,,,,,,,,
2026-08-14T19:52:14+05:30,0,88.37,2.903,19.00,0.055157,,,,,,,,,,,,
2026-08-14T19:52:15+05:30,1.3,97.45,9.862,64.56,0.63669072,,,,,,,,,,,,
2026-08-14T19:52:16+05:30,0,108.24,9.677,63.34,0.61294118,,,,,,,,,,,,
2026-08-14T19:52:17+05:30,0,99.91,7.069,46.27,0.32708263,,,,,,,,,,,,
2026-08-14T19:52:18+05:30,0,102.82,5.251,34.37,0.18047687,,,,,,,,,,,,
2026-08-14T19:52:19+05:30,0.8,106.76,4.376,28.64,0.12532864,,,,,,,,,,,,
2026-08-14T19:52:20+05:30,2.1,108.74,3.938,25.78,0.10152164,,,,,,,,,,,,
2026-08-14T19:52:21+05:30,4.6,91.30,3.787,24.79,0.09387973,,,,,,,,,,,,
2026-08-14T19:52:22+05:30,0,72.69,5.083,33.27,0.16911141,,,,,,,,,,,,
2026-08-14T19:52:23+05:30,0,72.18,4.477,29.31,0.13122087,,,,,,,,,,,,
2026-08-14T19:52:24+05:30,4.8,88.44,3.989,26.11,0.10415279,,,,,,,,,,,,
2026-08-14T19:52:25+05:30,0,110.76,3.635,23.79,0.08647665,,,,,,,,,,,,
2026-08-14T19:52:26+05:30,0.2,102.66,3.332,21.81,0.07267092,,,,,,,,,,,,
2026-08-14T19:52:27+05:30,0.6,100.31,5.150,33.71,0.1736065,,,,,,,,,,,,
2026-08-14T19:52:28+05:30,0,112.50,5.975,39.11,0.23368225,,,,,,,,,,,,
2026-08-14T19:52:29+05:30,0,111.47,3.871,25.34,0.09809114,,,,,,,,,,,,
2026-08-14T19:52:30+05:30,0,108.50,3.534,23.13,0.08174142,,,,,,,,,,,,
2026-08-14T19:52:31+05:30,8.1,85.22,2.577,16.87,0.04347399,,,,,,,,,,,,
2026-08-14T19:52:32+05:30,4.5,73.73,2.651,17.35,0.04599485,,,,,,,,,,,,
2026-08-14T19:52:33+05:30,1,89.14,2.477,16.21,0.04015217,,,,,,,,,,,,
2026-08-14T19:52:34+05:30,0,99.53,2.208,14.45,0.0319056,,,,,,,,,,,,
2026-08-14T19:52:35+05:30,0.6,89.80,2.185,14.30,0.0312455,,,,,,,,,,,,
2026-08-14T19:52:36+05:30,1.2,91.04,2.060,13.48,0.0277688,,,,,,,,,,,,
2026-08-14T19:52:37+05:30,0,99.99,1.946,12.74,0.02479204,,,,,,,,,,,,
2026-08-14T19:52:38+05:30,0,107.11,1.845,12.08,0.0222876,,,,,,,,,,,,
2026-08-14T19:52:39+05:30,4.3,106.29,6.564,42.97,0.28205508,,,,,,,,,,,,
2026-08-14T19:52:40+05:30,0,98.49,6.715,43.96,0.2951914,,,,,,,,,,,,
2026-08-14T19:52:41+05:30,0,100.18,4.662,30.52,0.14228424,,,,,,,,,,,,
2026-08-14T19:52:42+05:30,0.9,100.99,4.611,30.18,0.13915998,,,,,,,,,,,,
2026-08-14T19:52:43+05:30,0.7,93.10,4.073,26.66,0.10858618,,,,,,,,,,,,
2026-08-14T19:52:44+05:30,0,86.06,3.837,25.12,0.09638544,,,,,,,,,,,,
2026-08-14T19:52:45+05:30,4.2,90.33,6.126,40.10,0.2456526,,,,,,,,,,,,
2026-08-14T19:52:46+05:30,0,105.54,5.285,34.60,0.182861,,,,,,,,,,,,
2026-08-14T19:52:47+05:30,3.8,98.96,4.393,28.76,0.12634268,,,,,,,,,,,,
2026-08-14T19:52:48+05:30,0,84.34,3.938,25.78,0.10152164,,,,,,,,,,,,
2026-08-14T19:52:49+05:30,1.5,91.57,3.585,23.47,0.08413995,,,,,,,,,,,,
2026-08-14T19:52:50+05:30,0,100.56,3.299,21.59,0.07122541,,,,,,,,,,,,
2026-08-14T19:52:51+05:30,0.1,111.49,3.075,20.13,0.06189975,,,,,,,,,,,,
2026-08-14T19:52:52+05:30,3.1,111.14,3.285,21.50,0.0706275,,,,,,,,,,,,
2026-08-14T19:52:53+05:30,4.1,95.56,14.356,93.97,1.34903332,,,,,,,,,,,,
2026-08-14T19:52:54+05:30,0,84.87,9.425,61.70,0.5815225,,,,,,,,,,,,
2026-08-14T19:52:55+05:30,0,91.62,9.576,62.68,0.60022368,,,,,,,,,,,,
2026-08-14T19:52:56+05:30,0.4,92.43,5.975,39.11,0.23368225,,,,,,,,,,,,
2026-08-14T19:52:57+05:30,0,95.57,5.419,35.47,0.19221193,,,,,,,,,,,,
2026-08-14T19:52:58+05:30,0,96.33,4.847,31.73,0.15379531,,,,,,,,,,,,
2026-08-14T19:52:59+05:30,1.2,94.23,4.191,27.43,0.11495913,,,,,,,,,,,,
2026-08-14T19:53:00+05:30,4.2,115.22,3.804,24.90,0.0947196,,,,,,,,,,,,
2026-08-14T19:53:01+05:30,0.6,116.32,2.935,19.21,0.05638135,,,,,,,,,,,,
2026-08-14T19:53:02+05:30,5.3,97.87,2.940,19.24,0.0565656,,,,,,,,,,,,
2026-08-14T19:53:03+05:30,0,88.01,2.735,17.90,0.0489565,,,,,,,,,,,,
2026-08-14T19:53:04+05:30,0,80.24,2.551,16.70,0.0426017,,,,,,,,,,,,
2026-08-14T19:53:05+05:30,0,90.93,2.386,15.62,0.03726932,,,,,,,,,,,,
2026-08-14T19:53:06+05:30,0,87.38,2.242,14.68,0.03291256,,,,,,,,,,,,
2026-08-14T19:53:07+05:30,0.4,88.62,2.109,13.81,0.02912529,,,,,,,,,,,,
2026-08-14T19:53:08+05:30,0,99.37,1.989,13.02,0.02589678,,,,,,,,,,,,
2026-08-14T19:53:09+05:30,0,104.61,2.057,13.46,0.02768722,,,,,,,,,,,,
2026-08-14T19:53:10+05:30,2.9,115.03,1.986,13.00,0.025818,,,,,,,,,,,,
2026-08-14T19:53:11+05:30,0,122.20,9.122,59.71,0.54467462,,,,,,,,,,,,
2026-08-14T19:53:12+05:30,7.5,98.08,9.290,60.81,0.5649249,,,,,,,,,,,,
2026-08-14T19:53:13+05:30,0,82.97,6.092,39.88,0.24294896,,,,,,,,,,,,
2026-08-14T19:53:14+05:30,0,95.59,4.696,30.74,0.14435504,,,,,,,,,,,,
2026-08-14T19:53:15+05:30,0,92.87,4.107,26.88,0.11039616,,,,,,,,,,,,
2026-08-14T19:53:16+05:30,1.9,85.64,7.792,51.01,0.39746992,,,,,,,,,,,,
2026-08-14T19:53:17+05:30,0,75.68,5.638,36.91,0.20809858,,,,,,,,,,,,
2026-08-14T19:53:18+05:30,2.8,86.23,4.527,29.63,0.13413501,,,,,,,,,,,,
2026-08-14T19:53:19+05:30,2.8,111.06,4.056,26.55,0.1076868,,,,,,,,,,,,
2026-08-14T19:53:20+05:30,0,114.29,3.719,24.34,0.09052046,,,,,,,,,,,,
2026-08-14T19:53:21+05:30,0,109.19,3.400,22.26,0.075684,,,,,,,,,,,,
2026-08-14T19:53:22+05:30,0.1,100.53,1.868,12.23,0.02284564,,,,,,,,,,,,
2026-08-14T19:53:23+05:30,0,98.27,2.979,19.50,0.0580905,,,,,,,,,,,,
2026-08-14T19:53:24+05:30,0,96.10,2.188,14.32,0.03133216,,,,,,,,,,,,
2026-08-14T19:53:25+05:30,0.9,87.55,2.065,13.52,0.0279188,,,,,,,,,,,,
2026-08-14T19:53:26+05:30,2.4,90.71,1.947,12.74,0.02480478,,,,,,,,,,,,
2026-08-14T19:53:27+05:30,0,102.74,1.733,11.34,0.01965222,,,,,,,,,,,,
2026-08-14T19:53:28+05:30,0,102.74,1.831,11.99,0.02195369,,,,,,,,,,,,
2026-08-14T19:53:29+05:30,1.8,91.88,2.137,13.99,0.02989663,,,,,,,,,,,,
2026-08-14T19:53:30+05:30,0,86.59,1.789,11.71,0.02094919,,,,,,,,,,,,
2026-08-14T19:53:31+05:30,0,91.68,2.062,13.50,0.027837,,,,,,,,,,,,
2026-08-14T19:53:32+05:30,0.5,98.51,1.902,12.45,0.0236799,,,,,,,,,,,,
2026-08-14T19:53:33+05:30,0.2,95.35,1.767,11.57,0.02044419,,,,,,,,,,,,
2026-08-14T19:53:34+05:30,2.9,94.60,1.750,11.46,0.020055,,,,,,,,,,,,
2026-08-14T19:53:35+05:30,2.6,118.90,4.948,32.39,0.16026572,,,,,,,,,,,,
2026-08-14T19:53:36+05:30,7.4,108.19,1.515,9.92,0.0150288,,,,,,,,,,,,
2026-08-14T19:53:37+05:30,0,98.43,1.446,9.47,0.01369362,,,,,,,,,,,,
2026-08-14T19:53:38+05:30,0,96.70,1.400,9.16,0.012824,,,,,,,,,,,,
2026-08-14T19:53:39+05:30,1.9,86.95,1.335,8.74,0.0116679,,,,,,,,,,,,
2026-08-14T19:53:40+05:30,3.7,84.32,6.294,41.20,0.2593128,,,,,,,,,,,,
2026-08-14T19:53:41+05:30,0,97.00,8.600,56.29,0.484094,,,,,,,,,,,,
2026-08-14T19:53:42+05:30,0,100.23,9.745,63.79,0.62163355,,,,,,,,,,,,
2026-08-14T19:53:43+05:30,0,96.39,5.672,37.13,0.21060136,,,,,,,,,,,,
2026-08-14T19:53:44+05:30,0,99.22,4.628,30.29,0.14018212,,,,,,,,,,,,
2026-08-14T19:53:45+05:30,1.4,101.15,6.278,41.10,0.2580258,,,,,,,,,,,,
2026-08-14T19:53:46+05:30,0,103.62,5.184,33.93,0.17589312,,,,,,,,,,,,
2026-08-14T19:53:47+05:30,0,95.95,4.325,28.31,0.12244075,,,,,,,,,,,,
2026-08-14T19:53:48+05:30,0,96.77,3.888,25.45,0.0989496,,,,,,,,,,,,
2026-08-14T19:53:49+05:30,0,90.17,3.534,23.13,0.08174142,,,,,,,,,,,,
2026-08-14T19:53:50+05:30,0,88.92,9.256,60.59,0.56082104,,,,,,,,,,,,
2026-08-14T19:53:51+05:30,0,94.29,6.968,45.61,0.31781048,,,,,,,,,,,,
2026-08-14T19:53:52+05:30,0,103.76,12.718,83.25,1.0587735,,,,,,,,,,,,
2026-08-14T19:53:53+05:30,0,110.54,13.329,87.25,1.16295525,,,,,,,,,,,,
2026-08-14T19:53:54+05:30,0,100.02,7.388,48.36,0.35728368,,,,,,,,,,,,
2026-08-14T19:53:55+05:30,0,94.07,5.554,36.36,0.20194344,,,,,,,,,,,,
2026-08-14T19:53:56+05:30,0,97.57,5.890,38.56,0.2271184,,,,,,,,,,,,
2026-08-14T19:53:57+05:30,0,99.11,6.597,43.18,0.28485846,,,,,,,,,,,,
2026-08-14T19:53:58+05:30,0.7,94.26,7.372,48.26,0.35577272,,,,,,,,,,,,
2026-08-14T19:53:59+05:30,0,84.68,5.655,37.02,0.2093481,,,,,,,,,,,,
2026-08-14T19:54:00+05:30,2.3,90.90,5.032,32.94,0.16575408,,,,,,,,,,,,
2026-08-14T19:54:01+05:30,0,102.75,4.292,28.09,0.12056228,,,,,,,,,,,,
2026-08-14T19:54:02+05:30,0,96.13,3.888,25.45,0.0989496,,,,,,,,,,,,
2026-08-14T19:54:03+05:30,0.3,102.88,3.686,24.13,0.08894318,,,,,,,,,,,,
2026-08-14T19:54:04+05:30,1.2,106.77,6.311,41.31,0.26070741,,,,,,,,,,,,
2026-08-14T19:54:05+05:30,0,102.10,11.360,74.36,0.8447296,,,,,,,,,,,,
2026-08-14T19:54:06+05:30,0,94.22,13.851,90.67,1.25587017,,,,,,,,,,,,
2026-08-14T19:54:07+05:30,0,92.17,8.651,56.63,0.48990613,,,,,,,,,,,,
2026-08-14T19:54:08+05:30,0,92.23,5.453,35.69,0.19461757,,,,,,,,,,,,
2026-08-14T19:54:09+05:30,0,85.25,4.578,29.97,0.13720266,,,,,,,,,,,,
2026-08-14T19:54:10+05:30,2,101.41,4.174,27.32,0.11403368,,,,,,,,,,,,
2026-08-14T19:54:11+05:30,0,105.14,3.804,24.90,0.0947196,,,,,,,,,,,,
2026-08-14T19:54:12+05:30,0,100.26,3.484,22.81,0.07947004,,,,,,,,,,,,
2026-08-14T19:54:13+05:30,0,96.36,3.021,19.78,0.05975538,,,,,,,,,,,,
2026-08-14T19:54:14+05:30,2.1,104.31,5.116,33.49,0.17133484,,,,,,,,,,,,
2026-08-14T19:54:15+05:30,0,114.16,4.292,28.09,0.12056228,,,,,,,,,,,,
2026-08-14T19:54:16+05:30,6.7,92.53,3.888,25.45,0.0989496,,,,,,,,,,,,
2026-08-14T19:54:17+05:30,0,76.31,3.551,23.24,0.08252524,,,,,,,,,,,,
2026-08-14T19:54:18+05:30,0,89.49,1.961,12.84,0.02517924,,,,,,,,,,,,
2026-08-14T19:54:19+05:30,2.2,80.67,2.974,19.47,0.05790378,,,,,,,,,,,,
2026-08-14T19:54:20+05:30,2.3,98.82,2.763,18.09,0.04998267,,,,,,,,,,,,
2026-08-14T19:54:21+05:30,0,112.07,2.614,17.11,0.04472554,,,,,,,,,,,,
2026-08-14T19:54:22+05:30,0,100.54,7.321,47.92,0.35082232,,,,,,,,,,,,
2026-08-14T19:54:23+05:30,0,108.46,13.161,86.15,1.13382015,,,,,,,,,,,,
2026-08-14T19:54:24+05:30,0,108.10,13.380,87.58,1.1718204,,,,,,,,,,,,
2026-08-14T19:54:25+05:30,0.1,108.96,7.388,48.36,0.35728368,,,,,,,,,,,,
2026-08-14T19:54:26+05:30,0.6,93.77,7.456,48.81,0.36392736,,,,,,,,,,,,
2026-08-14T19:54:27+05:30,4.6,78.22,5.268,34.48,0.18164064,,,,,,,,,,,,
2026-08-14T19:54:28+05:30,1.1,73.02,4.561,29.86,0.13619146,,,,,,,,,,,,
2026-08-14T19:54:29+05:30,4.2,99.23,4.123,26.99,0.11127977,,,,,,,,,,,,
2026-08-14T19:54:30+05:30,0,105.90,3.635,23.79,0.08647665,,,,,,,,,,,,
2026-08-14T19:54:31+05:30,1.7,93.09,3.349,21.92,0.07341008,,,,,,,,,,,,
2026-08-14T19:54:32+05:30,0,93.92,3.132,20.50,0.064206,,,,,,,,,,,,
2026-08-14T19:54:33+05:30,0,106.82,2.910,19.05,0.0554355,,,,,,,,,,,,
2026-08-14T19:54:34+05:30,5.1,111.48,5.554,36.36,0.20194344,,,,,,,,,,,,
2026-08-14T19:54:35+05:30,2,121.71,14.642,95.85,1.4034357,,,,,,,,,,,,
2026-08-14T19:54:36+05:30,10,90.89,16.662,109.07,1.81732434,,,,,,,,,,,,
2026-08-14T19:54:37+05:30,0,65.19,12.050,78.88,0.950504,,,,,,,,,,,,
2026-08-14T19:54:38+05:30,1.7,90.19,7.018,45.94,0.32240692,,,,,,,,,,,,
2026-08-14T19:54:39+05:30,0,96.03,5.200,34.04,0.177008,,,,,,,,,,,,
2026-08-14T19:54:40+05:30,2.5,100.85,4.729,30.96,0.14640984,,,,,,,,,,,,
2026-08-14T19:54:41+05:30,0,88.05,5.571,36.47,0.20317437,,,,,,,,,,,,
2026-08-14T19:54:42+05:30,1.4,100.34,4.780,31.29,0.1495662,,,,,,,,,,,,
2026-08-14T19:54:43+05:30,2.6,117.09,4.174,27.32,0.11403368,,,,,,,,,,,,
2026-08-14T19:54:44+05:30,0.2,125.39,3.804,24.90,0.0947196,,,,,,,,,,,,
2026-08-14T19:54:45+05:30,3.9,102.69,3.484,22.81,0.07947004,,,,,,,,,,,,
2026-08-14T19:54:46+05:30,4.2,84.93,1.925,12.60,0.024255,,,,,,,,,,,,
2026-08-14T19:54:47+05:30,0,76.24,2.945,19.28,0.0567796,,,,,,,,,,,,
2026-08-14T19:54:48+05:30,0,80.93,2.745,17.97,0.04932765,,,,,,,,,,,,
2026-08-14T19:54:49+05:30,3.1,89.69,2.567,16.80,0.0431256,,,,,,,,,,,,
2026-08-14T19:54:50+05:30,0,102.07,8.465,55.41,0.46904565,,,,,,,,,,,,
2026-08-14T19:54:51+05:30,3,97.48,11.848,77.56,0.91893088,,,,,,,,,,,,
2026-08-14T19:54:52+05:30,2.3,96.00,6.867,44.95,0.30867165,,,,,,,,,,,,
2026-08-14T19:54:53+05:30,0.4,114.75,5.672,37.13,0.21060136,,,,,,,,,,,,
2026-08-14T19:54:54+05:30,0,122.20,4.578,29.97,0.13720266,,,,,,,,,,,,
2026-08-14T19:54:55+05:30,3.8,103.14,5.116,33.49,0.17133484,,,,,,,,,,,,
2026-08-14T19:54:56+05:30,0,90.42,6.614,43.29,0.28632006,,,,,,,,,,,,
2026-08-14T19:54:57+05:30,0,96.74,4.948,32.39,0.16026572,,,,,,,,,,,,
2026-08-14T19:54:58+05:30,0,92.97,4.258,27.87,0.11867046,,,,,,,,,,,,
2026-08-14T19:54:59+05:30,6.1,79.27,3.888,25.45,0.0989496,,,,,,,,,,,,
2026-08-14T19:55:00+05:30,0.3,66.27,7.422,48.58,0.36056076,,,,,,,,,,,,
2026-08-14T19:55:01+05:30,5.1,86.61,3.398,22.24,0.07557152,,,,,,,,,,,,
2026-08-14T19:55:02+05:30,2.6,121.67,7.523,49.24,0.37043252,,,,,,,,,,,,
2026-08-14T19:55:03+05:30,3.3,114.80,4.191,27.43,0.11495913,,,,,,,,,,,,
2026-08-14T19:55:04+05:30,0,97.60,3.989,26.11,0.10415279,,,,,,,,,,,,
2026-08-14T19:55:05+05:30,0.4,111.80,2.028,13.28,0.02693184,,,,,,,,,,,,
2026-08-14T19:55:06+05:30,0.4,109.28,2.577,16.87,0.04347399,,,,,,,,,,,,
2026-08-14T19:55:07+05:30,0,101.49,3.921,25.67,0.10065207,,,,,,,,,,,,
2026-08-14T19:55:08+05:30,2.1,90.53,4.864,31.84,0.15486976,,,,,,,,,,,,
2026-08-14T19:55:09+05:30,0,89.81,7.321,47.92,0.35082232,,,,,,,,,,,,
2026-08-14T19:55:10+05:30,0,93.84,7.792,51.01,0.39746992,,,,,,,,,,,,
2026-08-14T19:55:11+05:30,0,84.72,8.785,57.51,0.50522535,,,,,,,,,,,,
2026-08-14T19:55:12+05:30,0,80.81,5.335,34.92,0.1862982,,,,,,,,,,,,
2026-08-14T19:55:13+05:30,3.7,78.77,5.335,34.92,0.1862982,,,,,,,,,,,,
2026-08-14T19:55:14+05:30,7.7,109.21,6.968,45.61,0.31781048,,,,,,,,,,,,
2026-08-14T19:55:15+05:30,0,118.19,9.593,62.79,0.60234447,,,,,,,,,,,,
2026-08-14T19:55:16+05:30,3,109.17,7.456,48.81,0.36392736,,,,,,,,,,,,
2026-08-14T19:55:17+05:30,0,112.78,4.443,29.08,0.12920244,,,,,,,,,,,,
2026-08-14T19:55:18+05:30,3.2,107.66,4.376,28.64,0.12532864,,,,,,,,,,,,
2026-08-14T19:55:19+05:30,0.9,89.22,2.092,13.69,0.02863948,,,,,,,,,,,,
2026-08-14T19:55:20+05:30,0,82.59,2.933,19.20,0.0563136,,,,,,,,,,,,
2026-08-14T19:55:21+05:30,0,86.31,3.770,24.68,0.0930436,,,,,,,,,,,,
2026-08-14T19:55:22+05:30,0,93.64,7.085,46.38,0.3286023,,,,,,,,,,,,
2026-08-14T19:55:23+05:30,0,106.99,3.070,20.10,0.061707,,,,,,,,,,,,
2026-08-14T19:55:24+05:30,3.8,94.67,2.858,18.71,0.05347318,,,,,,,,,,,,
2026-08-14T19:55:25+05:30,0.3,85.32,4.628,30.29,0.14018212,,,,,,,,,,,,
2026-08-14T19:55:26+05:30,5.4,109.20,3.282,21.48,0.07049736,,,,,,,,,,,,
2026-08-14T19:55:27+05:30,0,114.10,3.366,22.03,0.07415298,,,,,,,,,,,,
2026-08-14T19:55:28+05:30,5.1,100.63,3.585,23.47,0.08413995,,,,,,,,,,,,
2026-08-14T19:55:29+05:30,0,89.14,4.426,28.97,0.12822122,,,,,,,,,,,,
2026-08-14T19:55:30+05:30,0,91.08,3.787,24.79,0.09387973,,,,,,,,,,,,
2026-08-14T19:55:31+05:30,0,87.44,3.921,25.67,0.10065207,,,,,,,,,,,,
2026-08-14T19:55:32+05:30,1,85.67,4.258,27.87,0.11867046,,,,,,,,,,,,
2026-08-14T19:55:33+05:30,2.7,103.07,12.718,83.25,1.0587735,,,,,,,,,,,,
2026-08-14T19:55:34+05:30,0,115.97,9.458,61.91,0.58554478,,,,,,,,,,,,
2026-08-14T19:55:35+05:30,3,106.14,16.376,107.20,1.7555072,,,,,,,,,,,,
2026-08-14T19:55:36+05:30,0,95.99,16.376,107.20,1.7555072,,,,,,,,,,,,
2026-08-14T19:55:37+05:30,1.6,106.95,18.732,122.62,2.29691784,,,,,,,,,,,,
2026-08-14T19:55:38+05:30,0.5,101.64,10.384,67.97,0.70580048,,,,,,,,,,,,
2026-08-14T19:55:39+05:30,0,95.62,3.299,21.59,0.07122541,,,,,,,,,,,,
2026-08-14T19:55:40+05:30,4.7,79.02,5.116,33.49,0.17133484,,,,,,,,,,,,
2026-08-14T19:55:41+05:30,4,76.26,4.578,29.97,0.13720266,,,,,,,,,,,,
2026-08-14T19:55:42+05:30,0,100.45,2.666,17.45,0.0465217,,,,,,,,,,,,
2026-08-14T19:55:43+05:30,0,95.87,2.730,17.87,0.0487851,,,,,,,,,,,,
2026-08-14T19:55:44+05:30,0,103.38,1.394,9.12,0.01271328,,,,,,,,,,,,
2026-08-14T19:55:45+05:30,0,100.74,1.409,9.22,0.01299098,,,,,,,,,,,,
2026-08-14T19:55:46+05:30,3.3,109.66,0.890,5.83,0.0051887,,,,,,,,,,,,
2026-08-14T19:55:47+05:30,3,109.17,3.753,24.57,0.09221121,,,,,,,,,,,,
2026-08-14T19:55:48+05:30,0.1,99.25,3.517,23.02,0.08096134,,,,,,,,,,,,
2026-08-14T19:55:49+05:30,2,108.88,6.480,42.42,0.2748816,,,,,,,,,,,,
2026-08-14T19:55:50+05:30,2.9,81.23,6.648,43.52,0.28932096,,,,,,,,,,,,
2026-08-14T19:55:51+05:30,0,83.59,11.428,74.81,0.85492868,,,,,,,,,,,,
2026-08-14T19:55:52+05:30,5.2,102.35,3.905,25.56,0.0998118,,,,,,,,,,,,
2026-08-14T19:55:53+05:30,5.2,96.81,3.517,23.02,0.08096134,,,,,,,,,,,,
2026-08-14T19:55:54+05:30,0,79.36,3.585,23.47,0.08413995,,,,,,,,,,,,
2026-08-14T19:55:55+05:30,5.8,109.01,4.729,30.96,0.14640984,,,,,,,,,,,,
2026-08-14T19:55:56+05:30,3.9,105.03,7.085,46.38,0.3286023,,,,,,,,,,,,
2026-08-14T19:55:57+05:30,0,99.53,8.836,57.84,0.51107424,,,,,,,,,,,,
2026-08-14T19:55:58+05:30,0,100.11,8.398,54.97,0.46163806,,,,,,,,,,,,
2026-08-14T19:55:59+05:30,0.2,96.25,9.156,59.93,0.54871908,,,,,,,,,,,,
2026-08-14T19:56:00+05:30,0,93.86,11.831,77.44,0.91619264,,,,,,,,,,,,
2026-08-14T19:56:01+05:30,0,105.12,16.662,109.07,1.81732434,,,,,,,,,,,,
2026-08-14T19:56:02+05:30,1.5,97.88,9.930,65.00,0.64545,,,,,,,,,,,,
2026-08-14T19:56:03+05:30,0,95.24,9.004,58.94,0.53069576,,,,,,,,,,,,
2026-08-14T19:56:04+05:30,0,98.40,7.557,49.47,0.37384479,,,,,,,,,,,,
2026-08-14T19:56:05+05:30,0,91.85,13.952,91.33,1.27423616,,,,,,,,,,,,
2026-08-14T19:56:06+05:30,0,96.48,19.674,128.78,2.53361772,,,,,,,,,,,,
2026-08-14T19:56:07+05:30,0,95.96,9.745,63.79,0.62163355,,,,,,,,,,,,
2026-08-14T19:56:08+05:30,0,95.26,15.097,98.82,1.49188554,,,,,,,,,,,,
2026-08-14T19:56:09+05:30,0,92.27,16.308,106.75,1.740879,,,,,,,,,,,,
2026-08-14T19:56:10+05:30,3.6,111.13,5.251,34.37,0.18047687,,,,,,,,,,,,
2026-08-14T19:56:11+05:30,2.5,109.07,7.893,51.67,0.40783131,,,,,,,,,,,,
2026-08-14T19:56:12+05:30,0,92.64,5.503,36.02,0.19821806,,,,,,,,,,,,
2026-08-14T19:56:13+05:30,0,93.19,7.069,46.27,0.32708263,,,,,,,,,,,,
2026-08-14T19:56:14+05:30,0,98.28,6.951,45.50,0.3162705,,,,,,,,,,,,
2026-08-14T19:56:15+05:30,0,93.20,7.792,51.01,0.39746992,,,,,,,,,,,,
2026-08-14T19:56:16+05:30,0,94.11,7.001,45.83,0.32085583,,,,,,,,,,,,
2026-08-14T19:56:17+05:30,0,98.92,18.850,123.39,2.3259015,,,,,,,,,,,,
2026-08-14T19:56:18+05:30,0,98.04,16.493,107.96,1.78058428,,,,,,,,,,,,
2026-08-14T19:56:19+05:30,0,99.93,4.258,27.87,0.11867046,,,,,,,,,,,,
2026-08-14T19:56:20+05:30,0.4,98.37,5.335,34.92,0.1862982,,,,,,,,,,,,
2026-08-14T19:56:21+05:30,0,100.60,5.167,33.82,0.17474794,,,,,,,,,,,,
2026-08-14T19:56:22+05:30,0.2,94.67,6.867,44.95,0.30867165,,,,,,,,,,,,
2026-08-14T19:56:23+05:30,1.1,113.71,9.761,63.89,0.62363029,,,,,,,,,,,,
2026-08-14T19:56:24+05:30,6.9,101.66,6.614,43.29,0.28632006,,,,,,,,,,,,
2026-08-14T19:56:25+05:30,0.1,85.80,4.561,29.86,0.13619146,,,,,,,,,,,,
2026-08-14T19:56:26+05:30,3.1,83.95,3.299,21.59,0.07122541,,,,,,,,,,,,
2026-08-14T19:56:27+05:30,0,97.75,3.484,22.81,0.07947004,,,,,,,,,,,,
2026-08-14T19:56:28+05:30,0,102.21,4.460,29.19,0.1301874,,,,,,,,,,,,
2026-08-14T19:56:29+05:30,0.9,91.65,3.921,25.67,0.10065207,,,,,,,,,,,,
2026-08-14T19:56:30+05:30,3.9,92.71,4.645,30.41,0.14125445,,,,,,,,,,,,
2026-08-14T19:56:31+05:30,0,110.63,5.335,34.92,0.1862982,,,,,,,,,,,,
2026-08-14T19:56:32+05:30,0,114.71,6.715,43.96,0.2951914,,,,,,,,,,,,
2026-08-14T19:56:33+05:30,3.5,104.40,11.848,77.56,0.91893088,,,,,,,,,,,,
2026-08-14T19:56:34+05:30,0,86.79,3.618,23.68,0.08567424,,,,,,,,,,,,
2026-08-14T19:56:35+05:30,0.1,93.34,4.224,27.65,0.1167936,,,,,,,,,,,,
2026-08-14T19:56:36+05:30,0,99.45,2.663,17.43,0.04641609,,,,,,,,,,,,
2026-08-14T19:56:37+05:30,0,88.99,1.925,12.60,0.024255,,,,,,,,,,,,
2026-08-14T19:56:38+05:30,0,94.86,1.915,12.54,0.0240141,,,,,,,,,,,,
2026-08-14T19:56:39+05:30,0,100.81,1.400,9.16,0.012824,,,,,,,,,,,,
2026-08-14T19:56:40+05:30,0,94.90,2.890,18.92,0.0546788,,,,,,,,,,,,
2026-08-14T19:56:41+05:30,0,93.52,4.662,30.52,0.14228424,,,,,,,,,,,,
2026-08-14T19:56:42+05:30,3.2,102.47,4.931,32.28,0.15917268,,,,,,,,,,,,
2026-08-14T19:56:43+05:30,0,103.71,4.107,26.88,0.11039616,,,,,,,,,,,,
2026-08-14T19:56:44+05:30,0,95.48,7.893,51.67,0.40783131,,,,,,,,,,,,
2026-08-14T19:56:45+05:30,0,98.85,5.537,36.24,0.20066088,,,,,,,,,,,,
2026-08-14T19:56:46+05:30,0,107.74,6.648,43.52,0.28932096,,,,,,,,,,,,
2026-08-14T19:56:47+05:30,0,99.94,4.123,26.99,0.11127977,,,,,,,,,,,,
2026-08-14T19:56:48+05:30,0,99.73,8.381,54.86,0.45978166,,,,,,,,,,,,
2026-08-14T19:56:49+05:30,3.2,93.27,8.348,54.65,0.4562182,,,,,,,,,,,,
2026-08-14T19:56:50+05:30,0,90.62,3.804,24.90,0.0947196,,,,,,,,,,,,
2026-08-14T19:56:51+05:30,0,88.88,1.917,12.55,0.02405835,,,,,,,,,,,,
2026-08-14T19:56:52+05:30,0,86.66,1.394,9.12,0.01271328,,,,,,,,,,,,
2026-08-14T19:56:53+05:30,2.4,100.80,1.947,12.74,0.02480478,,,,,,,,,,,,
2026-08-14T19:56:54+05:30,0,108.58,1.313,8.59,0.01127867,,,,,,,,,,,,
2026-08-14T19:56:55+05:30,0,105.56,2.588,16.94,0.04384072,,,,,,,,,,,,
2026-08-14T19:56:56+05:30,0,108.85,2.137,13.99,0.02989663,,,,,,,,,,,,
2026-08-14T19:56:57+05:30,0,103.75,1.946,12.74,0.02479204,,,,,,,,,,,,
2026-08-14T19:56:58+05:30,0,101.57,1.949,12.76,0.02486924,,,,,,,,,,,,
2026-08-14T19:56:59+05:30,2.5,90.11,1.466,9.60,0.0140736,,,,,,,,,,,,
2026-08-14T19:57:00+05:30,0,78.68,2.730,17.87,0.0487851,,,,,,,,,,,,
2026-08-14T19:57:01+05:30,0.3,79.04,3.299,21.59,0.07122541,,,,,,,,,,,,
2026-08-14T19:57:02+05:30,3.5,94.97,2.010,13.16,0.0264516,,,,,,,,,,,,
2026-08-14T19:57:03+05:30,1.7,110.10,0.852,5.58,0.00475416,,,,,,,,,,,,
2026-08-14T19:57:04+05:30,1.4,110.77,1.155,7.56,0.0087318,,,,,,,,,,,,
2026-08-14T19:57:05+05:30,0,108.98,0.779,5.10,0.0039729,,,,,,,,,,,,
2026-08-14T19:57:06+05:30,0.4,105.06,0.904,5.92,0.00535168,,,,,,,,,,,,
2026-08-14T19:57:07+05:30,0,100.04,0.990,6.48,0.0064152,,,,,,,,,,,,
2026-08-14T19:57:08+05:30,0,96.14,0.737,4.82,0.00355234,,,,,,,,,,,,
2026-08-14T19:57:09+05:30,0,99.60,2.859,18.71,0.05349189,,,,,,,,,,,,
2026-08-14T19:57:10+05:30,0,93.37,3.703,24.24,0.08976072,,,,,,,,,,,,
2026-08-14T19:57:11+05:30,0,87.27,3.036,19.87,0.06032532,,,,,,,,,,,,
2026-08-14T19:57:12+05:30,0,86.25,2.886,18.89,0.05451654,,,,,,,,,,,,
2026-08-14T19:57:13+05:30,0,88.95,6.698,43.84,0.29364032,,,,,,,,,,,,
2026-08-14T19:57:14+05:30,0,86.18,2.688,17.60,0.0473088,,,,,,,,,,,,
2026-08-14T19:57:15+05:30,0.4,100.67,3.450,22.58,0.077901,,,,,,,,,,,,
2026-08-14T19:57:16+05:30,4.3,114.68,2.250,14.73,0.0331425,,,,,,,,,,,,
2026-08-14T19:57:17+05:30,0.3,115.82,1.500,9.82,0.01473,,,,,,,,,,,,
2026-08-14T19:57:18+05:30,0,109.96,2.794,18.29,0.05110226,,,,,,,,,,,,
2026-08-14T19:57:19+05:30,0.5,101.71,3.450,22.58,0.077901,,,,,,,,,,,,
2026-08-14T19:57:20+05:30,0,99.84,5.655,37.02,0.2093481,,,,,,,,,,,,
2026-08-14T19:57:21+05:30,4,93.70,4.140,27.10,0.112194,,,,,,,,,,,,
2026-08-14T19:57:22+05:30,0,82.11,4.965,32.50,0.1613625,,,,,,,,,,,,
2026-08-14T19:57:23+05:30,0,89.68,6.379,41.76,0.26638704,,,,,,,,,,,,
2026-08-14T19:57:24+05:30,0,96.90,2.407,15.76,0.03793432,,,,,,,,,,,,
2026-08-14T19:57:25+05:30,0,93.51,1.264,8.27,0.01045328,,,,,,,,,,,,
2026-08-14T19:57:26+05:30,0,98.36,2.945,19.28,0.0567796,,,,,,,,,,,,
2026-08-14T19:57:27+05:30,0,92.64,2.609,17.08,0.04456172,,,,,,,,,,,,
2026-08-14T19:57:28+05:30,1.3,96.31,3.416,22.36,0.07638176,,,,,,,,,,,,
2026-08-14T19:57:29+05:30,0,101.34,3.635,23.79,0.08647665,,,,,,,,,,,,
2026-08-14T19:57:30+05:30,0,100.26,3.299,21.59,0.07122541,,,,,,,,,,,,
2026-08-14T19:57:31+05:30,0,120.01,4.006,26.22,0.10503732,,,,,,,,,,,,
2026-08-14T19:57:32+05:30,4.4,109.12,5.150,33.71,0.1736065,,,,,,,,,,,,
2026-08-14T19:57:33+05:30,0,95.09,4.409,28.86,0.12724374,,,,,,,,,,,,
2026-08-14T19:57:34+05:30,4.4,94.25,5.402,35.36,0.19101472,,,,,,,,,,,,
2026-08-14T19:57:35+05:30,0.8,102.87,2.311,15.13,0.03496543,,,,,,,,,,,,
2026-08-14T19:57:36+05:30,3.7,81.00,3.585,23.47,0.08413995,,,,,,,,,,,,
2026-08-14T19:57:37+05:30,0.2,79.62,2.770,18.13,0.0502201,,,,,,,,,,,,
2026-08-14T19:57:38+05:30,6.3,93.54,3.787,24.79,0.09387973,,,,,,,,,,,,
2026-08-14T19:57:39+05:30,0,105.89,1.356,8.88,0.01204128,,,,,,,,,,,,
2026-08-14T19:57:40+05:30,0,103.54,3.450,22.58,0.077901,,,,,,,,,,,,
2026-08-14T19:57:41+05:30,1.4,100.44,5.268,34.48,0.18164064,,,,,,,,,,,,
2026-08-14T19:57:42+05:30,0,97.68,1.917,12.55,0.02405835,,,,,,,,,,,,
2026-08-14T19:57:43+05:30,7.3,110.45,2.151,14.08,0.03028608,,,,,,,,,,,,
2026-08-14T19:57:44+05:30,6.5,108.02,1.961,12.84,0.02517924,,,,,,,,,,,,
2026-08-14T19:57:45+05:30,0,90.53,2.250,14.73,0.0331425,,,,,,,,,,,,
2026-08-14T19:57:46+05:30,0,86.83,1.355,8.87,0.01201885,,,,,,,,,,,,
2026-08-14T19:57:47+05:30,0,100.76,4.258,27.87,0.11867046,,,,,,,,,,,,
2026-08-14T19:57:48+05:30,1.3,102.20,3.787,24.79,0.09387973,,,,,,,,,,,,
2026-08-14T19:57:49+05:30,2.6,98.21,4.460,29.19,0.1301874,,,,,,,,,,,,
2026-08-14T19:57:50+05:30,0,81.19,3.095,20.26,0.0627047,,,,,,,,,,,,
2026-08-14T19:57:51+05:30,3.3,100.00,1.082,7.08,0.00766056,,,,,,,,,,,,
2026-08-14T19:57:52+05:30,2.4,98.58,2.045,13.39,0.02738255,,,,,,,,,,,,
2026-08-14T19:57:53+05:30,1.4,96.67,6.379,41.76,0.26638704,,,,,,,,,,,,
2026-08-14T19:57:54+05:30,0,104.08,5.672,37.13,0.21060136,,,,,,,,,,,,
2026-08-14T19:57:55+05:30,0,107.34,4.393,28.76,0.12634268,,,,,,,,,,,,
2026-08-14T19:57:56+05:30,0,95.94,7.069,46.27,0.32708263,,,,,,,,,,,,
2026-08-14T19:57:57+05:30,0,120.60,6.749,44.18,0.29817082,,,,,,,,,,,,
2026-08-14T19:57:58+05:30,8.1,90.58,7.119,46.60,0.3317454,,,,,,,,,,,,
2026-08-14T19:57:59+05:30,0,73.43,4.982,32.61,0.16246302,,,,,,,,,,,,
2026-08-14T19:58:00+05:30,4.7,92.88,4.191,27.43,0.11495913,,,,,,,,,,,,
2026-08-14T19:58:01+05:30,0,111.40,2.644,17.31,0.04576764,,,,,,,,,,,,
2026-08-14T19:58:02+05:30,1.6,98.33,2.092,13.69,0.02863948,,,,,,,,,,,,
2026-08-14T19:58:03+05:30,0,95.40,3.282,21.48,0.07049736,,,,,,,,,,,,
2026-08-14T19:58:04+05:30,0,98.29,0.741,4.85,0.00359385,,,,,,,,,,,,
2026-08-14T19:58:05+05:30,1.3,94.14,0.872,5.71,0.00497912,,,,,,,,,,,,
2026-08-14T19:58:06+05:30,2.7,106.76,2.891,18.92,0.05469772,,,,,,,,,,,,
2026-08-14T19:58:07+05:30,5.2,100.09,3.618,23.68,0.08567424,,,,,,,,,,,,
2026-08-14T19:58:08+05:30,0,87.95,3.787,24.79,0.09387973,,,,,,,,,,,,
2026-08-14T19:58:09+05:30,0,96.38,3.285,21.50,0.0706275,,,,,,,,,,,,
2026-08-14T19:58:10+05:30,0,99.59,15.702,102.78,1.61385156,,,,,,,,,,,,
2026-08-14T19:58:11+05:30,0,100.73,8.465,55.41,0.46904565,,,,,,,,,,,,
2026-08-14T19:58:12+05:30,0.7,104.33,7.153,46.82,0.33490346,,,,,,,,,,,,
2026-08-14T19:58:13+05:30,0,100.91,3.652,23.91,0.08731932,,,,,,,,,,,,
2026-08-14T19:58:14+05:30,0,98.97,4.847,31.73,0.15379531,,,,,,,,,,,,
2026-08-14T19:58:15+05:30,0.2,97.35,5.470,35.81,0.1958807,,,,,,,,,,,,
2026-08-14T19:58:16+05:30,0,103.17,5.285,34.60,0.182861,,,,,,,,,,,,
2026-08-14T19:58:17+05:30,1.5,88.58,2.533,16.58,0.04199714,,,,,,,,,,,,
2026-08-14T19:58:18+05:30,0,85.58,4.123,26.99,0.11127977,,,,,,,,,,,,
2026-08-14T19:58:19+05:30,3,101.67,3.888,25.45,0.0989496,,,,,,,,,,,,
2026-08-14T19:58:20+05:30,2.7,101.15,3.787,24.79,0.09387973,,,,,,,,,,,,
2026-08-14T19:58:21+05:30,0,92.12,3.854,25.23,0.09723642,,,,,,,,,,,,
2026-08-14T19:58:22+05:30,0.2,95.47,4.847,31.73,0.15379531,,,,,,,,,,,,
2026-08-14T19:58:23+05:30,0,101.48,3.450,22.58,0.077901,,,,,,,,,,,,
2026-08-14T19:58:24+05:30,0,104.51,2.449,16.03,0.03925747,,,,,,,,,,,,
2026-08-14T19:58:25+05:30,0,107.48,4.729,30.96,0.14640984,,,,,,,,,,,,
2026-08-14T19:58:26+05:30,0,101.62,1.264,8.27,0.01045328,,,,,,,,,,,,
2026-08-14T19:58:27+05:30,0,100.64,2.388,15.63,0.03732444,,,,,,,,,,,,
2026-08-14T19:58:28+05:30,0.2,95.60,2.348,15.37,0.03608876,,,,,,,,,,,,
2026-08-14T19:58:29+05:30,1.1,98.31,2.688,17.60,0.0473088,,,,,,,,,,,,
2026-08-14T19:58:30+05:30,0,95.03,4.729,30.96,0.14640984,,,,,,,,,,,,
2026-08-14T19:58:31+05:30,0,94.80,4.948,32.39,0.16026572,,,,,,,,,,,,
2026-08-14T19:58:32+05:30,0,89.08,5.907,38.67,0.22842369,,,,,,,,,,,,
2026-08-14T19:58:33+05:30,0,89.12,5.268,34.48,0.18164064,,,,,,,,,,,,
2026-08-14T19:58:34+05:30,2,100.83,9.055,59.27,0.53668985,,,,,,,,,,,,
2026-08-14T19:58:35+05:30,0,103.16,7.119,46.60,0.3317454,,,,,,,,,,,,
2026-08-14T19:58:36+05:30,0,106.56,12.471,81.63,1.01800773,,,,,,,,,,,,
2026-08-14T19:58:37+05:30,0.7,115.48,4.611,30.18,0.13915998,,,,,,,,,,,,
2026-08-14T19:58:38+05:30,8,99.23,6.732,44.07,0.29667924,,,,,,,,,,,,
2026-08-14T19:58:39+05:30,0,79.98,6.379,41.76,0.26638704,,,,,,,,,,,,
2026-08-14T19:58:40+05:30,5.3,91.19,8.062,52.77,0.42543174,,,,,,,,,,,,
2026-08-14T19:58:41+05:30,0,103.98,12.252,80.20,0.9826104,,,,,,,,,,,,
2026-08-14T19:58:42+05:30,0,98.49,13.329,87.25,1.16295525,,,,,,,,,,,,
2026-08-14T19:58:43+05:30,0,83.97,16.140,105.65,1.705191,,,,,,,,,,,,
2026-08-14T19:58:44+05:30,5.9,99.55,7.203,47.15,0.33962145,,,,,,,,,,,,
2026-08-14T19:58:45+05:30,0,116.64,3.551,23.24,0.08252524,,,,,,,,,,,,
2026-08-14T19:58:46+05:30,1.6,107.44,2.979,19.50,0.0580905,,,,,,,,,,,,
2026-08-14T19:58:47+05:30,0.6,91.40,2.588,16.94,0.04384072,,,,,,,,,,,,
2026-08-14T19:58:48+05:30,0,92.95,3.299,21.59,0.07122541,,,,,,,,,,,,
2026-08-14T19:58:49+05:30,0.8,93.90,3.837,25.12,0.09638544,,,,,,,,,,,,
2026-08-14T19:58:50+05:30,0.4,102.86,6.665,43.63,0.29079395,,,,,,,,,,,,
2026-08-14T19:58:51+05:30,0,93.22,4.325,28.31,0.12244075,,,,,,,,,,,,
2026-08-14T19:58:52+05:30,0,87.57,5.537,36.24,0.20066088,,,,,,,,,,,,
2026-08-14T19:58:53+05:30,0,91.84,5.285,34.60,0.182861,,,,,,,,,,,,
2026-08-14T19:58:54+05:30,1.7,103.98,5.907,38.67,0.22842369,,,,,,,,,,,,
2026-08-14T19:58:55+05:30,0,118.95,8.634,56.52,0.48799368,,,,,,,,,,,,
2026-08-14T19:58:56+05:30,3.3,99.10,9.055,59.27,0.53668985,,,,,,,,,,,,
2026-08-14T19:58:57+05:30,0,94.87,2.577,16.87,0.04347399,,,,,,,,,,,,
2026-08-14T19:58:58+05:30,0,95.47,1.961,12.84,0.02517924,,,,,,,,,,,,
2026-08-14T19:58:59+05:30,0,100.20,2.324,15.21,0.03534804,,,,,,,,,,,,
2026-08-14T19:59:00+05:30,0,103.53,4.611,30.18,0.13915998,,,,,,,,,,,,
2026-08-14T19:59:01+05:30,2.9,86.23,7.186,47.04,0.33802944,,,,,,,,,,,,
2026-08-14T19:59:02+05:30,0,90.25,3.719,24.34,0.09052046,,,,,,,,,,,,
2026-08-14T19:59:03+05:30,1.1,95.59,7.792,51.01,0.39746992,,,,,,,,,,,,
2026-08-14T19:59:04+05:30,0,109.88,4.696,30.74,0.14435504,,,,,,,,,,,,
2026-08-14T19:59:05+05:30,0,105.23,2.119,13.87,0.02939053,,,,,,,,,,,,
2026-08-14T19:59:06+05:30,2.3,97.86,2.651,17.35,0.04599485,,,,,,,,,,,,
2026-08-14T19:59:07+05:30,3.4,101.64,5.924,38.78,0.22973272,,,,,,,,,,,,
2026-08-14T19:59:08+05:30,0.1,109.76,5.890,38.56,0.2271184,,,,,,,,,,,,
2026-08-14T19:59:09+05:30,6,85.96,6.429,42.08,0.27053232,,,,,,,,,,,,
2026-08-14T19:59:10+05:30,0,69.70,7.170,46.93,0.3364881,,,,,,,,,,,,
2026-08-14T19:59:11+05:30,5.7,88.18,3.989,26.11,0.10415279,,,,,,,,,,,,
2026-08-14T19:59:12+05:30,2.9,114.15,5.975,39.11,0.23368225,,,,,,,,,,,,
2026-08-14T19:59:13+05:30,3.2,112.95,3.366,22.03,0.07415298,,,,,,,,,,,,
2026-08-14T19:59:14+05:30,0,102.28,3.316,21.71,0.07199036,,,,,,,,,,,,
2026-08-14T19:59:15+05:30,1.8,107.41,5.722,37.46,0.21434612,,,,,,,,,,,,
2026-08-14T19:59:16+05:30,0,109.93,4.241,27.76,0.11773016,,,,,,,,,,,,
2026-08-14T19:59:17+05:30,0,97.03,6.412,41.97,0.26911164,,,,,,,,,,,,
2026-08-14T19:59:18+05:30,2.8,90.96,4.241,27.76,0.11773016,,,,,,,,,,,,
2026-08-14T19:59:19+05:30,0,79.35,10.637,69.63,0.74065431,,,,,,,,,,,,
2026-08-14T19:59:20+05:30,1.1,86.09,4.426,28.97,0.12822122,,,,,,,,,,,,
2026-08-14T19:59:21+05:30,0,98.81,8.062,52.77,0.42543174,,,,,,,,,,,,
2026-08-14T19:59:22+05:30,0,101.46,7.069,46.27,0.32708263,,,,,,,,,,,,
2026-08-14T19:59:23+05:30,0,99.64,8.583,56.18,0.48219294,,,,,,,,,,,,
2026-08-14T19:59:24+05:30,0.4,102.13,5.924,38.78,0.22973272,,,,,,,,,,,,
2026-08-14T19:59:25+05:30,0,111.47,5.890,38.56,0.2271184,,,,,,,,,,,,
2026-08-14T19:59:26+05:30,1.4,105.06,5.520,36.13,0.1994376,,,,,,,,,,,,
2026-08-14T19:59:27+05:30,0,97.74,3.888,25.45,0.0989496,,,,,,,,,,,,
2026-08-14T19:59:28+05:30,0,103.28,3.837,25.12,0.09638544,,,,,,,,,,,,
2026-08-14T19:59:29+05:30,0,95.04,6.648,43.52,0.28932096,,,,,,,,,,,,
2026-08-14T19:59:30+05:30,1.7,86.74,5.907,38.67,0.22842369,,,,,,,,,,,,
2026-08-14T19:59:31+05:30,2.8,85.99,5.318,34.81,0.18511958,,,,,,,,,,,,
2026-08-14T19:59:32+05:30,0,97.00,7.523,49.24,0.37043252,,,,,,,,,,,,
2026-08-14T19:59:33+05:30,0.2,100.29,12.471,81.63,1.01800773,,,,,,,,,,,,
2026-08-14T19:59:34+05:30,0,95.13,7.119,46.60,0.3317454,,,,,,,,,,,,
2026-08-14T19:59:35+05:30,0,102.92,5.015,32.83,0.16464245,,,,,,,,,,,,
2026-08-14T19:59:36+05:30,0,109.51,5.924,38.78,0.22973272,,,,,,,,,,,,
2026-08-14T19:59:37+05:30,0,108.40,3.888,25.45,0.0989496,,,,,,,,,,,,
2026-08-14T19:59:38+05:30,0,102.26,2.208,14.45,0.0319056,,,,,,,,,,,,
2026-08-14T19:59:39+05:30,0,99.97,3.837,25.12,0.09638544,,,,,,,,,,,,
2026-08-14T19:59:40+05:30,0,89.25,7.725,50.57,0.39065325,,,,,,,,,,,,
2026-08-14T19:59:41+05:30,0,88.50,7.254,47.48,0.34441992,,,,,,,,,,,,
2026-08-14T19:59:42+05:30,2.5,93.55,7.792,51.01,0.39746992,,,,,,,,,,,,
2026-08-14T19:59:43+05:30,0,105.22,19.455,127.35,2.47759425,,,,,,,,,,,,
2026-08-14T19:59:44+05:30,0,97.19,12.757,83.51,1.06533707,,,,,,,,,,,,
2026-08-14T19:59:45+05:30,0,93.07,14.356,93.97,1.34903332,,,,,,,,,,,,
2026-08-14T19:59:46+05:30,0,93.40,21.408,140.13,2.99990304,,,,,,,,,,,,
2026-08-14T19:59:47+05:30,5.1,116.13,13.296,87.03,1.15715088,,,,,,,,,,,,
2026-08-14T19:59:48+05:30,4.1,105.72,6.227,40.76,0.25381252,,,,,,,,,,,,
2026-08-14T19:59:49+05:30,2.7,95.97,11.360,74.36,0.8447296,,,,,,,,,,,,
2026-08-14T19:59:50+05:30,0,87.84,7.372,48.26,0.35577272,,,,,,,,,,,,
2026-08-14T19:59:51+05:30,0,102.89,7.405,48.47,0.35892035,,,,,,,,,,,,
2026-08-14T19:59:52+05:30,0,101.35,13.851,90.67,1.25587017,,,,,,,,,,,,
2026-08-14T19:59:53+05:30,0,90.27,12.858,84.17,1.08225786,,,,,,,,,,,,
2026-08-14T19:59:54+05:30,0,94.45,9.223,60.37,0.55679251,,,,,,,,,,,,
2026-08-14T19:59:55+05:30,0,105.03,7.843,51.34,0.40265962,,,,,,,,,,,,
2026-08-14T19:59:56+05:30,0,105.56,5.773,37.79,0.21816167,,,,,,,,,,,,
2026-08-14T19:59:57+05:30,0.8,95.83,4.729,30.96,0.14640984,,,,,,,,,,,,
2026-08-14T19:59:58+05:30,0.3,86.32,4.696,30.74,0.14435504,,,,,,,,,,,,
2026-08-14T19:59:59+05:30,1.2,100.56,3.501,22.92,0.08024292,,,,,,,,,,,,